OPIS Truckstop ID,Truckstop Name,Address,City,State,Rack ID,Retail Price,Latitude,Longitude
7,WOODSHED OF BIG CABIN,"I-44, EXIT 283 & US-69",Big Cabin,OK,307,3.00733333,36.565892,-95.221168
9,KWIK TRIP #796,"I-94, EXIT 143 & US-12 & SR-21",Tomah,WI,420,3.28733333,44.028178123696,-90.382717925185
20,PILOT #1243,"I-8, EXIT 119 & SR-85",Gila Bend,AZ,930,3.899,32.947407184062,-112.716049107422
28,LITTLEFIELD EXPRESS #2,"I-540, EXIT 12 & US-71",Fort Smith,AR,645,3.399,35.395849819945,-94.410287008812
35,ACI TRUCK STOP,US-46,Columbia,NJ,90,3.079,40.919733261283,-75.086331257765
36,SHENANDOAH TRUCK CENTER,"I-81, EXIT 273 & SR-703/SR-292",Mount Jackson,VA,60,2.899,38.761261,-78.629339
44,CIRCLE K #2612042,"I-35,  EXIT 271",Jarrell,TX,595,2.919,30.769513805231,-97.628371312231
46,PETRO STOPPING CENTER #348,"I-85,  EXIT 22 & CR-138",Shorter,AL,720,3.154,32.407850996781,-85.959445026684
49,TA SEYMOUR TRAVEL CENTER,"I-65, EXIT 50 & US-50 & US-31",Seymour,IN,415,3.959,38.959124013297,-85.834702023228
50,TA COUNCIL BLUFFS TRAVEL CENTER,"I-29 & I-80, EXIT 3",Council Bluffs,IA,319,3.72566666,41.232721410334,-95.897551037323
56,TOPS TRUCK STOP,"I-94, EXIT 182 & US-83",Sterling,ND,390,3.51566666,46.836454176446,-100.283861166515
75,Good 2 Go #709,US-50,Montrose,CO,810,3.424,38.438059006298,-107.587902452338
77,OASIS TRAVEL PLAZA,US-13,Laurel,DE,243,3.229,38.560831,-75.556267
79,DELAWARE TRUCK PLAZA,US-13 & US-40,New Castle                              ,DE,243,3.249,39.654890708465,-75.616380104616
81,One9 #89,"I-75, EXIT 224",Ellenton,FL,225,3.439,27.534687202611,-82.510482441961
85,DOWNIEVILLE FUEL STOP,"I-70, EXIT 234",Dumont,CO,800,3.459,39.765767159599,-105.617168991304
91,MOLLYS FOOD & FUEL,"I-20 & ST 22, EXIT 55",Crawfordville                           ,GA,135,3.499,33.554232,-82.896255
105,TA SAGINAW I 75 TRAVEL CENTER,"I-75, EXIT 144-B",Bridgeport,MI,260,3.299,43.350948203984,-83.864454000194
118,Lupton Truck Stop #567,"I-40, EXIT 359",Lupton,AZ,580,3.299,35.356388497449,-109.052944467215
121,PETRO STOPPING CENTER #306,"I-10, EXIT 200",Eloy,AZ,930,3.474,32.812444,-111.670406
127,CIRCLE K #4700095,US-41,Henderson,KY,340,3.609,37.883646,-87.563761
128,THE EFFINGHAM CHROME SHOP,"I-57 & I-70, EXIT 159",Effingham                               ,IL,510,3.549,39.100056788465,-88.575050182908
135,LOVES TRAVEL STOP #766,"I-80, EXIT 27",Atkinson,IL,290,3.449,41.408273486822,-90.012826394202
147,SPEEDWAY #8039,"I-69, EXIT 234 & SR-67",Daleville,IN,375,3.624,40.121356067304,-85.568961410583
149,RAYS TRUCK WASH,"I-69, EXIT 309 & US-30",Fort Wayne                              ,IN,370,3.59233333,41.1174127,-85.1865
151,CUBBYS #2101,"I-80, EXIT 211 & SR-47",Gothenburg,NE,475,3.13233333,40.912755164787,-100.167081812087
159,PILOT TRAVEL CENTERS #87,"I-10, EXIT 343",Jacksonville,FL,75,3.859,30.412991,-81.570958
160,PILOT TRAVEL CENTERS #79,"I-12, EXIT 10 AT MILE 10",Denham Springs                          ,LA,600,3.23233333,30.456161421052,-90.952441211538
164,FLYING J TRAVEL PLAZA #650,"I-94, EXIT 15 B",Lake Station                            ,IN,365,3.809,41.5864412,-87.2391279
167,FLYING J TRAVEL PLAZA #653,RT 2 & I-65 EXIT 240,Hebron,IN,365,3.43566666,41.28942381185,-87.301166191372
174,Hop-In Food Stores,US-59 & SR-224,Nacogdoches                             ,TX,618,2.859,31.608026997004,-94.685495986922
184,SAPP BROS TRAVEL CENTER,"I-29 & I-80, EXIT 1B",Council Bluffs,IA,486,3.719,41.232721410334,-95.897551037323
186,COFFEE CUP FUEL STOP #5,"I-90, EXIT 154 & US-16",Moorcroft                               ,WY,822,3.239,44.265932716379,-104.940737801811
187,DUDLEYS CORNER,"I-35, EXIT 165 & SR-3",Latimer,IA,433,3.23233333,42.745527989578,-93.399898034241
191,KUM & GO #0302,"I-35, EXIT 193 & SR 106",Clear Lake,IA,433,3.18566666,43.130465171389,-93.355861737492
192,Brew Stuart Truckstop,"I-80, EXIT 93",Stuart                                  ,IA,320,3.099,41.492309864099,-94.320323154579
195,PETRO STOPPING CENTER #311,"I-40 & I-55, EXIT 280",West Memphis,AR,435,3.36733333,35.170703183473,-90.190279972828
198,SINCLAIR,"I-76, EXIT 115",Atwood,CO,800,3.299,40.503319076726,-103.258734647369
199,PETRO STOPPING CENTER #366,"I-70, EXIT 252",Salina,KS,523,3.80566666,38.8803098,-97.6146436
203,PILOT TRAVEL CENTERS #31,"I-80/94, EXIT 2",Highland,IN,365,3.799,41.567403,-87.472829
207,MARATHON,SR-32,Sardinia                                ,OH,300,3.56566666,38.96877,-83.726408
216,CIRCLE K #2721593,"I-10, EXIT 50",Ocean Springs,MS,715,3.41566666,30.454506577478,-88.83991133719
217,NORTH 9TH 24/7,"I-70, EXIT 252",Salina,KS,523,3.02566666,38.875998786565,-97.615680180969
231,DERBY CITYS TRUCK PLAZA,"I-75, EXIT 62 & US-25",Mount Vernon,KY,410,2.999,37.376019243643,-84.326647248195
235,PILOT TRAVEL CENTER #92,"I-75, EXIT 358",Ocala,FL,225,3.41233333,29.024561,-82.159121
240,LA 1 SOUTH TRUCKSTOP,"I-10, EXIT 153 & SR-1",Port Allen,LA,600,3.039,30.45274580365,-91.210526032861
243,SAVE,US-41 & SR-10,Lake Village,IN,399,3.179,41.144319808771,-87.391826390899
244,BIG D TRUCK TRAVEL PLAZA,"I-10, EXIT 92 & SR-95",Duson,LA,725,2.98233333,30.245246750078,-92.193143983797
248,Mardi Gras Truck Stop,"I-10, EXIT 236",New Orleans,LA,725,3.729,29.982686,-90.057508
250,GOLDEN OX TRUCK STOP,"I-70/US-40, EXIT 159 & US-183",Hays,KS,523,3.499,38.89924148226,-99.320151556506
253,LOVES TRAVEL STOP #450,"I-40, EXIT 280 & I-55, EXIT 4",West Memphis,AR,435,3.32566666,35.156687555443,-90.134185262575
256,BFS FOODS #66,"I-68/US-40, EXIT 22 & US-219",Grantsville                             ,MD,165,3.899,39.687301090614,-79.095222870648
257,PILOT TRAVEL CENTER #917- TOWN PUMP,I-15 & 31ST STREET EXIT 277,Great Falls                             ,MT,815,3.63566666,47.472214995638,-111.360865967051
263,CASEYS #3956,I-94 EXIT 16,Bridgman,MI,465,3.559,41.931163779087,-86.573065556249
267,CORNER MARKET #117,SR-154 & SR-129,Dodge City,KS,357,3.399,37.740229913031,-100.032919022564
269,PILOT TRAVEL CENTERS #24,"I-75, EXIT 15",Monroe                                  ,MI,325,3.559,41.9638737,-83.3537938
278,CARLISLE PLAZA,US-41,Carlisle,IN,510,3.499,38.9553486,-87.4070097
281,CIRCLE K #4700065,"I-65, EXIT 76 & US-31",Taylorsville,IN,375,3.399,39.261452307643,-85.943359514887
289,LOVES TRAVEL STOP #173,"I-70, MM 209",Lawrence,KS,553,3.229,38.9731544,-95.2382481
292,PETES #56,US-169 & CR-5000,Cherryvale,KS,307,3.23233333,37.269520500686,-95.598382561269
293,LOVES TRAVEL STOP #176,"I-35, MILE MARKER 97",Matfield Green,KS,336,3.25566666,38.094817613296,-96.57879348685
304,FL Roberts,"I-91, EXIT 4",Springfield,MA,100,3.599,42.125743938203,-72.568828194667
309,QUIKTRIP #231,"I-635, EXIT 3",Kansas City,KS,400,3.199,39.09190151096,-94.679776523187
323,SAPP BROS TRAVEL CENTER,"I-80, EXIT 126",Ogallala,NE,475,3.46566666,41.115005170959,-101.720547162533
326,FLYING J TRAVEL PLAZA #748,"I-15, EXIT 357",Willard                                 ,UT,835,3.749,41.416801921055,-112.050551480026
341,TA JACKSONVILLE SOUTH TRAVEL CENTER,"I-95, EXIT 329",Saint Johns,FL,75,3.469,30.066379,-81.496148
347,7-ELEVEN #40514,I-90/80-IN TOLL RD MM 22E,Portage,IN,365,3.99066666,41.676907,-86.274627
358,TA BINGHAMTON TRAVELCENTER,"I-81N, EXIT 2W & I-81S, EXIT 3",Binghamton,NY,32,3.739,42.098273486876,-75.817539662038
361,CIRCLE K #2726293,"I-295, EXIT 25",Jacksonville,FL,75,3.31566666,30.368342324324,-81.760780915358
368,WILTON TRAVEL PLAZA,"I-87, EXIT 16",Gansevoort                              ,NY,12,3.799,43.168472,-73.709837
372,GAS DEPOT,"I-94, EXIT 5",Hammond,IN,365,3.999,41.636818340365,-87.505974138387
381,7-Eleven #41830,US-69 & US-135,Jacksonville,TX,630,2.91566666,31.967280019059,-95.272539004345
387,Circle K #2709664,"I-8, EXIT 12",Yuma,AZ,930,3.489,32.670747054253,-114.439925414751
388,Pilot Travel Centers #14,"I-71, EXIT 131",Sunbury,OH,315,3.719,40.265454,-82.92396
391,PILOT TRAVEL CENTERS #13,"I-71, EXIT 209",Seville,OH,305,3.699,41.0297032,-81.9068545
403,TRUCKOMAT OF HEBRON,"I-70, EXIT 126 & SR-37",Hebron,OH,315,3.429,39.942356978673,-82.531609629575
407,FUEL MART #641,"I-80 & I-280, EXIT 71",Perrysburg                              ,OH,550,3.499,41.526054996776,-83.46332096656
421,PETRO STOPPING CENTER #316,"I-40 & I-35, EXIT 127",Oklahoma City,OK,483,3.30233333,35.462275019596,-97.492133014599
424,E EXPRESS,"I-40, EXIT 166",Choctaw,OK,483,2.899,35.394053274696,-97.268818223807
425,Neighbors Express,"I-16, EXIT 51",Dublin                                  ,GA,85,3.299,32.488018996527,-82.938132277653
442,WESTERN COOP,US-385 & SR-2,Alliance,NE,795,3.324,42.097134647181,-102.866557739552
455,MR FUEL #753,"I-95, EXIT 104 & SR-207",Ruther Glen,VA,180,3.26566666,37.937433013655,-77.472325298585
456,THE COUNTRY OASIS,US-24,Woodburn                                ,IN,370,3.399,41.124445,-84.924981
458,HAPPY HILLS GAS & COFFEE,I-29 EXIT 110,Rock Port,MO,400,3.399,40.409981,-95.553905
460,TRUCK STOP 44,I-20 EXIT 44,Gilbert,SC,135,3.079,33.872321308314,-81.384460937242
461,SPINX #271,"I-26, EXIT 145 & US-601",Orangeburg,SC,42,3.26233333,33.559970732247,-80.825755689488
469,LOAF N JUG #750010,US-160 & SR-17,Alamosa,CO,803,3.259,37.573107969125,-105.861190252623
474,KEWANEE 1 STOP,"I-20, EXIT 169 & US-80",Toomsuba,MS,705,3.299,32.426176980336,-88.454712959218
478,GASTRAK OF PEMBINA,"I-29, EXIT 215",Pembina                                 ,ND,355,3.299,48.972463047608,-97.257677628253
483,ALLSUPS #2387,US-54/SR-136/SR-3 & US-64,Guymon,OK,585,2.97566666,36.680104472984,-101.48164975527
486,LA NORIA CONV STORES,"I-35 N, EXIT 4",Laredo                                  ,TX,693,3.299,27.566645,-99.504426
489,EDDIES CORNER,US-87 & US-191,Moore,MT,815,3.749,46.983020890962,-109.745283634283
491,One9 #403,"I-75, EXIT 117",Heiskell,TN,405,2.999,36.106250381751,-84.022370860054
496,PILOT TRAVEL CENTERS #270,"I-40 & I-75, EXIT 374",Knoxville,TN,405,3.439,35.9035674,-84.1411008
509,LOVES TRAVEL STOP #256,"I-10, EXIT 140B",Van Horn,TX,640,3.649,31.038418497425,-104.820276064039
522,GO MART FOOD STORE #57,"I-70 & ST-285, EXIT 186",Lore City                               ,OH,430,3.179,40.032036439488,-81.450165258387
523,CIRCLE K #2723322,"I-985, EXIT 20 & SR-60",Gainesville,GA,18,3.26566666,34.268163863694,-83.819207606753
525,FASTBREAK,US-45 ALT,West Point,MS,705,3.059,33.591932,-88.658661
546,PLAZA 30,US-30,Wanatah,IN,365,3.499,41.432985,-86.821678
557,SAPP BROS TRAVEL CENTER,"I-80, EXIT 73",Peru,IL,290,3.289,41.36529309126,-89.150657633487
559,SHELL MORGAN ROAD TRUCK STOP,"I-40, EXIT 142",Maumelle,AR,695,3.20733333,34.887087231583,-92.381815261602
566,TA GARY TRAVEL CENTER,"I-80/I-94, EXIT 6",Gary,IN,365,3.83066666,41.569686770089,-87.409091320619
567,TA ELOY TRAVEL CENTER,"I-10 & I-8, EXIT 203",Eloy,AZ,930,3.459,32.775538915857,-111.616237338906
572,PILOT TRAVEL CENTERS #881,"I-69, EXIT 309A",Fort Wayne                              ,IN,370,3.879,41.119662312043,-85.188545794936
576,PETRO STOPPING CENTER #343,"I-10, EXIT 76",Egan,LA,600,3.624,30.2313916,-92.4624394
578,LOVES TRAVEL STOP #449,"I-84, EXIT 17",Troutdale,OR,935,3.779,45.544125506461,-122.404614086116
579,FLYING J TRAVEL PLAZA #764,"I-80, EXIT 104 & US-191",Rock Springs,WY,835,3.67066666,41.659656959276,-109.228517634287
586,AMERISTAR TRAVEL PLAZA #120,"I-82, EXIT 80",Prosser,WA,925,4.559,46.2206215,-119.7886021
588,TA TUSCALOOSA TRAVEL CENTER,"I-20/I-59, EXIT 77",Cottondale,AL,615,2.964,33.176005,-87.446304
591,TA Concordia Travel Plaza,"I-70, EXIT 58 & SR-23",Concordia,MO,400,3.22566666,38.992405994326,-93.567733994484
599,Sapp Bros Travel Center,"I-80, EXIT 59 & SR-17J",Sidney,NE,475,3.50066666,41.117966,-102.950194
602,JIFFY MART EXIT 18 TRUCK STOP,"I-89/SR-120, EXIT 18 & SR-120",Lebanon,NH,12,3.599,43.645545278511,-72.253081189586
614,TA MAYBROOK TRAVEL CENTER,"I-84, EXIT 5",Montgomery,NY,120,4.359,41.512588184571,-74.204088187607
628,KWIK FILL #227,"I-90,  EXIT 218",Geneva,OH,305,3.15233333,41.769762813856,-80.944925859517
629,FLYING J #850,TCH-16,Edmonton,AB,80,4.3981947,53.54545,-113.49014
636,UNION 76,"I-5, EXIT 233 E",Albany,OR,935,3.379,44.62887,-123.061892
651,ONE9 #1366,"I-40, EXIT 126 & US-641",Holladay,TN,460,2.98566666,35.839844246961,-88.085794701899
652,TA KNOXVILLE EAST TRAVEL CENTER,"I-40 & I-75, EXIT 374",Knoxville,TN,405,3.42566666,35.907396523969,-84.14034552759
659,FLYING J #869,HWY 2 SOUTH,Nanton,AB,50,4.60231851,50.353271563426,-113.776686219536
669,PETRO STOPPING CENTER #350,"I-10,  EXIT 4",Canutillo,TX,640,3.499,29.4362103,-98.3786705
672,CROWN POINT TRUCK STOP,"I-295/US-130,EXIT 22",Thorofare,NJ,150,3.549,39.849554030507,-75.174955174669
680,TA EXPRESS SUMMIT,"I-29, EXIT 207 & US-12",Summit,SD,566,3.20566666,45.318205958952,-97.051873097749
684,7-ELEVEN #35101,"I-86/SR-17, EXIT 16",Randolph,NY,38,4.499,42.159872931275,-78.99745039027
689,FLYING EAGLE,"I-235, EXIT 4",Wichita,KS,570,3.499,37.661469845409,-97.312147485703
692,BP,US-63,Ottumwa,IA,489,3.399,40.94313,-92.408629
739,Arco #364420,US-23,Greenup,KY,255,3.649,38.728397,-82.927882
748,QUIKTRIP #4231,US-85,Evans,CO,800,3.17233333,40.38511,-104.689509
769,AYERCO #26,US-61/US-136,Alexandria,MO,345,3.01566666,40.364311,-91.469076
815,Kwik Trip #1508,"US-18/SR-151, EXIT 58",Barneveld,WI,420,3.489,43.009444758827,-89.90771009118
855,SPEEDWAY #7459,US-41 & SR-137,North Chicago,IL,293,3.289,42.308782009552,-87.876816023084
863,Ocean Fuel,US-301/SR-73,Sylvania,GA,195,3.499,32.726537602064,-81.655142886976
906,PILOT TRAVEL CENTER #429,"I-40, EXIT 280",West Memphis,AR,435,3.291,35.1541656,-90.1381586
908,CIRCLE K #2704888,"I-65, EXIT 246 & SR-119",Pelham,AL,615,3.46566666,33.332405461456,-86.789338950347
912,PETRO STOPPING CENTER #319,"I-20/59,  EXIT 100",Mc Calla,AL,615,3.12566666,33.281869005077,-87.092849494467
936,CASEYS #4254,"I-40, EXIT 129",Conway,AR,695,3.03233333,35.068559890617,-92.418119810346
970,CIRCLE K #2702885,"I-17/SR-60, EXIT 199A",Phoenix,AZ,930,3.39233333,33.438891744087,-112.107903896588
977,PILOT TRAVEL CENTERS #328,"I-10, EXIT 17",Quartzsite,AZ,930,3.959,33.6613604,-114.2357541
981,STINKER #85,"I-15, EXIT 93",Blackfoot,ID,825,3.53233333,43.195752938358,-112.366078464373
982,CIRCLE K #2701948,"I-8, EXIT 7 & SR-195",Yuma,AZ,900,3.56566666,32.676813570378,-114.52560926699
1028,FOUR STATES TRUCK STOP,"I-495, EXIT 4 & SR-9",New Castle,DE,243,3.399,39.701783244233,-75.544303116052
1042,Union 76,US-441 & SR-100A,Lake City,FL,75,3.56233333,30.203257353073,-82.630821346268
1043,SHELL DBA ONE9 #1401,I-75 EXIT 414  & US-41,Lake City,FL,75,3.244,30.000896746747,-82.600304315726
1047,TA MARIANNA TRAVEL CENTER,"I-10/SR-8, EXIT 142 & SR-71",Marianna,FL,20,3.60733333,30.720520048929,-85.185850798339
1075,PILOT TRAVEL CENTERS #68,"I-16 /SR-404, EXIT 51 & US-441",Dublin,GA,85,3.399,32.49033,-82.93426
1106,CIRCLE K #2705367,"I-20, EXIT 172",Thomson,GA,16,3.399,33.510634238532,-82.505353114719
1112,BC AMPRIDE TRUCK PLAZA,US-59/SR-141,Denison,IA,527,3.399,42.015338722545,-95.366031232385
1115,KWIK STAR #704,SR-57/SR-14,Parkersburg,IA,565,3.58233333,42.580707963288,-92.790664000674
1121,TRAVELERS OASIS,"I-84, EXIT 182",Eden,ID,787,3.799,42.577465624209,-114.293059721223
1128,TA CHICAGO NORTH TRAVEL CENTER,"I-94/US-41, EXIT 1",Wadsworth,IL,444,3.769,42.484426142695,-87.946236012186
1132,SPEEDWAY #7423,"I-57, EXIT 83",Ina,IL,293,3.249,38.152830833483,-88.913102332445
1136,PILOT TRAVEL CENTER #171,"I-74, EXIT 206",Oakwood,IL,280,3.599,40.123668,-87.778972
1140,CIRCLE K #4701398,"I-55, EXIT 82 & SR-104",Divernon,IL,280,3.499,39.589946569344,-89.64195817126
1149,PILOT TRAVEL CENTERS #30,"I-70, EXIT 96",Greenfield,IN,375,3.959,39.8216312,-85.916081
1151,SPEEDWAY #8061,"I-70, EXIT 115 & SR-109",Knightstown,IN,375,3.759,39.840395301506,-85.555077123249
1154,CIRCLE K #2704691,SR-71 & CR-214,Cedar Creek,TX,595,3.199,30.175049998879,-97.52708387446
1156,CIRCLE K #4700028,"I-74/US-421, EXIT 116 & SR-44",Shelbyville,IN,375,3.599,39.517764836363,-85.778795624568
1157,One9 #297,"I-70, EXIT 11 & SR-46",Terre Haute                             ,IN,510,3.43566666,39.463107589689,-87.332715812567
1158,PILOT TRAVEL CENTER #36,US-30  & SR-49,Valparaiso,IN,365,3.859,41.430337220926,-87.027166564595
1163,SHORT STOP #13,US-54,Emporia,KS,553,2.839,38.423139,-96.216297
1176,PILOT TRAVEL CENTERS #353,"I-75, EXIT 129",Georgetown,KY,410,3.20566666,38.2764738,-84.5598882
1179,PILOT TRAVEL CENTERS #399,"I-65, EXIT 105",Lebanon Junction,KY,415,3.609,37.8273049,-85.7237305
1196,SOUTHERN BELLE TRUCK STOP,US-61 & SR-964,Saint Francisville,LA,725,3.384,30.748856314807,-91.293522664948
1199,ALLTOWN MARKETS #306,"I-190, EXIT 7",Leominster,MA,178,3.68233333,42.493722,-71.726825
1202,ONE9 #290,"I-95, EXIT 93 & SR-222",Perryville,MD,22,3.599,39.592859723846,-76.066557704742
1204,PETRO STOPPING CENTER #321,"I-70 & I-57, EXIT 159",Effingham,IL,574,3.399,39.100056788465,-88.575050182908
1208,D AVENUE FUEL PLAZA,US-131,Kalamazoo,MI,465,3.099,42.376807,-85.651329
1210,ROADHAWK TRAVEL CENTER,"I-94, EXIT 56 & SR-51",Paw Paw                                 ,MI,465,3.559,42.199350438174,-85.966434444285
1217,KWIK TRIP #250,"I-90, EXIT 179",Austin,MN,515,3.374,43.675005287987,-92.953776310094
1218,CASEYS #3658,SR-210,Pillager,MN,522,3.299,46.340409641422,-94.554738194007
1225,AYERCO #35,US-61 & US-61 BUS,Bowling Green,MO,494,3.01566666,39.25969801343,-91.064479030233
1234,Lamar Travel Plaza,US-71 & US-160,Lamar,MO,416,3.199,37.493835407074,-94.300050816638
1236,AYERCO #44,US-36 & US-24,Palmyra,MO,494,3.01566666,39.696723990932,-91.505765026205
1240,TEMP STOP #103,US-65,Sedalia,MO,400,3.199,38.671322,-93.250664
1247,SNAPPY MART #11,US-63 & SR-14,West Plains,MO,535,3.299,36.796477617135,-91.896017469417
1251,MAPCO #3009,US-72,Corinth,MS,435,3.154,34.912605,-88.499144
1256,DOUBLE QUICK #89,US-82/US-278,Greenville,MS,655,3.25566666,33.408532,-91.060746
1265,JOE JOES TRAVEL CENTER,US-78 & RED BANKS RD S,Red Banks,MS,435,2.97233333,34.825245205431,-89.564762956137
1304,LOVES TRAVEL STOP #667,"I-85, EXIT 152",Mebane,NC,65,3.94733333,36.067417,-79.313953
1315,CIRCLE K #2720218,US-421 BUS & US-15/US-501/US-1,Sanford,NC,177,3.08233333,35.495222101684,-79.195181270687
1325,SCOTCHMAN #3303,US-421 & US-74,Wilmington,NC,245,3.629,34.243128585775,-77.95739045221
1326,SPEEDWAY #7949,US-301/US-264 ALT & CR-1674,Wilson,NC,205,3.199,35.708622538604,-77.924447875918
1333,PUMP & PANTRY #15,US-30,Grand Island,NE,330,3.30733333,40.93188,-98.319813
1340,BORDENTOWN VALERO,"NJ TNPK, EXIT 7 & US-206",Bordentown,NJ,230,3.499,40.124481911195,-74.697205040812
1342,Delta,"I-80, EXIT 47B",Fairfield,NJ,115,3.20233333,40.878759,-74.29209
1344,BOLLA TRUCK STOP #193,US-202 & SR-17,Mahwah,NJ,115,3.53233333,41.096085634107,-74.15740887917
1348,GLOBAL,SR-73,Palmyra,NJ,150,3.359,40.001734326566,-75.036467013226
1356,LOVES TRAVEL STOP #257,"I-40 & HORIZON, EXIT 79",Milan,NM,580,3.59066666,35.182414797685,-107.90148621793
1364,7- ELEVEN #40507,"I-80/I-90, MM 56 WB",Rolling Prairie,IN,465,3.98233333,41.706938,-86.623604
1372,PILOT TRAVEL CENTER #469,"I-77, EXIT 101 & SR-627",Canton,OH,249,3.62233333,40.75317105534,-81.405365021134
1376,FUEL MART #782,"I-75, EXIT 118",Lima                                    ,OH,411,3.08566666,40.657229996592,-84.131498040693
1379,TA LODI TRAVEL CENTER,"I-71, EXIT 209 & I-76/US-224, EXIT 1",Seville,OH,305,3.739,41.010108,-81.862158
1384,SUNOCO,"I-80/I-90, EXIT 13 & US-20ALT/SR-15",Montpelier,OH,550,3.41566666,41.61387942454,-84.550826542077
1391,ONCUE EXPRESS #2045,"I-35, EXIT 203 & SR-15",Billings,OK,500,3.21566666,36.535613005145,-97.341834386322
1395,DOMINO FOOD AND FUEL #1,"I-40, EXIT 66",Clinton                                 ,OK,483,3.099,35.500950422196,-98.96233535951
1404,ONE9 #339,"I-74, EXIT 4 & SR-63",Covington,IN,375,3.26233333,40.121444999297,-87.451698969794
1414,SAC SHOP #507,"I-70, EXIT 12/161",Breezewood                              ,PA,14,4.099,39.996383,-78.242435
1424,GETTYSBURG TRAVEL PLAZA,US-15 & SR-394,Gettysburg,PA,70,3.899,39.889495987394,-77.181586025833
1428,CIRCLE K #4702408,"I-65, EXIT 168 & SR-38/SR-25",Lafayette,IN,375,3.43233333,40.378549083217,-86.785673665346
1432,KWIK FILL #259,"I-81, EXIT 57",Mechanicsburg                           ,PA,70,4.049,40.270871648913,-77.040374311736
1444,PILOT TRAVEL CENTERS #346,"I-20, EXIT 92 & US-601",Lugoff,SC,135,3.43233333,34.188857739897,-80.688126285572
1445,PILOT TRAVEL CENTERS #402,"I-80, EXIT 367",Cheyenne,WY,795,3.709,41.135919,-104.707315
1447,HOT SPOT #3005,US-221,Chesnee,SC,210,3.199,35.151454,-81.859789
1453,EXPRESS STOP,US-278/SR-101/SR-6 & SR-113,Rockmart,GA,193,3.319,34.007926012393,-85.028842969345
1455,PETRO FLORENCE,"I-95, EXIT 169",Florence,SC,46,3.32566666,34.264626754204,-79.734655775783
1461,CIRCLE K #2705370,"I-26, EXIT 15 & US-176",Inman,SC,210,3.099,35.026986987808,-82.035063021833
1464,CIRCLE K #2723254,"I-20, EXIT 55 & SR-6",Lexington,SC,135,3.199,33.981639875007,-81.2355403274
1470,CIRCLE K #2705348,US-1,Beech Island,SC,135,3.159,33.488001,-81.926243
1479,TA SPARTANBURG TRAVEL CENTER,"I-85, EXIT 63 & SR-290",Duncan,SC,210,3.43233333,34.936664093895,-82.136727476981
1487,ROADRUNNER MARKET #6019,"I-81, EXIT 36 NORTH",Greeneville                             ,TN,405,3.499,36.327081,-82.835672
1492,MAPCO #3538,"I-24, EXIT 174",Chattanooga,TN,285,2.899,35.020162378846,-85.382436861111
1507,CIRCLE K #4703941,"I-55, EXIT 5A",Memphis,TN,435,3.189,35.060281997551,-90.020155427059
1516,LOVES TRAVEL STOP #261,I-27 EXIT 116,Amarillo,TX,585,3.23233333,35.12652699143,-101.90387440934
1531,CircleK #4702365,"I-74, EXIT 112 & SR-9",Shelbyville,IN,375,3.509,39.523292188311,-85.776678214677
1533,YESWAY #1157,US-62,Brownfield,TX,700,2.99233333,33.080566263795,-102.389856945905
1546,SHELL,"I-35, EXIT 86 & SR-85",Dilley,TX,740,3.099,28.667637490733,-99.171270958144
1548,TOOT N TOTUM #107,US-287,Dumas,TX,585,3.03233333,35.847673,-101.972846
1552,STRIPES #40911,US-59 & SR-16,Freer,TX,625,3.099,27.88274800772,-98.617990919677
1555,SEIBERT TRAVEL PLAZA,"I-70, EXIT 405 & SR-59",Seibert,CO,800,3.499,39.292281,-102.875232
1560,CATTREZ,US-20 & SR-5,Irving,NY,38,2.999,42.569927495238,-79.101466396405
1562,I MART #108,"I-40, EXIT 108",Wildersville                            ,TN,435,3.099,35.788579338591,-88.393337565031
1567,KUM & GO #4110,"I-235, EXIT 11",Des Moines,IA,320,3.02733333,41.6187768,-93.5767223
1579,FLYING J TRAVEL PLAZA #924- TOWN PUMP,"I-15, EXIT 122 & I-90 MM220",Butte                                   ,MT,816,3.56566666,46.007483702156,-112.617600165595
1582,LOVES TRAVEL STOP #250,I-40 EXIT 60,Amarillo,TX,585,3.314,35.19198,-101.760994
1585,Stripes 7Fleet #42498,US-385 & CR-1910,Andrews,TX,710,3.369,32.360318900254,-102.559777988382
1590,ROAD RANGER #240,"I-80 & I-94, EXIT 15-A",Lake Station,IN,365,3.559,41.590216998751,-87.223905998852
1596,FLYING J #305,"I-40, EXIT 39",Jamestown,NM,580,3.44233333,35.480422529524,-108.438851176977
1597,7-ELEVEN #36156,"I-70 & SR-519, EXIT 25/333",Eighty Four,PA,165,4.999,40.129429280175,-80.133746626538
1599,ONVO TRAVEL PLAZA,"I-81, EXIT 10",Mc Graw,NY,220,3.459,42.589502496144,-76.128804204138
1602,CIRCLE K #2723387,US-98,Beaumont,MS,620,3.56566666,31.126882,-88.85106
1606,DONNAS TRAVEL PLAZA,"I-5, EXIT 202",Marysville,WA,962,4.559,48.099483,-122.18846
1610,TA BALTIMORE TRAVEL CENTER,"I-95, EXIT 57",Baltimore                               ,MD,22,4.759,39.27733,-76.548772
1618,GO MART FOOD STORE #33,US-33,Ripley                                  ,WV,44,3.499,38.760907,-81.693956
1621,CIRCLE K #2709337,"I-65, EXIT 262B",Birmingham                              ,AL,615,3.489,33.542982083597,-86.826660479322
1622,RACEWAY #6973,US-380 & SR-114/SR-101,Bridgeport,TX,630,2.78233333,33.223181014519,-97.769007979785
1623,SAPP BROS TRAVEL CENTER,"I-70 & I-270, EXIT 278",Commerce City,CO,800,3.389,39.778248015688,-104.896973997772
1625,PILOT TRAVEL CENTERS #60,"I-26, EXIT 159",Bowman                                  ,SC,42,3.43233333,33.4170118,-80.6664044
1632,PILOT TRAVEL CENTERS #266,"I-10, EXIT 139 & SR-292",Las Cruces                              ,NM,640,3.19066666,32.294868912284,-106.810690900545
1633,7-ELEVEN #36302,"I-35, EXIT 144",Von Ormy,TX,740,3.109,29.300972433182,-98.62654207922
1634,PILOT TRAVEL CENTERS #40,"I-94, EXIT 322",Oak Creek,WI,444,3.889,42.870852,-87.945335
1644,ALLSUPS CONVENIENCE STORE #2414,"I-20, EXIT 235",Roscoe,TX,575,2.929,32.434942,-100.535442
1646,SPEEDWAY #8310,US-6  & US-31,Plymouth,IN,465,3.609,41.449652985413,-86.31019188385
1647,SPEEDWAY #8305,US-41 & SR-312,Hammond,IN,290,3.76566666,41.632648229119,-87.523933937189
1653,ROAD RANGER #187,"I-55, EXIT 289",Chicago,IL,520,3.599,41.829458780755,-87.703138414552
1654,CEFCO #3,US-77/US190/SR-36,Cameron,TX,670,2.989,30.852537985679,-96.974413885365
1661,CHEVRON,"I-20, EXIT 101 & SR-151",Calhoun,LA,590,3.159,32.522249516343,-92.363914666867
1669,BETTY BEAVERS TRUCKSTOP,"I-90, EXIT 28",Fultonville,NY,12,3.189,42.944263985017,-74.356221551045
1670,Petro Stopping Center #54,"I-44, EXIT 4 & SR-3",Joplin,MO,277,3.449,37.0071912,-94.5520785
1671,LOVES TRAVEL STOP #412,"I-95, EXIT 77",Dunn,NC,205,3.699,35.338359733887,-78.559667810984
1672,HANA TRAVEL PLAZA,"I-40,  EXIT 77",Amarillo,TX,585,2.899,35.193622,-101.706504
1699,ALLENS FOOD MART280,US-280/US-231/SR-53/SR-38 & CR-8/CR-34,Sylacauga,AL,615,3.799,33.167348839967,-86.250928538633
1700,TOPPS FUEL STOPS,US-259/SR-49,Daingerfield,TX,723,3.109,32.998503868048,-94.633932731061
1720,TOOT N TOTUM #120,US-54 & S WESTERN AVE,Liberal,KS,585,3.01566666,37.038624038988,-100.940542927958
1749,HIGHWAY 96 FUEL STOP,US-96 & SR-62/FM-1004,Buna                                    ,TX,610,3.149,30.441663293374,-93.969265294247
1753,PWI #169,"I-35/US-77, EXIT 359 & CR-1304",Abbott,TX,765,2.899,31.907549349477,-97.094119355267
1773,M-46 AUTO TRUCK PLAZA,"US-131, EXIT 120 & SR-46",Howard City,MI,344,3.099,43.418391804871,-85.499519019155
1791,PILOT TRAVEL CENTERS #257,"I-20, EXIT 126 & FM-1788",Midland                                 ,TX,710,3.56566666,32.324244959979,-102.3991393022
1807,LOVES TRAVEL STOP #229,I-40 EXIT 96 & SR-207,Panhandle,TX,585,3.314,35.21836000272,-101.382515002686
1810,KENT KWIK #804,US-83,Perryton,TX,585,2.999,36.374966,-100.803196
1829,PILOT TRAVEL CENTER #96,"SR- 60 & FL TURNPIKE, EXIT 193",Okeechobee,FL,143,3.699,27.6989597,-80.9011706
1832,CORNER FUEL CENTER,US-49,Hattiesburg,MS,620,3.299,31.1870137,-89.2509071
1834,PUMP N PANTRY #15,"I-20, EXIT 617 & US-59",Marshall,TX,766,2.899,32.490162395624,-94.359287549962
1849,Stripes #42457,US-67/US-277,San Angelo,TX,740,3.244,31.460730210933,-100.444210273742
1855,EXIT 76 AUTO TRUCK PLAZA,US-131,Byron Center,MI,344,3.499,42.825656,-85.674833
1858,FLYING J TRAVEL PLAZA #737,"I-10, EXIT 583",San Antonio                             ,TX,740,3.224,29.446369,-98.362307
1859,GO MART FOOD STORE #44,"I-79, EXIT 67 & US-19/SR-4",Sutton,WV,44,3.559,38.711412464399,-80.657546804913
1860,MR FUEL #278,"I-75/71, EXIT 175 & SR-338",Walton,KY,300,3.019,38.917762974717,-84.627125997912
1861,PETRO STOPPING CENTER #315,"I-40, EXIT 66",Kingman,AZ,910,3.899,35.176591,-113.785949
1866,PRI MART FUEL CENTER,"I-94, EXIT 29",Benton Harbor                           ,MI,465,3.499,42.082223422607,-86.414869005397
1873,JDS TRUCKSTOP,"US-12 & US-31, EXIT 3",Niles,MI,465,3.849,41.805099114685,-86.316282593792
1874,CIRCLE K #2744529,US-175,Seagoville,TX,630,2.95066666,32.646605,-96.535294
1879,HOLIDAY STATIONSTORE #3552,"I-35, EXIT 81 & SR-70",Lakeville,MN,448,3.549,44.64207465197,-93.295921614839
1888,STRIPES 7FLEET #42449,US-87,Sterling City,TX,710,3.28066666,31.85114948398,-101.031264979873
1889,TOOT N TOTUM #105,US-54 & US-287,Stratford,TX,585,2.96566666,36.331985316394,-102.07337878741
1893,MIKE MCDONALD TRUCK STOP,"I-20, EXIT 509",Terrell                                 ,TX,637,2.87066666,32.668486764032,-96.144370754076
1894,CIRCLE K #2741544,"I-37 & SR-72, EXIT 69",Three Rivers,TX,747,3.06566666,28.489023804892,-98.143175718441
1897,YESWAY #1077,"I-20/US-84, EXIT 278",Tye,TX,575,2.87566666,32.459622680292,-99.859846357824
1905,LUCKY TRUCK STOP,US-82,Whitesboro                              ,TX,630,2.88566666,33.655379843836,-96.938231631962
1909,RALLYSTOP #1,"I-15, EXIT 62",Cedar City,UT,791,3.459,37.731435004644,-113.049870645085
1914,LOVES TRAVEL STOP #792,"I-70, EXIT 160",Green River,UT,835,3.709,38.989755794388,-110.191568095694
1921,BELL TRUCK STOP,"I-80, EXIT 146",Park City,UT,835,3.45233333,40.728577297882,-111.503519449656
1923,SCENIC QUIK STOP,"I-70, EXIT 54 & US-89",Salina,UT,835,3.459,39.071045606142,-111.820785488971
1930,CASEYS #3058,"I-35, EXIT 19 & US-160 E",Wellington,KS,570,3.299,37.265775704836,-97.493552811706
1931,RBS ONE STOP,"I-15, EXIT 320",Woods Cross                             ,UT,835,3.459,40.883765,-111.89822
1934,CIRCLE K #2723710,"I-77, EXIT 24",Austinville,VA,185,3.24066666,36.845462548258,-80.858775187994
1936,QUICK STOP MARKET #36,"I-81, EXIT 10 & US-11",Bristol,VA,185,3.399,36.6527124,-82.0810197
1940,7-ELEVEN #40063,"I-81, EXIT 98 & SR-100",Dublin,VA,65,3.199,37.075964299532,-80.697705559757
1944,LOVES TRAVEL STOP #399,"I-77, EXIT 1 & SR-620",Lambsburg,VA,65,3.589,36.578368803756,-80.743158189926
1950,7-ELEVEN #34515,"I-81, EXIT 205",King George,VA,180,3.399,38.339903,-77.073844
1951,CIRCLE K #2723713,"I-81, EXIT 205",Staunton,VA,185,3.38566666,38.077351,-79.089192
1953,FAS MART #3555,"I-64, EXIT 136 & US-15",Gordonsville,VA,180,3.699,38.129706405164,-78.187001011421
1954,Joe's Kwik Mart #8409,US-58 & CR-645,Suffolk,VA,130,3.03233333,36.721876,-76.639059
1956,PILOT TRAVEL CENTER #4642,"I-81, EXIT 291",Toms Brook,VA,60,3.659,38.9665213,-78.4386432
1958,SPEEDWAY #4618,"I-81 & I-77, EXIT 77",Wytheville,VA,185,3.41233333,36.937223811139,-80.990980975791
1960,MAPLEWOOD IRVING,"I-89, EXIT 7",Montpelier                              ,VT,170,3.699,44.218049782999,-72.58595892942
1962,SUPER QUIK,"I-64, EXIT 172 & SR-1/SR-7",Grayson,KY,255,3.799,38.332075043351,-82.945599889189
1976,One9 #963,"I-90, EXIT 276",Spokane                                 ,WA,970,3.959,47.622247092599,-117.499749301557
1977,GEE CEES TRUCK STOP,"I-5, EXIT 57",Toledo,WA,977,3.839,46.3917502,-122.9052995
1983,KWIK TRIP #427,"US-53, EXIT 110 & SR-40",Bloomer,WI,295,3.41566666,45.099973319006,-91.506245389699
1985,Camp Douglas BP,"I-90 & I-94, EXIT 55",Camp Douglas                            ,WI,420,3.154,43.92218098227,-90.263426997822
2000,RIVER CITY TRAVEL PLAZA,US-41,Marinette,WI,360,3.399,43.71494653679,-89.463715475486
2002,KWIK TRIP #222,US-53/US-2,Superior,WI,334,3.339,46.698029,-92.035851
2009,KWIK TRIP #139,"I-43, EXIT 120 & CR-V/CR-OK",Sheboygan,WI,444,3.29066666,43.674827652617,-87.761760118175
2020,BFS FOODS #72,"I-68, EXIT 23 & SR-26",Bruceton Mills,WV,165,3.499,39.655307205233,-79.63794399036
2021,GO MART FOOD STORE #59,"I-64, EXIT 15 & US-60",Huntington,WV,255,3.499,38.418004353725,-82.457762566608
2022,GO MART FOOD STORE #86,"I-79, EXIT 40 & SR-16",Ivydale                                 ,WV,44,3.599,38.532139926537,-81.027990579577
2029,HOMAX SERVICE,"I-25, EXIT 188",Mills                                   ,WY,790,3.169,42.846544,-106.375592
2030,GHOST TOWN FUEL STOP,US-26/US-20,Casper,WY,790,3.429,43.032050986324,-107.004477980268
2034,TA CHEYENNE TRAVEL CENTER,"I-80, EXIT 377 & SR-217/CR-140",Cheyenne,WY,795,3.699,41.038753346869,-104.520523932877
2040,Fast Stop Travel Centers #1133,"I-25, EXIT 126 & US-18/20",Douglas,WY,790,3.499,42.656407300423,-105.181519824842
2041,PINE BLUFFS SINCLAIR,"I-80, EXIT 401 & US-30",Pine Bluffs,WY,795,3.699,41.176322098438,-104.075792238152
2044,One9 #1251,"I-80, EXIT 173",Wamsutter,WY,795,3.499,41.672591089215,-107.984020285759
2074,STRIPES #40522,"I-10, EXIT 550",San Antonio,TX,740,3.059,29.669265421407,-98.632477257646
2076,ALLSUPS CONVENIENCE STORE #2159,US-283 BUS/US-277 BUS & SR-422,Seymour,TX,770,3.299,33.594284,-99.259101
2078,ALLSUPS CONVENIENCE STORE #2366,US-84 & CR-3300,Slaton                                  ,TX,700,2.969,33.462738992396,-101.675218018552
2084,Main Street Market #112,"I-20, EXIT 73",Wickett,TX,710,2.879,31.56023,-102.996184
2087,LWS TRUCK STOP,SR-30,Logan,UT,835,3.42566666,41.7345956,-111.8588445
2088,FLYING J TRAVEL PLAZA #773,"I-70, EXIT 40",Richfield                               ,UT,835,3.699,38.787515102928,-112.087930780593
2089,FLYING J TRAVEL PLAZA #774,"I-84, EXIT 7",Snowville                               ,UT,835,3.749,41.960781945259,-112.715615346905
2115,KWIK TRIP #838,SR-23/SR-33,Reedsburg,WI,420,3.194,43.53256825598,-90.010705290424
2125,BIG D #44,"I-80, EXIT 311 & SR-130",Laramie,WY,795,3.249,41.323265822789,-105.665044127662
2144,Mountain View Truck Stop,US-15,Thurmont,MD,60,4.099,39.620574440636,-77.399332143573
2152,SPEEDWAY #4709,"I-90, EXIT 102",Fairmont,MN,425,3.299,43.679168088678,-94.448046644427
2167,PILOT TRAVEL CENTERS #134,"I-94, EXIT 171 (CR 75)",Saint Cloud,MN,451,3.28733333,45.549951814838,-94.218786397583
2182,PILOT TRAVEL CENTER #4649,"I-64 & I-81, EXIT 205",Raphine,VA,185,3.659,37.9450459955,-79.216252034165
2192,GO MART FOOD STORE #51,US-19/SR-129,Mount Nebo                              ,WV,44,3.599,38.197528392828,-80.863429932206
2194,A AND A TRUCKSTOP,US-35 & CR-41,Jackson,OH,315,3.799,38.996498,-82.553129
2196,Certified Oil #400410,I-76 EXIT 43,Ravenna,OH,249,3.31566666,41.105091867689,-81.158118338477
2204,NATURAL BRIDGE SHELL,US-278 & SR-5,Lynn,AL,615,3.68233333,34.08685889751,-87.596200382149
2209,Roadrunner #471,"I-40/US-65, EXIT 142 & SR-365",North Little Rock,AR,695,3.03233333,34.756075630894,-92.273714146007
2219,PILOT TRAVEL CENTERS #66,"I-85, EXIT 129",Braselton,GA,16,3.27233333,34.1194182,-83.7620147
2223,PO JOS GAS N GO,"I-16 SR-404, EXIT 116 & US-301/SR-73",Register,GA,195,3.23233333,32.307811067043,-81.87009414631
2227,SPEEDWAY #7448,SR-59,Naperville,IL,293,3.359,41.781843,-88.206394
2231,QUIKTRIP #605,"I-270, EXIT 33",Saint Louis,MO,540,2.899,38.767157083102,-90.205588462024
2255,S&G #36,"I-280, EXIT 2 & SR-795",Millbury,OH,550,3.49233333,41.558967000599,-83.46326296379
2267,Circle K #4703917,"I-65, EXIT 112 & SR-25",Cross Plains,TN,460,2.949,36.527550224542,-86.641733425447
2283,CIRCLE K #2707321,SR-60,Bartow,FL,225,3.52233333,27.915641,-81.718635
2287,SAC SHOP #511,"I-76/I-70, EXIT 146 & I-99/US-220 EXIT 1",Bedford,PA,14,4.099,40.049962237132,-78.516602981116
2306,SCOTCHMAN #3894,"I-77, EXIT 73 & SR-901",Rock Hill,SC,210,3.079,34.915109234698,-81.046459797952
2310,MAPCO #3686,"I-24, EXIT 175",Chattanooga,TN,285,2.889,35.02668920033,-85.366344203696
2311,SHELL,"I-24 & EPPS MILL RD, EXIT 89",Christiana                              ,TN,460,3.13233333,35.722229017747,-86.320516041629
2331,PINNERS POINT,SR-135,Portsmouth,VA,130,3.499,36.85543,-76.32355
2336,FLYING J TRAVEL PLAZA #754,"I-77 & I-81, EXIT 77",Wytheville,VA,185,3.549,36.961217679531,-81.065005166952
2340,RSTORE #4478,SR-8 & SR-13,Prentice,WI,395,3.039,45.60058414964,-90.373330931353
2557,PWI #106,"I-30, EXIT 77B",Royse City,TX,630,2.899,32.971601,-96.326253
2602,PILOT TRAVEL CENTERS #9,"I-75, EXIT 36",Franklin,OH,407,3.35233333,39.542654,-84.290451
2623,TA JANESVILLE TRAVEL CENTER,"I-90/I-39, EXIT 171B & US-14",Janesville,WI,420,3.299,42.714375,-88.979281
2626,WEST END SINCLAIR,"I-80, EXIT 211",Rawlins,WY,838,3.319,41.782384598834,-107.261758579625
2629,PILOT TRAVEL CENTERS #253,"I-295 & NJ TRNPK,  EXIT 2B",Penns Grove,NJ,243,3.989,39.679289297051,-75.488660100609
2635,FLYING J #584,"I-5, EXIT 278",Aurora,OR,935,3.859,45.230722857114,-122.809873989408
2638,PIT STOP TRAVEL CENTER,US-789,Riverton                                ,WY,790,4.399,43.032509,-108.380042
2640,LITTLE NASHVILLE,"I-64, EXIT 50 & SR-127",Nashville,IL,540,3.299,38.435566641769,-89.370539381034
2644,FREDERICKS TRAVEL CENTER,"I-25/US-87, EXIT 235 & SR-52",Erie,CO,800,3.499,40.08762978356,-105.050388158079
2756,PAR MAR FOOD STORE #89,"I-77/SR-2, EXIT 170 & SR-14 E",Mineral Wells,WV,430,3.499,39.188439808408,-81.528913165223
2761,PONY EXPRESS SERVICE CENTER,US-36 & SR-148,Hanover,KS,316,2.95566666,39.842217988261,-96.862376992061
2764,LOVES TRAVEL STOP #046,US-64/54 & SR-94,Hooker,OK,585,3.56233333,36.774370042804,-101.205845054242
2765,LOVES TRAVEL STOP #023,US-50 & US-287,Lamar,CO,525,3.46233333,38.115359394865,-102.722795485855
2772,PILOT TRAVEL CENTER #29,"I- 80, EXIT 144; I-69, EXIT 357",Fremont                                 ,IN,465,3.899,41.750703031157,-84.995055826876
2779,Stinker #121,I-84 & EXIT 208,Heyburn,ID,787,3.56066666,42.568155393269,-113.792420036063
2788,JIFFY MART #451,"I-91, EXIT 17 & SR-302",Wells River,VT,39,3.569,44.161116813385,-72.089833902237
2805,Fast Stop Travel Centers #1145,"I-15,  EXIT 31",Downey,ID,825,3.799,42.433073851646,-112.181764998139
2807,SUDDEN SERVICE #25,"I-24, EXIT 11",Clarksville,TN,460,3.30733333,36.5215933,-87.2157506
2811,KWIK FILL #22,"I-90, EXIT 40 & SR-34/SR-31",Weedsport,NY,220,3.899,43.062298984367,-76.5595029305
2817,Chevron #382354,"I-5/US-12, EXIT 72",Chehalis,WA,977,4.299,46.547310112497,-122.876932800828
2848,TA TONOPAH TRAVEL CENTER,"I-10, EXIT 103",Tonopah,AZ,930,3.939,33.462841848069,-112.784406307507
2851,SPEEDWAY #2958,"I-8, EXIT 12",Yuma,AZ,900,3.479,32.670747054253,-114.439925414751
2862,TA TALLULAH TRAVEL CENTER,"I-20, EXIT 171 & US-65",Tallulah,LA,760,3.209,32.3891065048,-91.199482740462
2864,KUM & GO #0493,I-49 BUS/SR-59,Neosho,MO,535,3.059,36.882788377049,-94.317573529757
2875,CIRCLE K #2744138,"I-25, EXIT 101 & US-50/SR-47",Pueblo,CO,803,3.399,38.311719890159,-104.614913576134
2883,PILOT TRAVEL CENTERS #293,"I-75, EXIT 341 & CR-484",Ocala                                   ,FL,140,3.359,29.025679721052,-82.138655430082
2885,SP Truckstop & Travel Center,US-84/SR-38,Bainbridge,GA,20,3.599,30.902955682832,-84.539276933038
2889,MOULTON COWBOYS,SR-157,Moulton                                 ,AL,615,3.099,34.480192,-87.272947
2891,PETRO STOPPING CENTER #338,"I-80, EXIT 21",Sparks,NV,966,3.949,39.523216,-119.7078723
2895,EAGLE TRUCK STOP,I-77 EXIT 81,New Philadelphia,OH,249,3.31566666,40.489062458311,-81.478377576659
2896,NORTH LEWISTON DYNAMART,US-12 & SR 128,Lewiston,ID,970,3.669,46.42691,-117.006012
2897,GAS N GO #15,"I-80, EXIT 41",Lyman,WY,827,3.46566666,41.367961520446,-110.297210556936
2910,FLYING J TRAVEL PLAZA #685,"I-29 & I- 94, EXIT 349",Fargo                                   ,ND,341,3.569,46.847513218805,-96.841103721802
2913,ONE9#226,"I-40, EXIT 417 & SR-92",Dandridge,TN,405,3.259,36.044606403861,-83.454199623137
2915,TP TRUCK STOP,"I-15, EXIT 80",Fort Hall                               ,ID,825,3.519,43.019321974659,-112.407777599179
2917,GOLDYS TRUCK PLAZA,US-29,Rustburg,VA,185,3.519,37.230516,-79.186106
2922,LOVES TRAVEL STOP #210,"I-40, EXIT 158",Albuquerque,NM,580,3.52066666,35.106438292167,-106.655345246356
2923,LOVES TRAVEL STOPS #435,"I-95, EXIT 104 & SR-207",Ruther Glen,VA,180,3.589,37.9379122,-77.4658025
2924,HWY 190 FUEL STOP,US-190,Jasper                                  ,TX,610,3.13233333,30.872969609597,-94.107758905796
2926,EXIT 77 TRAVEL PLAZA,"I-81, EXIT 77 & SR-39",Harrisburg,PA,70,3.499,40.337740542711,-76.711705976263
2929,TA EXPRESS STEELE,"I-94, EXIT 200 & SR- 3",Steele,ND,390,3.599,46.864452584118,-99.910898059565
2935,CIRCLE K #2726163,"I-295, EXIT 22",Jacksonville,FL,75,3.299,30.332368902154,-81.762334379458
2937,FLYING J TRAVEL PLAZA #664,"I-75, EXIT 171",Walton,KY,300,3.08566666,38.857848,-84.625916
2956,PILOT TRAVEL CENTERS #275,"I-85, EXIT 39 I-77, EXIT 13",Charlotte,NC,46,3.55233333,35.273286207413,-80.833697323869
2963,SUPERPUMPER #26,"I-94, EXIT 258 & US-281",Jamestown,ND,390,3.629,46.884831943004,-98.717947025903
2967,PETRO STOPPING CENTER #317,"I-57, EXIT 71",Perrysburg,OH,550,3.78566666,41.5355,-83.4664
2968,E-Z MART #4460,"I-20,  EXIT 124",Monroe,LA,719,3.129,32.489570258062,-91.988450221152
2977,DISCOUNT FUEL,"I-90, EXIT 150 & SR-73",Kadoka,SD,506,3.229,43.84220130222,-101.525001028331
2982,CIRCLE K #2723726,"I-59/I-20, EXIT 52 & US-11/US-43/SR-7",Knoxville,AL,705,3.089,32.987548784813,-87.789400316677
3003,CHEVRON,"I-20, EXIT 186",Delta                                   ,LA,760,2.994,32.319908035743,-90.963458952723
3008,BUSY BEE,"I-10, EXIT 283 & US-129",Live Oak,FL,10,3.779,30.331059966114,-82.961910303253
3022,TA GREENCASTLE TRAVEL CENTER,"I-81, EXIT 5",Greencastle,PA,70,3.959,39.783934337327,-77.713689570765
3030,Mr Ts Riverside,US-412,Cardwell                                ,MO,435,3.199,36.041033,-90.337
3064,PORTS TO PLAINS TRAVEL PLAZA,US-50 & US-287,Lamar,CO,800,3.399,38.115359394865,-102.722795485855
3086,SPEEDWAY #4638,US-29,Madison Heights,VA,185,3.49566666,37.45022,-79.121234
3093,RSTORE #4488,US-51,Merrill,WI,395,3.24066666,45.129182,-89.638274
3096,HOBO PANTRY #6,US-431/SR-210,Dothan,AL,20,3.959,31.244998346663,-85.371804547204
3118,MOBIL,"I-87, EXIT 42 & US-11",Champlain,NY,39,3.799,44.980740000019,-73.456261229448
3128,TA ATLANTA SOUTH TRAVEL CENTER,"I-75, EXIT 201 & SR-36",Jackson,GA,18,3.334,33.294365795339,-83.964847271818
3138,TA EXPRESS #6264,"I-70, EXIT 26 & US-50",Grand Junction,CO,800,4.049,39.111125534903,-108.646636673717
3139,CHEROKEE TRAVEL MART,"I-40,  EXIT 108",Calumet                                 ,OK,483,3.10566666,35.534903,-98.236662
3148,YESWAY #1038,US-60 & SR-86,Neosho,MO,307,3.059,36.875248982979,-94.317896978146
3155,QUIK MART #18,US-72/SR-157,Tuscumbia                               ,AL,615,3.00733333,34.683723945645,-87.596021752729
3163,QUIKTRIP #71,"I-44, EXIT 238",Tulsa,OK,560,3.039,36.162721684587,-95.791678756255
3164,QUIKTRIP #102,"I-44, EXIT 222A",Tulsa,OK,560,3.039,36.080579931081,-96.047669587449
3165,LOVES TRAVEL STOP #213,"I-35, EXIT 211",Tonkawa,OK,500,3.584,36.650087240911,-97.345211246178
3167,JASPER FOOD MART,US-78,Jasper,AL,615,3.229,33.820374,-87.152697
3171,One9 #265,"I-40, EXIT 287 & SR-136",Cookeville,TN,405,3.084,36.156798872581,-85.500572645099
3176,BP,US-6 & SR-15,New Paris                               ,IN,365,3.65733333,41.449522982095,-85.844206011782
3178,ERNIES FUEL STOP #1605,SR-167,Kent,WA,977,4.599,47.413442552555,-122.220564995223
3179,MR FUEL #1020,"I-80 & I-94, EXIT 15B",Lake Station,IN,365,3.56566666,41.590216998751,-87.223905998852
3191,BUSY CORNER TRUCK STOP AND MARKET,"I-24, EXIT 105 & US-41/SR-2",Manchester,TN,460,3.049,35.533578378461,-86.162422484527
3205,CROSSROADS TRUCK STOP STATION,"I-29 & SR 34, MM 109",Colman                                  ,SD,530,3.159,43.978947505345,-96.758701399322
3206,PERHAM OASIS,US-10 & SR-78,Perham,MN,250,3.499,46.581486992809,-95.574601420935
3215,SHELL TRUCKSTOP,"I-4, EXIT 44",Polk City,FL,225,3.449,28.157882476407,-81.79777987761
3216,MAXS #124,"I-24, EXIT 86 & US-41",Oak Grove,KY,460,3.04233333,36.70151726775,-87.450682096902
3221,Southern Travel Plaza,"US-67, EXIT 55 & US-64/US-167 & SR-367",Bald Knob,AR,695,3.391,35.320593667508,-91.561319308054
3222,POMPANO TRUCK STOP,"I-95, EXIT 36B",Pompano Beach,FL,95,3.759,26.242144,-80.165721
3226,ONE9 #245,"I-81, EXIT 77 & SR-39",Harrisburg,PA,70,3.609,40.337740542711,-76.711705976263
3227,MR FUEL DBA ONE9 #64,"I-26 & US-17, EXIT 199",Summerville,SC,42,3.219,33.038132983743,-80.148364007542
3230,STRIPES #40815,US-281 & US-285,Falfurrias,TX,625,3.299,27.22687857824,-98.14622977238
3264,TA WEST MEMPHIS TRAVEL CENTER,"I-40/US-63, EXIT 260 & SR-149",Earle,AR,435,3.36733333,35.265944654759,-90.455070243907
3280,OUTPOST TRUCK STOP,US-85 & US-18/US-20,Lusk,WY,790,3.689,42.755317004749,-104.451826961921
3281,AMERICAN TRUCK PLAZA,I-80 EXIT 215 & SR-254,Milton,PA,138,3.799,41.020131535372,-76.790636543553
3284,CASEYS #4390,"I-49/US-71, EXIT 77 & US-160",Lamar,MO,416,3.199,37.495498004063,-94.300055236933
3297,SAPP BROS TRAVEL CENTER,"I-80, EXIT 370",Cheyenne,WY,795,3.70066666,41.155404891425,-104.66155349494
3316,TRUCKOMAT OF N LITTLE ROCK,"I-40, EXIT 161 & SR-391",North Little Rock                       ,AR,695,3.249,34.75069061716,-92.126234172993
3326,MIRABITO #61,"I-81, EXIT 32",Central Square,NY,12,4.299,43.28789845427,-76.12564335223
3330,TA # 211 GREENLAND TRAVEL CENTER,"I-95, EXIT 3A & US-101",Greenland,NH,34,3.759,43.059457963942,-70.802710605141
3349,QUEEN CITY TRUCK STOP,"I-20 & I-59, EXIT150",Meridian,MS,705,2.939,32.344859401856,-88.764021698741
3383,E-Express at Central Truck Stop,"I-35, EXIT 137",Oklahoma City,OK,483,2.879,35.590045325686,-97.435443020629
3386,LONGMONT TRUCK STOP,"I-25/US-87, EXIT 240 & SR-119",Longmont,CO,800,3.239,40.152603077828,-105.097007025405
3401,POPS Mart #333,"I-77, EXIT 48 & SR-200",Winnsboro,SC,46,3.09066666,34.510304887267,-80.996540772282
3413,COUNTRY GIRL TRUCK STOP,US-167 & SR-156,Winnfield,LA,590,3.319,31.965248922401,-92.775338917804
3415,JAYS EL CHEAPO FUEL STOP,"I-16, EXIT 104",Metter                                  ,GA,195,3.249,32.374219153625,-82.070682550728
3418,Par Mar Store #164,"I-79, EXIT 105 & CR-7",Jane Lew,WV,165,3.999,39.104669391692,-80.392819866721
3421,ERNIES TRUCK STOP,"I-5, EXIT 142",Federal Way,WA,977,4.599,47.3151765,-122.3346583
3422,PWI #167,"I-10, EXIT 601",Seguin,TX,740,2.889,29.5415309,-98.0695946
3427,JOHNNYS MARKET,"I-69, EXIT 357",Fremont,IN,465,3.699,41.7426199,-84.9983853
3432,PILOT TRAVEL CENTERS #34,"I-65, EXIT 201 & US-231",Remington,IN,365,3.659,40.76561381029,-87.118041784577
3435,PWI #168,"I-35, EXIT 266 & SR-195",Georgetown,TX,740,2.799,30.704068592624,-97.654215923271
3444,Acme Truck Stop,US-441/SR-500,Orlando,FL,140,3.449,28.418979,-81.403552
3460,CHROME TRUCK STOP,US-18 & US-169,Algona,IA,433,3.499,43.082805002612,-94.236207620351
3464,BOISE PETROLEUM LLC,"I-84,  EXIT 71",Boise,ID,785,3.379,43.38618709776,-115.998545061922
3471,ONE9 MR FUEL #72,"I-16, EXIT 160",Savannah,GA,195,3.119,32.070165422383,-81.205876291795
3475,PILOT TRAVEL CENTERS #56,"I-85, EXIT 63",Kannapolis,NC,46,3.499,35.4978485,-80.5611659
3477,CIRCLE K #4707404,"I-91, EXIT 7",Springfield,VT,170,3.699,43.267539810454,-72.433635969712
3479,FAST MARKET #4550,"I-75/SR-401, EXIT 136 & US-341",Perry,GA,85,3.099,32.58603563887,-83.927278068144
3493,CIRCLE K #2723675,"I-75, EXIT 290 & SR-20",Cartersville,GA,18,3.08566666,34.208280620083,-84.761820766996
3519,PILOT TRAVEL CENTERS #431,"I-10, EXIT 873",Orange,TX,610,3.309,30.111899,-93.821879
3522,SUNMART #308,US-59,Livingston                              ,TX,610,2.859,30.651614074314,-94.945664497914
3526,JOE STOP 99,"I-75, EXIT 99 & SR-119",Anna,OH,411,3.064,40.384200355217,-84.160852471441
3530,SPARKYS ONE STOP #22,"I-35, EXIT 111B & US-30",Jefferson,IA,320,3.23233333,41.685884343836,-95.719899029321
3536,PETRO STOPPING CENTER #307,I-40 EAST & S LAKESIDE Dr,Amarillo,TX,585,3.279,35.192627811428,-101.742379275031
3539,Bigs 211,"I-10, EXIT 620 & SR-123",Seguin,TX,740,3.099,29.57381985307,-97.941538683092
3545,STOCKMENS TRUCK PLAZA,"I-494, EXIT 64A",South Saint Paul,MN,450,3.499,44.879934171962,-93.024896232405
3580,STINKER I 80 TRAVEL PLAZA,"I-80, EXIT 221 & SR-76",Sinclair,WY,838,3.759,41.773156980878,-107.082920031195
3585,CHEVRON,"I-80, EXIT 129",Lovelock,NV,966,3.499,40.463077118499,-118.285106627021
3588,BINGO TRUCK STOP,"I-10, EXIT 829 & SR-124",Winnie                                  ,TX,610,2.999,29.818037895863,-94.383867315988
3592,TA BRIDGER TRAVEL CENTER #188,"I-80, EXIT 30 & CR-202",Fort Bridger,WY,835,3.71566666,41.311944789558,-110.509953933909
3593,TA Parowan Travel Center,"I-15, EXIT 78",Parowan,UT,910,3.70566666,37.85622645226,-112.831063509338
3605,SPEEDYS #6,"I-35, EXIT 33",Saint Joseph,MO,400,3.169,39.768194,-94.848164
3608,FUEL MART #787,"I-57, EXIT 212 & US-36",Tuscola,IL,280,3.199,39.791852661777,-88.264405032743
3614,PILOT TRAVEL CENTER #35,"I-80/90, EXIT 72 & US-31",South Bend                              ,IN,465,3.799,41.735842,-86.336689
3616,PILOT TRAVEL CENTERS #15,"I-75, EXIT 210",Toledo,OH,550,3.77233333,41.7240428,-83.5084043
3619,ROAD RANGER #141,"I-70, EXIT 23",Brazil,IN,375,3.659,39.449594035922,-87.12347719556
3620,One9 #16,"I-71 & US-68, EXIT 50",Wilmington                              ,OH,315,3.14233333,39.533760347186,-83.795326558778
3645,SNOW SHOE TRAVEL PLAZA,"I-80, EXIT 147 & SR-144",Snow Shoe,PA,14,3.469,41.026704167785,-77.949431813798
3678,TIMES MARKET #299,US-281 BUS,Alice,TX,625,3.099,27.807309517082,-98.08422130909
3688,SPEEDWAY #2314,"I-94, EXIT 243 & SR-29",New Baltimore,MI,342,3.579,42.676977010827,-82.816983487269
3692,CHARLOTTE TRAVEL PLAZA,"I-77,  EXIT 16B",Charlotte,NC,46,3.53233333,35.30882,-80.849375
3699,WARREN TRAVEL PLAZA,"I-69, EXIT 278 & SR-5",Warren,IN,375,3.399,40.719034001566,-85.436491968779
3702,BEARS DEN TRADING POST #101,ST 37 11 MI E OF MASSENA,Hogansburg                              ,NY,39,3.649,44.979091,-74.683684
3707,SPEEDWAY #4704,"I-90, EXIT 154",Albert Lea,MN,425,3.299,43.68999289191,-93.416168395011
3718,SPEEDWAY #4706,"I-90, EXIT 265",Chamberlain,SD,455,3.299,43.771208921573,-99.31487311601
3719,KEYSTONE TRUCK STOP,US-22 & SR-164,Loretto,PA,14,3.999,40.46543721597,-78.654857891917
3725,GENEVA TRUCK STOP,"I-79, EXIT 35/141",Cochranton                              ,PA,240,3.81566666,41.5402594,-80.1846591
3728,PLAZA 23 TRUCK STOP,"I-787, EXIT 2",Albany,NY,12,3.799,42.634556,-73.755354
3737,JORDAN'S KWIK STOP #70,US-49,West Helena                             ,AR,435,3.399,34.554618,-90.714818
3745,PILOT TRAVEL CENTER #906-TOWN PUMP,"I-90, EXIT 408 & SR-78",Columbus,MT,780,3.58066666,45.647874994039,-109.247346031129
3759,EXXON,US-67 & SR-18,Newport,AR,695,4.13233333,35.638592711482,-91.238392121735
3767,SIMMONS TRAVEL CENTER,"I-95, EXIT 8 & US-301",Emporia,VA,180,3.099,36.665156,-77.553782
3772,Brake Time Corner Market,"I-25, EXIT 240",Burlington                              ,CO,800,3.499,39.30229,-102.269362
3774,SINCLAIR,"I-70, EXIT 438",Burlington                              ,CO,796,3.889,39.299890833599,-102.256145585604
3781,REATTA TRAVEL STOP,"I-76, EXIT 149 & SR-55/CR-81",Crook,CO,475,3.38233333,40.82447599658,-102.804802014867
3783,CIRCLE K #2744095,"I-25, EXIT 215",Denver,CO,800,3.299,39.799630844349,-104.985351564803
3794,SPEEDWAY #4701,"I-90, EXIT 73",Jackson,MN,425,3.299,43.639353033733,-94.998305280285
3817,FAST MARKET,"I-25, EXIT 158",Colorado Springs,CO,803,3.159,39.0514196,-104.848172
3843,ONCUE EXPRESS #61,"I-35, EXIT 185 & US-77",Perry,OK,500,3.21566666,36.27494904272,-97.326922601707
3868,SHORE STOP #279,US-13,Greenwood,DE,194,3.259,38.801994,-75.586288
3888,Fics Plaza,"I-90, EXIT 184",Deer Lodge                              ,MT,816,3.519,46.4152731,-112.7236088
3889,CIRCLE K #2701686,"I-75, EXIT 220",Bradenton,FL,225,3.439,27.495408654132,-82.474574357595
3907,SUNOCO,US-46 & SR-93,Palisades Park,NJ,105,3.279,40.843591597324,-74.00479971152
3908,SEMINOLE TRUCK STOP,"I-75, EXIT 354",Fort Lauderdale,FL,95,3.699,26.05047099301,-80.212600351675
3927,MICCOSUKEE SERVICE PLAZA,"I-75, EXIT 49 & SR-84",Fort Lauderdale                         ,FL,95,3.66566666,26.092844826445,-80.140931149954
3936,Uncle Petes Truck  Stop,"I-40, EXIT 239 & US-70/SR-26",Lebanon,TN,460,2.989,36.212324960053,-86.290018364104
3946,Fast Lane,US-24 & US-63,Moberly,MO,310,3.469,39.444702081124,-92.419677708493
3949,SUNSTOP #337,"I-10/SR-8, EXIT 303 & US-441",Lake City,FL,75,3.699,30.241999042562,-82.635631700181
3956,CIRCLE K #2707451,US-27/SR-25 & SR-70,Lake Placid,FL,225,3.399,27.208391920295,-81.328586768978
3964,SPEEDWAY #6604,"I-94, EXIT 66",Mattawan,MI,465,3.499,42.222467358908,-85.788311107705
3970,EXXON - Pilot #1293,"I-30, EXIT 61",Garland,TX,630,2.84233333,32.8360536797,-96.606673950955
3973,LOVES TRAVEL STOP #205,"I-35 & I-44, EXIT 137",Oklahoma City,OK,483,3.319,35.539767307015,-97.460839011455
3974,LOVES TRAVEL STOP #201,I-40 EXIT 41,Elk City,OK,483,3.12566666,35.421361567624,-99.363580046281
3975,SUNSTOP #334,"I-10, EXIT 335 & SR-121",Macclenny,FL,75,3.459,30.258996519381,-82.122939732914
3979,PETRO GARY 369,"I-80 & I-94, EXIT 9",Gary,IN,365,3.83066666,41.590216998751,-87.223905998852
4006,MISSILE MART #1,US-167 & SR-7,El Dorado,AR,635,3.499,33.187859003985,-92.635148024482
4008,BALDWIN TRAVEL PLAZA,"I-94, EXIT 19 & US HWY 63",Baldwin                                 ,WI,295,3.503,44.864820298026,-92.374803580037
4025,BP,"I-85, EXIT 21  & US-178",Anderson,SC,30,2.909,34.579609937576,-82.691625592165
4035,PILOT TRAVEL CENTERS #430,"I-40,  EXIT 84",Russellville,AR,695,3.399,35.280688,-93.092769
4062,DUDLEYS TRUCK STOP RESTAURANT,US-220,Rocky Mount,VA,185,3.299,37.045506,-79.878486
4063,STUCKEY'S,"I-59, EXIT 67 & US-49",Hattiesburg,MS,620,2.999,31.434062406057,-89.420828217453
4080,PILOT TRAVEL CENTERS #874,US-41,Miami,FL,176,3.699,25.7601418,-80.4804421
4101,E-Z MART #4411,HIGHWAY 69 & COBBLESTONE DR,Pryor,OK,560,3.099,36.3071316,-95.314464
4113,ASAP GENERAL STORE #330,US-412/SR-15,Enid,OK,500,3.08233333,36.390914174122,-97.873004801838
4115,QUIKTRIP #707,"I-85 , EXIT 96",Atlanta,GA,18,3.34066666,33.902804949493,-84.242070896754
4119,JET FOOD STORE #82,US-441 & CR-13,Douglas,GA,10,3.44066666,31.465822589834,-82.8420787991
4156,PETRO STOPPING CENTER #305,"I-10, EXIT 582",San Antonio,TX,740,3.20733333,29.4362103,-98.3786705
4161,EL CHEAPO,I-95 & EXIT 76,Midway                                  ,GA,195,3.52566666,31.772354292577,-81.379677821593
4164,CIRCLE K #2723897,"I-75, EXIT 138",Thomasville,GA,20,3.23566666,30.835582,-83.94052
4169,TA KINGMAN TRAVEL CENTER,"I-40, EXIT 48 & US-93",Kingman,AZ,910,3.899,35.14045962878,-114.23702887272
4171,PETRO SERVE USA #11,US-2 & US-71,Bemidji,MN,355,3.499,47.49144668574,-94.920787408445
4172,FLYING J TRAVEL PLAZA #639,"I-90, EXIT 2",Post Falls,ID,970,3.76233333,47.71131,-116.996834
4179,CIRCLE K #2705352,"I-95/SR-405, EXIT 109 & SR-30/SR-21",Port Wentworth                          ,GA,195,3.099,32.194485412973,-81.19249506878
4187,FLYING J TRAVEL PLAZA #632,"I-75, EXIT 320",Resaca,GA,285,3.29566666,34.576835,-84.946624
4193,TIGER MART #63,"I-20, EXIT 454",Grand Prairie,TX,630,3.599,32.676418604157,-97.040591154957
4199,PWI #574,"I-70, EXIT 193/US-40",Bunker Hill,KS,357,2.959,38.857631807912,-98.705131964114
4204,PILOT TRAVEL CENTER #415,"I-59, EXIT 4",Rising Fawn,GA,285,3.819,34.7699604,-85.5430059
4211,FLYING J #513,"I-15, EXIT 1",Jean,NV,910,3.73233333,35.615712172307,-115.388063200529
4220,KENNETT TRUCK STOP,"I-275, EXIT 16",Lawrenceburg                            ,IN,300,3.424,39.125328165761,-84.831712543487
4222,Circle K #4703906,"I-24, EXIT 24 & SR-49",Pleasant View,TN,460,2.899,36.402392003873,-87.024965969392
4223,TA PEMBROKE TRAVEL CENTER,"I-90, EXIT 48A",Corfu,NY,38,3.839,43.001563545216,-78.415583115202
4227,LOVES TRAVEL STOP #203,"I-40, EXIT 140",Oklahoma City,OK,483,3.35566666,35.460011599606,-97.695772617972
4233,QUIKTRIP #7220,"I-20, EXIT 8",Shreveport,LA,745,2.89233333,32.447679998562,-93.897983536077
4239,SPEEDWAY #8256,"I-64, EXIT 94 & SR-1958 & US-60",Winchester,KY,410,2.92233333,38.008125181314,-84.164759276512
4241,EXXON,"I-285, EXIT 53",Conley,GA,18,3.999,33.67251,-84.329539
4267,CONOCO,US-30 & SR-41,Gap,PA,160,3.799,39.979382394577,-76.01586603311
4292,KUM & GO #0032,"I-80/US-6, EXIT 155 & SR-117",Colfax,IA,320,3.08233333,41.693128916292,-93.246796370133
4301,TIGER DISCOUNT TRUCKSTOP,"I-94, EXIT 64 & I-94 BUS",Dickinson,ND,807,3.51566666,46.883845206762,-102.728132411245
4311,Saveway Truck Plaza,"I-65, EXIT 164 & US-31",Hope Hull,AL,720,3.139,32.264284228691,-86.356494148801
4331,KWIK STOP C STORES,US-61/US-151,Dubuque,IA,335,3.559,42.405969085365,-90.744563616253
4332,PILOT TRAVEL CENTERS #468,"I-57, EXIT 283 & US-24",Gilman,IL,280,3.459,40.750732,-88.002085
4335,HIGHWAY 20  AUTO TRUCK PLAZA,US-20,Peosta,IA,335,3.489,42.441264,-90.782695
4339,ROAD RANGER #273,I-69E/US-77 & SR-107,Combes,TX,639,3.049,26.248469504643,-97.726982290729
4349,ROAD RANGER #144,"I-380, EXIT 68US-20, EXIT 68",Evansdale,IA,565,3.729,42.456658170305,-92.251753982423
4363,EL CHEAPO #4,"I-95, EXIT 87",Richmond Hill,GA,195,3.09566666,31.925854365617,-81.329271371232
4368,HOODS SERVICE CENTER,"I-44, EXIT 61",Bois D Arc,MO,535,3.074,37.188088,-93.570067
4372,GRADYS TRUCKSTOP,"I-16, EXIT 111",Pulaski                                 ,GA,195,3.46566666,32.33861638283,-81.955360336671
4373,KUM & GO #0043,"I-35, EXIT 43 & SR-207/CRG76",New Virginia,IA,320,3.114,41.174184345444,-93.783625220654
4389,TAYLOR QUIK-PIK,"I-29, EXIT 75 & US-30",Missouri Valley,IA,486,3.399,41.554725532066,-95.91754673584
4395,BREAK TIME #3147,"I-55, EXIT 67 & US-62",Sikeston,MO,275,3.499,36.891846513325,-89.535295050375
4417,TA MORIARITY TRAVEL CENTER,"I-40, EXIT 194",Moriarty,NM,580,3.21733333,35.01504178256,-106.069902917813
4419,CASEYS #3081,"I-35, EXIT 92 & US-136",Bethany,MO,400,3.06066666,40.265174019274,-94.013739001944
4427,CASEYS #2654,"I-80/US-6, EXIT 93 & CR-P28",Stuart,IA,320,3.099,41.491203713925,-94.318515730239
4431,CASEYS #2653,"US-63 & US-30, EXIT 202",Toledo,IA,320,3.349,41.982260696582,-92.581692269343
4437,UNDERWOOD TRUCK STOP I 80,"I-80, EXIT 17",Underwood                               ,IA,319,3.00066666,41.37295343535,-95.678112717203
4441,PILOT TRAVEL CENTERS #51,"I-81 BAILEYTON RD, EXIT 36",Greeneville,TN,405,3.56233333,36.173889287261,-82.827012473571
4442,Minuteman Food Mart #58,US-74/US-76,Delco,NC,245,3.50733333,34.309255,-78.200014
4445,TA Rogers,"I-94/US-52, EXIT 207 & SR-101",Rogers,MN,448,3.274,45.195346365242,-93.552364604404
4446,LOVES TRAVEL STOP #200,I-40 EXIT 74,Amarillo,TX,585,3.209,35.19198,-101.760994
4451,PRAIRIE JUNCTION TRUCK STOP,"I-29, EXIT 109 & SR-34",Colman,SD,530,3.099,43.978935016309,-96.760498982277
4452,CASEYS #2867,US-63 & US-20,Waterloo,IA,380,3.499,42.458665986759,-92.40506101046
4458,KUM & GO #1443,"I-80, EXIT 216",Williamsburg,IA,380,3.13066666,41.689080170507,-92.063533915175
4460,EXIT 62 TRUCKSTOP,"I-71, EXIT 62 & US-127",Glencoe,KY,415,3.16566666,38.742060150831,-84.833847756886
4463,QUIKTRIP #7901,"I-20, EXIT 556 & US-69",Lindale,TX,710,2.80733333,32.468290119539,-95.391659549499
4482,FLYING J FUEL STOP #777,"I-84, EXIT 54(FEDERAL WAY)",Boise,ID,785,3.76566666,43.510616230368,-116.142112559924
4492,3 MILE CORNER TRUCK STOP,US-2 & US-95,Bonners Ferry,ID,970,3.734,48.731266999958,-116.299909034884
4525,STINKER #42,US-12/US-95 & SR-128,Lewiston,ID,970,3.69733333,46.424318596918,-117.00030287588
4528,WENATCHEE VALLEY TRUCK STOP,US-97 ALT,Wenatchee,WA,920,4.089,47.395487368469,-120.295695946119
4533,SPEEDWAY #1449,"I-65, EXIT 262B",Birmingham                              ,AL,615,2.97566666,33.542982083597,-86.826660479322
4544,BIG CHARLIES TRUCK PLAZA,"I-64, EXIT 282 & US-13",Virginia Beach,VA,130,3.489,36.8849811,-76.1863497
4555,PILOT TRAVEL CENTERS #406,"I-65, EXIT 22 & US-31A/SR-11",Cornersville,TN,460,3.799,35.304323942542,-86.884117013255
4560,FAST STOP TRAVEL CENTERS #1109,"I-15, EXIT 392",Plymouth,UT,835,3.58233333,41.883797777596,-112.169585490448
4563,PILOT TRAVEL CENTER #299,"I-55/I-74/US-51, EXIT 160 & US-150/SR-9",Bloomington                             ,IL,280,3.599,40.488227775232,-88.992931135599
4568,ONVO TRAVEL PLAZA,"I-90, EXIT 28",Fultonville,NY,12,3.159,42.944263985017,-74.356221551045
4569,METROPOLIS TRUCK STOP,"I-24, EXIT 37 & US-45",Metropolis,IL,490,3.599,37.161663853173,-88.685265126957
4574,Circle K #4701432,"I-74, EXIT 174",Mahomet,IL,280,3.669,40.188450256914,-88.369467321777
4582,BIG CHIEF TRUCK STOP,"I-94/US-52, EXIT 61 & US-59/CR-82",Fergus Falls,MN,250,3.23566666,46.209069479354,-96.019317459324
4605,PILOT DEALER #898 SADLERS TRUCK STOP,"I-95, EXIT 11B & US-58",Emporia,VA,180,3.799,36.703747993663,-77.552163962998
4618,OUTPOST TRAVEL CENTER,"I-20, EXIT 5 & US-80",Greenwood,LA,745,2.899,32.443200751414,-93.952205732443
4620,PILOT TRAVEL CENTER #95,"I-75, EXIT 329 & SR-44",Wildwood                                ,FL,225,3.319,28.847328954824,-82.042726433945
4622,TA LEE HI TRAVEL PLAZA,"I-81,  EXIT 195",Lexington,VA,185,3.659,37.840019941752,-79.366601546267
4628,QUARLES #4601,US-29/US-17/US-15,Warrenton,VA,60,3.32233333,38.718191553132,-77.807402778192
4637,PILOT TRAVEL CENTER #514 - THORNTONS #369,"I-55, EXIT 126 & SR-10",Lincoln                                 ,IL,318,3.399,40.159971193942,-89.417459881607
4642,MARSHAL JUNCTION,"I-70, EXIT 147 & SR-1",Marshall                                ,IL,510,3.399,39.392686158306,-87.693616695701
4644,CIRCLE K #4706703,"I-80, EXIT 145A",Mokena,IL,290,3.339,41.552704908048,-87.860539528795
4654,7-ELEVEN #35087,"I-490, EXIT 2 & SR-33 & SR-19",Bergen,NY,190,4.029,43.07342301266,-77.946797962276
4655,QUICKLEES TRAVEL CENTER,"I-86, EXIT 30 & CR-20",Belmont,NY,190,3.999,42.306468253117,-78.023053235995
4690,PWI #401,"I-20 & I-30, EXIT 1B",Aledo,TX,630,2.799,32.720957995728,-97.568402969077
4700,A C TRUCKSTOP,"I-80, EXIT 290",Laramie                                 ,WY,795,3.079,41.440621807942,-105.946978375974
4704,THE RIDGE,"I-68/US-219, EXIT 14 & US-40",Accident,MD,165,4.199,39.691009083619,-79.24896308186
4707,SMITHTON TRUCKSTOP,"I-70, EXIT 39 & SR-3059",Smithton,PA,165,3.899,40.170896,-79.730053
4729,MINIT MART #600244,"I-70, EXIT 131",Straughn,IN,457,3.859,39.851729010735,-85.266328034379
4742,FLYING J TRAVEL PLAZA #684,"I-94, EXIT 1 & SR-16",Beach,ND,807,3.96566666,46.933015210988,-104.007687682289
4750,BROOKE TRAVEL PLAZA,"I-80, EXIT 259",West Liberty,IA,380,2.98733333,41.663539712559,-91.246186082748
4762,TA MONROE TRAVEL CENTER,"I-75, EXIT 15",Monroe,MI,325,3.299,41.929277878139,-83.359578498749
4806,TRACK AND TRAVEL,"I-20, EXIT 406",Weatherford,TX,630,2.91733333,32.72822324971,-97.825580076825
4818,PILOT TRAVEL CENTERS #350,"I-84 & US-20, EXIT 95",Mountain Home,ID,785,3.759,43.139189981455,-115.663824004896
4819,Alta Convenience #6333,"I-25, EXIT 11",Trinidad,CO,803,3.399,37.166438,-104.510901
4826,I-20 Truck Stop,"I-20, EXIT 165",Lincoln,AL,615,2.999,33.591434,-86.157922
4827,PETRO BEAUMONT #304,"I-10, EXIT 848",Beaumont,TX,610,3.33066666,30.034989803377,-94.159792281796
4837,SHELL,US-10 & SR-210,Motley,MN,522,3.399,46.34052500424,-94.649465035018
4856,PILOT TRAVEL CENTER #910- TOWN PUMP,"I-90, EXIT 274 & US-287",Three Forks,MT,786,3.59733333,45.917361982128,-111.59734803792
4858,PILOT DEALER #1346,"I-135, EXIT 31",Newton,KS,570,3.409,38.039227200359,-97.322478636619
4860,PILOT TRAVEL CENTERS #476,"I-74, EXIT 32 & SR-17",Woodhull,IL,270,3.899,41.180679671635,-90.334803680583
4872,TA COMMERCE TRAVEL CENTER,"I-85, EXIT 149 & US-441",Commerce,GA,16,3.21566666,34.300457876207,-83.475714873787
4874,PWI #110,"I-20, EXIT 112 & FM-1936",Odessa,TX,710,3.049,31.810851777527,-102.433797805571
4878,SHELL DBA ONE9 #1426,"I-84, EXIT 35",Nampa                                   ,ID,785,3.374,43.600915201808,-116.578603920115
4881,PETRO STOPPING CENTER #14,"I-295, EXIT 56",Bordentown,NJ,230,4.029,40.123289,-74.71296
4885,LOVES TRAVEL STOP #384,"I-70, EXIT 45",Greenville,IL,540,3.749,38.872798612135,-89.38298632983
4887,SUNOCO,"I-80 & I-90, EXIT 3",Wauseon                                 ,OH,550,3.699,41.59347898401,-84.139350039949
4894,CLOVERDALE TRAVEL PLAZA,"I-70, EXIT 41 & US-231",Cloverdale,IN,375,3.699,39.531682494344,-86.802836482787
4905,HY-MILER #2204,SR-250,Sandusky,OH,550,3.53233333,41.337233900033,-83.253908572098
4909,CIRCLE K #2723916,US-441/US-301/US/27/SR-500,Ocala,FL,140,3.459,29.183047660272,-82.14035661759
4910,PILOT TRAVEL CENTER #892,"I-70 EXIT 164, & US-50",Green River,UT,835,3.68566666,38.975980020583,-110.126395025349
4918,PILOT TRAVEL CENTERS #219,"I-40, EXIT 398",Knoxville,TN,405,3.699,35.9035674,-84.1411008
4920,TA LAPLACE,"I-10, EXIT 209 & US-5",La Place,LA,600,3.22733333,30.087546225672,-90.437477059584
4921,PILOT TRAVEL CENTERS #231,"I-75, EXIT 29",Corbin,KY,410,3.609,36.975144,-84.107746
4927,CIRCLE K #2704886,"I-65, EXIT 205 & US-31/SR-22",Clanton,AL,720,3.20733333,32.83711049724,-86.630026438958
4933,VILLAGE TRUCK STOP,"I-81, EXIT 18",Rural Retreat                           ,VA,185,3.299,36.886155,-81.373099
4977,KWIK TRIP #331,SR-54,Wisconsin Rapids,WI,395,3.26233333,44.406567,-89.789061
4981,JOHNNYS MARKET,"I-94, EXIT 110 & US-27",Marshall,MI,385,3.499,42.293595459402,-84.962354474498
4983,KWIK TRIP #603,"I-94, EXIT 28 & SR-128",Wilson,WI,451,3.549,44.861414956684,-92.197384860868
4996,ZIP TRIP #54,"I-90, EXIT 452",Billings,MT,780,3.59066666,45.795259791056,-108.460152377181
5003,TRAILWAY TRUCK STOP,US-301/SR-304,Centreville                             ,MD,22,3.259,39.054209266982,-76.081621642739
5006,SUNOCO,US-1/US-9,Linden,NJ,79,3.799,40.626674909117,-74.243412872493
5024,I 55 MOTOR PLAZA,"I-55,  EXIT 180",Pevely,MO,540,2.99066666,38.284049,-90.403209
5030,YESWAY #1030,US-63 & E MARY ST,Ottumwa,IA,320,3.399,40.994175002442,-92.403746602313
5044,TA MOUNT VERNON TRAVEL CENTER,"I-44, EXIT 46 & SR-39/SR265",Mount Vernon,MO,535,3.409,37.094488837179,-93.818652038097
5050,ROCK PORT TRUCK PLAZA,"I-29 & US-136, EXIT 110",Rock Port,MO,400,3.099,40.407210607271,-95.555599562617
5056,TREX MART #16,"I-35, EXIT, 61 & US-69",Winston,MO,276,3.119,39.853512979976,-94.177838980303
5057,PHILLIPS 66,"I-35, EXIT 54 & I-35 BUS/US-36",Cameron,MO,276,3.099,39.75035220373,-94.219848827561
5060,CRAZY FREDS TRUCK SHOP,"I-40, EXIT 44 & US-66",Kingman,AZ,910,3.539,35.144512,-114.094288
5064,CLARK OIL #44,"I-59, EXIT 97",Laurel                                  ,MS,620,2.879,31.699079250863,-89.118104207979
5079,FASTLANE TAYLOR 63,US-61 & SR-6,Taylor,MO,494,3.01566666,39.917470002508,-91.523999940382
5085,K AN T TRUCKSTOP,"I-79, EXIT 137 & SR-310",Fairmont,WV,165,3.399,39.472841010183,-80.121033010129
5111,CIRCLE K #2723385,"I-59, EXIT 67 & US-49/SR-42",Hattiesburg,MS,620,3.149,31.378512411568,-89.320694613909
5117,CIRCLE K #4702361,"I-65, EXIT 130 & SR-334",Whitestown,IN,375,3.29233333,39.945226452603,-86.351324351686
5128,CASEYS #2769,"I-80, EXIT 220 & SR-149",Williamsburg,IA,380,3.14233333,41.664159400528,-92.007422855002
5131,TRAILS END TRUCK STOP,"I-29, EXIT 110 & US-136",Rock Port,MO,486,3.40566666,40.406512017551,-95.556181266697
5132,Travel Centers of America,"I-44, EXIT 208 & SR-19",Cuba,MO,574,3.26566666,38.046160170043,-91.395244419002
5160,FUEL MART #727,"I-70, EXIT 193",Quaker City                             ,OH,249,3.16566666,40.053950067628,-81.321949909596
5163,Blue Sky #733,"US-78, EXIT 81 & SR-178",Belden,MS,742,2.939,34.312874079165,-88.788676450734
5165,ONE9 #046,"I-65, EXIT 6 & SR-100",Franklin,KY,415,3.08566666,36.718860594601,-86.578447122808
5167,SPEEDWAY #7575,"I-65, EXIT 255",Hobart,IN,290,3.63233333,41.504000840109,-87.319480702307
5170,FLYING J #516,"I-76, EXIT 161 & I-70",Breezewood,PA,14,5.099,39.986529,-78.261682
5183,PETRO STOPPING CENTER #74,I-95 & EXIT 106,Kenly,NC,205,3.709,35.576045483153,-78.150770905498
5191,NORTH POINT PLAZA,"I-90 & I-94, EXIT 115",Poynette,WI,420,3.17233333,43.41108299485,-89.467882965444
5202,Chevron #306185,US-30,Montpelier,ID,825,3.699,42.356729,-111.303229
5203,OASIS TRAVEL CENTER,"I-10, EXIT 53",Robertsdale,AL,715,3.469,30.630334,-87.615955
5207,JJ TRAVEL PLAZA,"I-70, EXIT 70 & US-83",Oakley,KS,525,3.61566666,39.188265003817,-100.869856095347
5227,PILOT TRAVEL CENTERS #900,"I-95, EXIT 75",Dunn,NC,205,3.709,35.3186989,-78.5745957
5230,ONE9 #496,"I-80, EXIT 265",Atalissa,IA,270,3.01566666,41.64561506161,-91.153663898369
5232,CM EUNICE,US-190,Eunice,LA,730,3.399,30.493898,-92.4152
5234,SINCLAIR,SR-37,Monett,MO,277,3.29066666,36.899658,-93.926047
5236,FLYING J #875,"I-95,  EXIT 109",Elkton,MD,243,4.199,39.606563,-75.833085
5245,CASEYS #3842,US-36 & US-283,Norton,KS,357,3.15733333,39.82934439006,-99.888997144599
5247,EDGERTON TRAVEL PLAZA,"I-90, EXIT 160 & US-51",Edgerton,WI,420,3.199,42.920642470857,-89.09783037338
5249,Taylor's Stateline Travel Center,US-67 & SR-278,Neelyville,MO,275,2.999,36.5616108,-90.5118997
5254,TA CANDLER TRAVEL CENTER,"I-40, EXIT 37",Candler,NC,210,3.799,35.541474534945,-82.755770497403
5255,7-ELEVEN #35788,"I-35, EXIT 215",Olathe,KS,400,3.339,38.851599328166,-94.819914125103
5258,PT TRUCK STOP,"I-12, EXIT 42",Hammond                                 ,LA,623,3.249,30.479162307648,-90.411076518944
5282,CASEYS #3548,US-54 & US-61,Pratt,KS,357,3.14066666,37.645711008294,-98.716492028309
5285,TULLO TRUCK STOP,"I-95, EXIT 15E & US-1/US-9",Kearny,NJ,79,3.799,40.731121048838,-74.126664643483
5297,ERNIES TRUCK STOP,"I-90,  EXIT 179 & I-90 BUS/SR-17",Moses Lake,WA,920,4.179,47.099196290178,-119.247084259636
5299,Sudden Service #62,"I-65, EXIT 6 & SR-100",Franklin,KY,460,3.084,36.718860594601,-86.578447122808
5302,ONE9 #258,"I-81, EXIT 150 & US-220 ALT & US-11",Troutville,VA,185,3.03233333,37.387223382195,-79.902578359424
5306,PILOT TRAVEL CENTERS #11,"I-76, EXIT 232",North Lima                              ,OH,573,3.799,40.9591305,-80.6605261
5309,NEWBORN TRUCK STOP,I-20 EXIT 5,Tallapoosa,GA,48,3.40733333,33.680792,-85.264338
5310,FLYING J #576,"I-35, EXIT 69",Northfield,MN,515,3.859,44.469566937454,-93.291928690055
5324,HY-MILER #2245,SR-53,Fremont,OH,550,3.38233333,41.399008,-83.107281
5341,KWIK STAR #1160,"US-75, EXIT 118 & SR-3",Le Mars,IA,408,3.299,42.793005813282,-96.206322077758
5349,JET FOOD STORE #17,US-1/SR=4/SR-540 & US-220/SR-47,Wrens,GA,135,3.41566666,33.207986655641,-82.388313360311
5363,SPEEDWAY #6767,"I-75, EXIT 20",Manheim,PA,70,4.499,40.150302,-76.381566
5389,FLYING J TRAVEL PLAZA #744,"I-15, EXIT 343",Ogden,UT,835,3.749,41.231296,-112.007348
5391,PWI #605,"I-10, EXIT 378",San Simon,AZ,640,2.959,32.2744078,-109.2557563
5399,FLYING J TRAVEL PLAZA #750,"I-81 & I-77, EXIT 80",Max Meadows,VA,185,3.549,36.94839441541,-80.927138701513
5407,CASEYS #4535,US 81,Concordia                               ,KS,570,2.91233333,39.489346255776,-97.665879431956
5414,Pride Travel Center dba One9 #1216,"I-10 ,EXIT 200 & SR-84",Eloy,AZ,930,3.199,32.750514181734,-111.552356546231
5419,USA TRAVEL CENTER,"I-40, EXIT 48 & US-93",Kingman,AZ,910,3.399,35.19252,-114.070255
5422,K AND H TRUCK PLAZA,"I-57, EXIT 283 & US-24",Gilman,IL,290,3.099,40.754589003134,-88.006882887899
5424,WK TRUCK STOP,"US-231 & SR-9001, EXIT 75",Beaver Dam,KY,340,3.399,37.368337194141,-86.843624164743
5435,MEADE AUTO AND TRUCK PLAZA,US-54,Meade                                   ,KS,525,3.799,37.28549,-100.339993
5436,PARKWAY MARATHON,"US-79, EXIT 94",Caneyville,KY,415,3.73233333,37.41306103914,-86.506567737994
5446,PETRO STOPPING CENTER #308,"I-20, EXIT 8 & SR-526",Shreveport,LA,745,3.17566666,32.446567007548,-93.899654133199
5462,BOOZER KWIK STOP,"I-15, EXIT 118",Idaho Falls                             ,ID,825,3.44733333,43.499817507884,-112.05416369291
5464,PILOT TRAVEL CENTERS #48,"I-65, EXIT 86",Glendale,KY,415,3.609,37.5958587,-85.8659965
5474,One9 #88,"I-95/SR-9, EXIT 201 & SR-520",Cocoa,FL,143,3.37566666,28.355821072555,-80.726551284329
5477,CHEVRON #383766,"I-5, EXIT 216",Halsey,OR,935,3.099,44.390547413617,-123.061890318459
5479,PILOT TRAVEL CENTER #94,"I-75, EXIT 161",Punta Gorda,FL,225,3.799,26.89382,-82.00916
5491,49ER FUEL CENTER,"I-75, EXIT 49",East Bernstadt                          ,KY,410,2.999,37.224072,-84.216074
5492,BFS FOODS #68,"I-70, EXIT 3",Hancock                                 ,MD,22,4.129,39.695852430164,-78.151474586462
5522,ONE9 #301,"I-55,  EXIT 40",Marston,MO,275,3.109,36.520049267301,-89.600863394256
5523,TA LIMON TRAVEL CENTER,"I-70, EXIT 359 & US-24",Limon,CO,800,3.92066666,39.263939,-103.641746
5529,FLYING J #549,"I-77, EXIT 100 & 101",Mount Airy,NC,65,3.599,36.481866950781,-80.750201901473
5537,HUCKS TRAVEL CENTER #51 dba FLYING J #889,"I-57/I-64, EXIT 95 & SR-15",Mount Vernon,IL,574,3.399,38.317681020184,-88.888202982234
5554,Southfork TRUCK STOP,"I-30, EXIT 63 & SR-53",Gurdon,AR,635,3.459,33.997128486632,-93.183926731899
5560,MIDWAY TRAVEL PLAZA,I-70 EXIT 121 & US-40,Columbia,MO,310,3.539,38.973461,-92.433656
5569,TA EXPRESS NORWOOD #0450,US-60,Norwood,MO,535,3.449,37.116896,-92.420031
5570,PETRO STOPPING CENTER #310,"I-12, EXIT 40 & US-51 BUS",Hammond,LA,725,3.249,30.4770055,-90.4578323
5579,SAPP BROS TRAVEL CENTER,US-30,Columbus,NE,486,3.219,41.117966,-102.950194
5592,TA COLUMBIA NORTH,"I-20, EXIT 71 & US-21",Columbia,SC,46,3.439,34.073577017558,-80.999656999949
5597,CM LAKE CHARLES FUEL STOP 36,"I-10, EXIT 36 & SR-397",Lake Charles,LA,690,3.299,30.236333447607,-93.201985012271
5601,BP,"I-24, EXIT 16",Paducah,KY,490,3.429,36.995272,-88.4992834
5603,TA NORTH CANTON TRAVEL CENTER,"I-77, EXIT 111",North Canton,OH,249,3.624,40.877645181782,-81.430828484416
5606,FLYING J #511,"I-94, EXIT 147",Mandan,ND,273,3.95233333,46.862678156103,-101.010731579937
5607,RICE MART,"I-45 & FM 1603, EXIT 238",Rice,TX,630,3.019,32.199598070502,-96.473793986797
5608,SHOP A LOTT  #3,US-84 & US-171,Mansfield                               ,LA,766,3.13566666,32.028450896977,-93.713703161904
5613,CHEVRON #381108,"I-82, EXIT 36",Yakima,WA,925,3.999,46.558040668647,-120.470350459834
5618,MCCLURE OIL #52,"I-65/US-52, EXIT 140 & SR-32",Lebanon                                 ,IN,375,3.584,40.046718284312,-86.467228853244
5649,Fast Stop,"I-10, EXIT 182 & SR-22",Sorrento                                ,LA,623,3.699,30.170158756415,-90.871264362851
5651,LOVES TRAVEL STOP #303,"I-64, EXIT 43 & SR-395",Waddy,KY,415,3.749,38.152806008306,-85.07037697596
5659,TEX-BEST #526,US-59 & US-281,George West,TX,625,3.299,28.326287394541,-98.114163017885
5660,Pride Convenience Store,"I-90, EXIT 51 & I-291",Chicopee,MA,100,3.509,42.161101,-72.614173
5661,TA Express #287,"I-40, EXIT 288 & SR-111",Cookeville,TN,460,3.299,36.134530875711,-85.483111808386
5667,PILOT TRAVEL CENTERS #393,"I-40, EXIT 24 & SR-209",Waynesville                             ,NC,210,3.759,35.571078618789,-82.957196674755
5669,KWIK TRIP #497,I-90 EXIT 266 & CR-12,Dakota,MN,515,3.474,43.913021781028,-91.360954539765
5670,TA MOUNT VERNON TRAVEL CENTER,"I-57 & I-64, EXIT 95",Mount Vernon,IL,574,3.539,38.270920979917,-88.93200601867
5674,TA MADISON TRAVEL CENTER,"I-20, EXIT 114 & US-441",Madison,GA,16,3.89066666,33.555957045042,-83.470860851208
5677,YESWAY #1178,CR-13,Kadoka,SD,506,3.189,43.901364199798,-101.800305934164
5691,Pilot Travel Center #666,"I-94, EXIT 30",Benton Harbor,MI,465,3.059,42.089724783827,-86.409058024366
5700,BEACON & BRIDGE #18,US-131 BUS,Big Rapids,MI,456,3.339,43.743417,-85.504438
5718,TOOT N TOTUM #104,US-287,Dalhart,TX,585,3.199,36.055878,-102.507047
5721,TA BALTIMORE SOUTH TRAVEL CENTER,"I-95, EXIT 41A & SR-175 & US-1",Jessup,MD,22,4.599,39.174021007109,-76.787248913565
5729,MENOMONIE FARMERS UNION,"I-94, EXIT 45 & CR-B",Menomonie,WI,295,3.649,44.911487,-91.932771
5730,SCOTTS QUICK STOP,SR-53 & SR-46,Marlette,MI,342,3.399,43.41468939251,-83.087163028814
5739,PILOT TRAVEL CENTERS #284,"I-75, EXIT 18",Monroe                                  ,MI,325,3.439,41.9638737,-83.3537938
5751,TA LAKE PARK TRAVEL CENTER,"I-75,  EXIT 2",Lake Park,GA,20,3.31566666,30.644045,-83.187484
5754,ROAD TRIP OASIS PERRY,"I-69, EXIT 105 & SR-52",Perry,MI,406,3.699,42.825193997857,-84.219186997143
5758,SPEEDY Q MARKET #8206,"I-94, EXIT 274",Port Huron                              ,MI,325,3.899,42.993598,-82.4476765
5770,Kwik Trip # 1281,"I-43, EXIT 107",Belgium                                 ,WI,444,3.25566666,43.497275903614,-87.830308291095
5771,DUNES AUTO TRUCK PLAZA,"I-94, EXIT 12",Sawyer,MI,465,3.599,41.8851726,-86.6041771
5774,PJ TRAVEL PLAZA,"I-80, EXIT 192 & SR-880",Loganton,PA,138,3.479,41.031721116794,-77.315725823244
5780,BILLS TRUCKSTOP,"I-85, EXIT 86                 ",Linwood                                 ,NC,65,3.449,35.7560371,-80.346653
5799,STAPLES OIL,"I-90, EXIT 146",Alden,MN,425,3.299,43.665799133702,-93.580217484697
5801,TA WYTHEVILLE TRAVEL CENTER,"I-81, EXIT 72 & I-77, EXIT 41",Wytheville,VA,185,3.519,36.97051655368,-81.06789211347
5821,TA PORTLAND TRAVEL CENTER,"I-5,  EXIT 278",Aurora,OR,935,4.03233333,45.230722857114,-122.809873989408
5823,ENMARKET #863,"I-95, EXIT 8 & SR-88",Hardeeville,SC,195,3.08233333,32.314482955128,-81.059613132556
5830,115 TRUCKSTOP #5001,"I-94, EXIT 115",Marshall,MI,431,3.589,42.282877413708,-84.864789465202
5842,PETRO STOPPING CENTER #6367,"I-57,  EXIT 335",Monee,IL,290,3.399,41.4258,-87.7549
5860,SPEEDWAY #4610,"I-35, EXIT 59 & SR-21",Faribault,MN,448,3.759,44.320762983673,-93.299833030114
5873,SOUTHERN VALLEY COOP,ST 14 BYPASS,Mankato                                 ,MN,425,3.499,44.1661305,-94.0054167
5901,ROTHSAY TRUCK STOP,"I-94, EXIT 38",Rothsay,MN,341,3.209,46.48232714449,-96.278641862108
5903,Circle K #2746447,I-94/US-52 EXIT 127 & US-71/SR-28,Sauk Centre,MN,250,3.189,45.739825420718,-94.951899558839
5907,SPEEDWAY #4035,CR-101,Shakopee,MN,448,3.599,44.799099757231,-93.465556688606
5909,SINCLAIR,"I-90, EXIT 233",Saint Charles,MN,515,3.529,43.952769333077,-92.062720167621
5927,HARRISONBURG TRAVEL CENTER,"I-81,  EXIT 243 & US-11",Harrisonburg,VA,185,2.899,38.4043698,-78.9103544
5935,WESTHAMPTON VALERO,I-295 EXIT 47A,Mount Holly                             ,NJ,160,3.329,40.042661625316,-74.834171354396
5942,EXPRESS MART TRUCK STOP,"I-55, EXIT 185 & US-67/US-61",Barnhart,MO,540,2.99733333,38.345155252617,-90.396411211252
5944,LAKE MILLS TRAVEL PLAZA,"I-94, EXIT 259 & SR- 89/CR-G",Lake Mills,WI,420,3.36066666,43.079814271225,-88.912598294621
5946,PILOT TRAVEL CENTERS #918,I-90 EXIT 55,Rapid City,SD,506,3.999,44.113323,-103.2729468
5949,EXXON,US-59 & LOOP 151,Texarkana                               ,TX,723,3.16566666,33.386791992647,-94.092295036694
5951,ROAD RANGER #157,I-64 EXIT 41,Okawville,IL,540,3.799,38.438590456993,-89.526756203496
5963,OZONA ONE STOP,"I-10, EXIT 372",Ozona                                   ,TX,710,2.98233333,30.693905908546,-101.086702139868
5965,TRUCK TOWNE,I-29 EXIT 47 & SR-46,Beresford                               ,SD,572,3.159,43.083690005859,-96.797491003199
5971,WACO TRAVEL CENTER,SR-19,Perry,FL,20,3.699,30.117115,-83.578034
5979,TA LAFAYETTE TRAVEL CENTER,"I-10 & SR-182, EXIT 101",Lafayette,LA,600,3.134,30.25133960892,-92.03618116306
5980,THRIFT MART TRUCK PLAZA,"I-85/US-460, EXIT 63A & US-1/US-460 BUS",Petersburg,VA,180,3.199,37.197632988541,-77.464974987071
5990,360 TRUCK STOP,US-360,Amelia Court House,VA,180,3.599,37.357759,-77.87465
5996,Fast Stop Travel Centers #1134,"I-80/US-30, EXIT 99 & US-191/SR-373",Rock Springs,WY,827,3.499,41.556707993875,-109.309901012718
5999,PILOT TRAVEL CENTER #492,"I-30, EXIT 78 & SR-7",Arkadelphia,AR,635,3.499,34.185869709675,-93.070707168929
6001,ALLSUPS #2392,US-70 & US-285,Roswell,NM,700,3.199,33.473891114571,-104.520688822735
6009,CASEYS #2652,US-65 & US-36,Chillicothe,MO,400,3.289,39.773053708381,-93.552718904592
6010,SEGOVIA TRUCK STOP,"I-10, EXIT 465",Junction,TX,739,2.999,30.417600488278,-99.670223577669
6018,TA BLOOMINGTON TRAVEL CENTER,"I-55, I-74 & I-39 , EXIT 160",Bloomington,IL,280,3.539,40.480258611039,-89.028402047633
6033,EMERY'S,US-54,Deerfield,MO,277,3.349,37.840376,-94.501547
6037,CRYSTAL OIL,"I-129/US-20/US-75,  EXIT 2",South Sioux City,NE,527,3.549,42.690834992548,-103.889403703495
6041,COCKERHAM FUEL CENTER #4,"I-77, EXIT 14 & US-58/US-221",Hillsville,VA,185,3.28233333,36.744482,-80.774554
6047,FAST LANE #26,US-61,Eolia,MO,494,3.099,39.232651,-91.017009
6051,CIRCLE K #2709846,"I-25, EXIT 240",Longmont,CO,800,3.05733333,40.157689238021,-104.978563789259
6057,PILOT TRAVEL CENTERS #903,"I-70/US-40, EXIT 252",Salina,KS,523,3.779,38.8741792,-97.6107025
6058,MOTOR INN AUTO TRUCK STOP,I-75 EXIT 110,Mendon,OH,370,3.199,40.671853,-84.518608
6068,AYERCO #24,US-61 & CR MM,Hannibal,MO,494,3.099,39.705798909862,-91.389075774415
6082,Palmetto Truck Plaza,US-27/SR-25 & SR-826,Hialeah,FL,95,3.399,25.854166213355,-80.322497040184
6083,BP,"I-35, EXIT 33",Holt                                    ,MO,400,3.049,39.4576491,-94.3221527
6087,BREAK TIME #3173,US-54 & CR-HH,Fulton,MO,310,3.299,39.069047979577,-91.896359031972
6093,ONE9 #901,"I-80 & US-183, EXIT 257",Elm Creek,NE,330,2.96566666,40.69018399375,-99.379818327436
6096,Waverly Travel Center,US-23,Waverly                                 ,OH,315,3.41566666,39.09476897675,-83.000593232482
6097,SAPP BROS TRAVEL CENTER,"I-80, EXIT 263",Elm Creek,NE,330,3.18733333,40.675957558116,-99.259118852747
6106,TA HUNTINGTON,"I-84, EXIT 353",Huntington,OR,982,3.639,44.291220165977,-117.22521608337
6111,HAWGS EXXON,US-167/SR-25,Batesville                              ,AR,418,3.359,35.777884629302,-91.640685168502
6150,CIRCLE K #2723707,"I-81,  EXIT 150",Troutville,VA,65,3.06566666,37.386531,-79.903434
6154,TA MOBILE TRAVEL CENTER,"I-10,  EXIT 4",Grand Bay,AL,715,3.13566666,30.495496728761,-88.338427898029
6164,PILOT TRAVEL CENTERS #268,"I-80/US-6, EXIT 284",Walcott,IA,270,3.88566666,41.614501,-90.782226
6165,TEMP STOP #117,I-70 & GRAIN VALLEY RD EXIT 24,Grain Valley,MO,400,2.959,39.020078,-94.197654
6167,PILOT TRAVEL CENTERS #167,US-71,Nevada,MO,277,3.49566666,37.835565,-94.324779
6172,SPEEDWAY #2319,"I-96, EXIT 77",Portland,MI,431,3.549,42.859947955305,-84.889037465704
6173,PILOT TRAVEL CENTERS #21,"I-94, EXIT 167",Dexter,MI,325,3.649,42.296294,-83.87958
6175,ONVO TRAVEL PLAZA - MIFFLINTOWN,US-322/US-22 & SR-35,Mifflintown,PA,138,3.479,40.580598991635,-77.372589985548
6179,HENDERSON TRAVEL PLAZA,"I-10, EXIT 115 & SR-347",Breaux Bridge                           ,LA,690,3.38566666,30.314515084252,-91.835470009234
6180,Circle #4703923,"I-24, EXIT 180B & US-27",Chattanooga,TN,285,2.78566666,35.018935708804,-85.294640662751
6182,Exxon,"I-20, EXIT 205 & SR-46",Heflin,AL,587,3.01566666,33.646636900327,-85.499220874859
6188,SIGNAL FOOD STORE #112,US-65 & SR-J,Ozark,MO,535,2.999,37.069966993712,-93.228496241849
6198,DAVIS TRAVEL CENTER #102,"I-95/US-301, EXIT 33 & SR-602",Stony Creek,VA,180,3.06566666,36.980915618625,-77.393292799287
6200,KWIK FILL #388,"I-80, EXIT 29 & SR-8",Harrisville,PA,165,3.404,41.202598820069,-79.974509673181
6206,PETRO PORTAGE,"I-90 & I-94, EXIT 108-A",Portage,WI,420,3.80733333,43.494572994995,-89.496741019886
6212,MR FUEL,"I-55, EXIT 180",Pevely,MO,540,3.01566666,38.289507871379,-90.403903346726
6214,PIONEER Travel Plaza,"I-41, EXIT 60 & SR-145",Richfield,WI,444,3.21566666,43.2821052,-88.1977051
6215,FUEL HUB,"I-87, EXIT 21B",West Coxsackie,NY,12,3.599,42.391635635354,-73.823647705641
6218,LOVES TRAVEL STOP #215,"I-40, EXIT 16 & US-40 BUS/US-66",Gallup,NM,580,3.43733333,35.508103269632,-108.828717850319
6219,SCHATZ CROSSROADS,US-2 /US-52,Minot,ND,452,3.549,48.21084,-101.268184
6221,LOVES TRAVEL STOP #214,I-10 EXIT 37,El Paso,TX,640,3.07566666,31.670154161554,-106.249427235624
6222,QUIKTRIP #236,"I-29/US-71, EXIT 18 & SR-92",Platte City,MO,400,2.999,39.367639177871,-94.78488639211
6227,MARLOWS FUEL CENTER,"I-20, EXIT 479",Dallas                                  ,TX,630,3.24066666,32.684687,-96.621657
6229,FUEL MART #764,"I-70, EXIT 66 & SR- 54",South Vienna                            ,OH,315,3.129,39.928387720348,-83.612183211418
6232,OASIS TRUCK STOP,"I-44 & SR-133, MM 145",Richland,MO,416,3.324,37.858282811213,-92.402218359077
6242,TA FORISTELL TRAVEL CENTER,"I-70, EXIT 203",Foristell,MO,540,3.019,38.745070500054,-90.943498008826
6243,GARDEN INN TRAVEL PLAZA,US-60/US-63,Cabool,MO,535,3.299,37.113558745114,-92.085256009422
6251,BREAUX BRIDGE VALERO #1408,"I-10 & SR-347, EXIT 115",Breaux Bridge,LA,730,3.499,30.315561709141,-91.831062832769
6252,PILOT TRAVEL CENTERS #12,I-80 & I-90 EXIT 71,Perrysburg,OH,550,3.759,41.525328998233,-83.461966031912
6258,CASEYS #6342,"I-29, EXIT 144 & US-169",Saint Joseph,MO,400,3.169,39.767372419918,-94.803720108848
6271,TA DENTON TRAVEL CENTER,"I-35, EXIT 471 & US-77",Denton,TX,630,3.254,33.26113343825,-97.177561464923
6275,TA SEATTLE EAST TRAVEL CENTER,"I-90, EXIT 34",North Bend,WA,962,3.859,47.464424977361,-121.711226595092
6284,7-ELEVEN #40513,I-90/80-IN TOLL RD MM 22W,Portage,IN,365,3.999,41.676907,-86.274627
6286,APPLE MARKET #526,"I-64, EXIT 94",Winchester,KY,410,2.91566666,38.012544,-84.213334
6290,FUEL KING NAPOLEON TRAVEL CENTER,"US-6/US-24/SR/CR-3, EXIT 41",Napoleon,OH,550,3.439,41.41314790959,-84.110528470789
6293,PETRO STOPPING CENTER #313,"I-40, EXIT 79",Milan,NM,580,3.57066666,35.1792249,-107.9038543
6296,GRAY TRUCK STOP,US-71/US-136,Maryville,MO,400,3.26566666,40.345170641376,-94.847473154
6299,HWY 34 TRUCKSTOP,"US-34, EXIT 258",West Burlington                         ,IA,345,3.374,40.834548403898,-91.210246612881
6305,I-95 Fuel Stop,"I-95, EXIT 126 & US-17/US-1",Fredericksburg,VA,180,3.264,38.240744134404,-77.501289578417
6307,QUIKTRIP #608,"I-70, MID RIVERS MALL",Saint Peters,MO,540,2.904,38.797241498042,-90.620279759095
6308,Pilot Travel Centers #354,"I-64, EXIT 28",Simpsonville,KY,415,3.759,38.210304,-85.348099
6309,WINNERS CIRCLE #1,"I-30 & US-270, EXIT 98A",Malvern,AR,695,3.35233333,34.396773606724,-92.827632815031
6310,CIRCLE K #2707515,US-27/SR-25 & US-98/US-700/SR-700/SR-66,Sebring,FL,140,3.389,27.472036302775,-81.44470102221
6315,AYERCO #25,US-24,Taylor,MO,494,3.01566666,39.930478,-91.43117
6318,Chisholm Corner #15,"I-35, EXIT 72 & US-19",Pauls Valley                            ,OK,569,3.38733333,34.7391444513,-97.261513990824
6326,KANZA TRAVEL PLAZA,"I-35, EXIT 231 AND US-177",Braman,OK,500,3.02733333,36.94126900143,-97.347662028553
6327,PETRO STOPPING CENTER #312,"I-40 & I-75, EXIT 369",Knoxville,TN,405,3.42566666,35.874755,-84.236454
6330,TA EDINBURG TRAVEL CENTER,I-69C/US-281 & FM-2812,Edinburg,TX,639,3.01066666,26.385774505277,-98.145436340961
6334,231 PLAZA AND TRUCK STOP,US-231/SR-75 & SR-20,Youngstown,FL,20,3.494,30.4334824,-85.4288518
6341,TA RAWLINS TRAVEL CENTER,"I-80, EXIT 214",Rawlins,WY,795,3.72233333,41.77990753891,-107.221044940341
6346,SPEEDWAY #4710,US-71/SR-60,Windom,MN,425,3.299,43.823718438273,-95.210824041397
6351,FLYING J TRAVEL PLAZA #608,"I-10, EXIT 1",Ehrenberg,AZ,930,3.959,33.602133,-114.523475
6356,CIRCLE K #2721536,ST 6 EAST,Batesville,MS,435,3.24066666,34.309538,-89.933136
6370,TA ROCKWALL TRAVEL CENTER,"I-30/US-67, EXIT 68 & SR-205",Rockwall,TX,630,3.13733333,32.848969269735,-96.386051689482
6374,TA ELGIN WEST TRAVEL CENTER,I-90 &  US-20,Hampshire,IL,290,3.469,42.142726994186,-88.506847977874
6387,FLYING J FRANCHISE #966,"I-80, EXIT 229",Battle Mountain,NV,966,3.79233333,40.652274209284,-116.954333317404
6391,TOOT N TOTUM #106,US-287,Dumas,TX,585,3.00566666,35.847673,-101.972846
6393,PILOT TRAVEL CENTERS #478,"I-64, EXIT 92",Leavenworth                             ,IN,415,3.959,38.2389988,-86.3622541
6401,CIRCLE K #2723457,"I-10, EXIT 34-B",Gulfport,MS,715,2.989,30.43405621719,-89.089607023774
6434,AMPRIDE ALL ROUND TRUCK STOP,US-20,Fort Dodge,IA,343,3.299,42.500786,-94.147914
6441,GRAND OIL,"I-75, EXIT 41 & SR-80",London                                  ,KY,410,3.499,37.118239132363,-84.05205695439
6442,CLARK OIL #49,US-84,Laurel,MS,620,2.999,31.692703099313,-89.167440603099
6448,CIRCLE K #2723392,"I-59, EXIT 97 & US-84",Laurel,MS,620,2.95233333,31.697924354439,-89.118551141172
6462,ARCO #471770,US-281 & SR-5,Dunseith,ND,452,3.499,48.805784005116,-100.061117103352
6468,TA SAYRE TRAVEL CENTER,"I-40 & CEMETARY RD, EXIT 26",Sayre,OK,483,3.064,35.584271985844,-95.411351032281
6480,FLYING J #934,"I-84, EXIT 265",La Grande,OR,982,3.53566666,45.295039010372,-118.038109977747
6492,FLICKS,US-49,Richland,MS,760,2.999,32.209813801975,-90.149841186028
6496,SPEEDY EXPRESS #38,"I-35, EXIT 305",Mathis,TX,625,3.199,28.09128,-97.826192
6502,SQUAW CREEK TRAVEL PLAZA,"I-29, EXIT 79 & US-159",Forest City,MO,400,3.339,40.075311004219,-95.192243976142
6517,HARDYS #5,"I-80, EXIT 4   4",Wendover,UT,835,3.499,40.742511616754,-113.967226415406
6518,TOWN PUMP FOOD STORE #310,"I-15, EXIT 164",Boulder,MT,816,3.559,46.248084589143,-112.117636354044
6526,TULIP CITY TRUCK STOP,"I-196 & SR-40, EXIT 49",Holland,MI,344,3.739,42.743781620052,-86.071726822328
6527,ZIP TRIP #50,"I-90, EXIT 426",Park City,MT,780,3.584,45.636455460705,-108.912200903504
6547,FLYING J TRAVEL PLAZA #762,"I-90, EXIT 126 & SR-59",Gillette,WY,836,3.899,44.293125549285,-105.503060735729
6562,PILOT #1323,"I-29, EXIT 35                 ",Faucett                                 ,MO,400,3.27233333,39.598237668158,-94.788340153284
6563,Road Ranger #282,"I-35, EXIT 500",Gainesville,TX,630,3.17566666,33.671871770874,-97.151379081221
6564,FLYING J FRANCHISE #970,US-395,Pasco                                   ,WA,925,4.599,46.347130789127,-119.090500404871
6565,TA Greeneville Travel Center,"I-81,  EXIT 36",Greeneville,TN,405,3.55233333,36.326917968353,-82.827690603926
6567,YELLOWSTONE TRUCK SHOP,"I-90, EXIT 330",Livingston,MT,786,3.649,45.651719071576,-110.614466351086
6577,AC & T TRAVEL CENTER,"I-81, EXIT 5 W",Hagerstown,MD,70,3.659,39.630784,-77.784784
6578,PILOT TRAVEL CENTER #909- TOWN PUMP,"I-15 & US-2, EXIT 363",Shelby                                  ,MT,815,3.63566666,48.477888018115,-111.764495005721
6588,TOWN PUMP FOOD STORE #4300,"I-90, EXIT 249",Whitehall,MT,786,3.659,45.877698978134,-112.099513049162
6593,LITTLE AMERICA TRAVEL CENTER,"I-40, EXIT 198",Flagstaff,AZ,930,3.539,35.190555,-111.619768
6607,TRANSIT TRUCK STOP,"I-97, EXIT 10",Millersville,MD,22,3.46566666,39.090723426788,-76.625339326754
6608,7-ELEVEN #35560,SR-16,Charlotte,NC,46,3.999,35.209402750216,-80.825507213571
6628,FLYING J TRAVEL PLAZA #682,"I-85, EXIT 150",Haw River,NC,65,3.94233333,36.0721034,-79.3541056
6632,TA SAVANNAH TRAVEL CENTER,"I-95/SR-405,  EXIT 87 & US-17/SR-25",Richmond Hill,GA,195,3.35066666,31.97899311497,-81.28840920997
6633,BAKER TRUCK CORRAL,"I-84, EXIT 304",Baker City,OR,982,3.42566666,44.7807873,-117.8132302
6640,PETRO STOPPING CENTER JOHNSTOWN,"I-25, EXIT 254",Johnstown                               ,CO,800,3.42733333,40.35889016912,-104.982867658602
6642,TA VERO BEACH TRAVEL CENTER #197,"I-95/SR-9, EXIT 147 & SR-60",Vero Beach,FL,95,3.484,27.653470590055,-80.366763604158
6646,FAMILY EXPRESS #35 (DISCOUNT AVAILABLE),"I-65, EXIT 215 & SR-114",Rensselaer                              ,IN,365,3.13233333,40.940591004184,-87.219495483311
6655,BP DBA TA ELKTON TRAVEL CENTER,"I-95,  EXIT 109B",Elkton,MD,150,4.969,39.639458750627,-75.801466621221
6659,GURNEE TRUCK STOP,US-41,Gurnee                                  ,IL,290,3.379,42.3958622,-87.9277891
6661,TA FRANKLIN TRAVEL CENTER,"I-65, EXIT 61",Franklin,TN,460,3.839,35.863366518928,-86.831801557724
6663,TA of Mocksville,"I-40, EXIT 170 & US-601",Mocksville,NC,46,3.699,35.904789593026,-80.578662501918
6677,ROADWAY TRAVEL CENTER,"I-29, EXIT 73",Sioux Falls                             ,SD,530,3.199,43.458136079273,-96.797371131784
6693,SAPP BROS TRAVEL CENTER,US-77,Fremont,NE,486,3.34566666,41.117966,-102.950194
6701,JACKS TRUCK STOP,"I-65, EXIT 304 & SR-69",Cullman,AL,615,3.999,34.113076591017,-86.866805491762
6704,FL Roberts,"I-91, EXIT 24",Whately,MA,100,3.559,42.463609,-72.6183
6716,MARATHON,"I-29/US-81, EXIT 65 & I-94 BUS/US-10",Fargo,ND,341,3.449,46.877196387796,-96.798011100291
6721,STAMART 1222,"I-29, EXIT 64",Fargo,ND,341,3.38566666,46.864941391208,-96.842048229437
6725,TA EXPRESS GRAND FORKS #948,"I-29, EXIT 141 & US-2",Grand Forks,ND,355,3.539,47.923878409077,-97.073927835964
6734,TOMAHAWK TRUCK STOP,"I-25, EXIT 128",Fountain,CO,803,3.299,38.675078583424,-104.710959318377
6736,EAGLEVILLE TRAVEL CENTER,"I-35 & ROUTE N, EXIT 106",Eagleville,MO,320,2.93566666,40.466481014372,-93.977117377323
6742,Holiday #3810,"I-94/US-52, EXIT 178 & SR-24",Clearwater,MN,453,3.22066666,45.412755453294,-94.056463474982
6744,FLYING J #550,US-2/US-52,Minot,ND,273,3.93566666,48.227164192697,-101.360911778808
6745,TIGER TRUCK STOP,"I-10, EXIT 139",Grosse Tete,LA,600,3.059,30.417551805673,-91.43663188552
6755,PETRO STOPPING CENTER #326,"I-40, EXIT 161 & SR-391",North Little Rock,AR,695,3.20733333,34.75069061716,-92.126234172993
6760,BETTY BEAVERS TRUCKSTOP,"I-87, EXIT 32",Lewis,NY,12,3.619,44.281757,-73.538671
6765,CIRCLE C TRAVEL PLAZA,"I-95, EXIT 68 & SR-61",Walterboro,SC,195,3.079,33.083619250194,-80.650996385709
6806,Onvo Travel Plaza,"I-78/US-22, EXIT 45 & SR-863",Kutztown,PA,90,3.32733333,40.54520610774,-75.672018276572
6810,TA RICHMOND,"I-95, EXIT 89 & SR-802",Ashland,VA,180,3.60566666,37.717588050619,-77.447877551253
6811,PUMP & PANTRY #24,US-6/CR-74,Hastings,NE,330,3.399,40.582087,-98.360104
6823,PETRO STOPPING CENTER #301,"I-10, EXIT 37",El Paso,TX,640,3.124,31.660417,-106.241893
6840,PETRO DEMING,"I-10, EXIT 68",Deming,NM,640,3.38566666,32.240706970017,-107.996019404914
6842,FLYNNS TRUCK PLAZA,"US-20, EXIT 11 & SR-140",Shrewsbury,MA,175,3.61566666,42.297582893671,-71.713639848518
6845,NEBRASKALAND TIRE SHOP,"I-80, EXIT 237 & US-283",Lexington,NE,330,2.999,40.772308,-99.73978
6850,BROKEN WHEEL TRUCK STOP,"I-25, EXIT 135",Douglas,WY,790,3.759,42.738198,-105.346516
6857,TA SPARKS TRAVEL CENTER,"I-80, EXIT 19 & SR-659",Sparks,NV,966,3.899,39.533016325618,-119.739082895873
6859,PRIME STOP,US-81,Norfolk,NE,470,3.229,42.092105,-97.425784
6864,JJS TRUCK STOP,"I-30, EXIT 106",Malvern,AR,695,3.31566666,34.484429198244,-92.722502219946
6869,TA WHEELING TRAVEL CENTER,"I-70, EXIT 11 & CR-41",Valley Grove,WV,165,3.529,40.067432497194,-80.568470317204
6883,PILOT TRAVEL CENTERS #517,US- 22 & SR-322,Duncannon,PA,70,4.199,40.4056334,-77.009633
6885,GO MART FOOD STORE #31,"I-77, EXIT 95 & SR-61",Charleston                              ,WV,44,3.499,38.352181301012,-81.645516220266
6886,PWI #535,"I-70, EXIT 47",Palisade,CO,800,3.379,39.16101274501,-108.301038137994
6897,Speedee Mart #2890,US-20 & US-83,Valentine,NE,475,3.329,42.807325289029,-100.504063973438
6901,PRIME STOP,US-275,Wisner,NE,470,3.259,41.991286,-96.922345
6915,FLITE LINE SUNOCO,"I-95, EXIT 3",Portsmouth,NH,34,3.69566666,43.105211457242,-70.814075377281
6927,TORCH 85 TRUCK PLAZA,"I-85, EXIT 42",Tuskegee,AL,720,3.27233333,32.485964528346,-85.637730535732
6944,CROSSROADS TRUCK STOP,"I-82, EXIT 1 & US-730",Umatilla,OR,982,3.239,45.917901,-119.324457
6948,PILOT #4563,"I-8I, EXIT 77",Harrisburg,PA,70,3.869,40.351074382624,-76.723767643407
6951,ARROWHEAD TRAVEL PLAZA,"I-84, EXIT 216 & SR 331,",Pendleton,OR,982,3.259,45.637139997276,-118.6841170018
6954,BOLLA MARKET #198,SR-17MAHWA,Mahwah,NJ,115,3.58566666,41.100213,-74.165671
6960,FLYING J TRAVEL PLAZA #761,"I-80 & US-189, EXIT 3",Evanston,WY,835,3.699,41.308134985765,-110.730935014193
6961,LITTLE AMERICA,"I-80, EXIT 358 & I-25, EXIT 9 & US-30",Cheyenne,WY,795,3.709,41.116958500021,-104.862501241021
6962,LITTLE AMERICA TRAVEL CENTER,"I-80, EXIT 68 & SR-374",Little America,WY,835,3.52566666,41.543136016253,-109.857423021392
6963,Atlantis Fresh Market #553,"I-84, EXIT 1",Montague,NJ,120,3.509,41.352689,-74.685079
6968,R STORE #4513,US-41,Fond Du Lac,WI,360,3.299,43.769861,-88.431311
6970,TA Twin City East Travel Center,I-94  EXIT 4 & US-12,Hudson,WI,450,3.54733333,44.964654795766,-92.680069591386
6971,KWIK TRIP #1013,"I-41, EXIT 57 & SR-167",Richfield,WI,444,3.39066666,43.247489702537,-88.181611107747
6975,TRUCKERS INN STOP,"I-90/I-94, EXIT 132 & US-51",De Forest,WI,420,3.199,43.176990982016,-89.321245880637
6976,MOASIS TRUCK CENTER,US-41,Little Chute,WI,444,3.199,44.295940129411,-88.306448705624
6980,TA MADISON TRAVEL CENTER,"I-90/I-94/I-39, EXIT 132 & US-51",De Forest,WI,420,3.839,43.176990982016,-89.321245880637
6981,Kwik Trip #1197,"US-151, EXIT 26",Belmont,WI,335,3.564,42.742931150246,-90.342858019445
6984,TA HURRICANE TRAVEL CENTER,"I-64, EXIT 39 & SR-34",Hurricane,WV,255,3.63233333,38.433887642432,-82.018339619755
6986,LOVES TRAVEL STOPS #448,"I-5, EXIT 136B, SR-509",Tacoma,WA,977,4.589,47.316810110266,-122.425954042251
6987,One9 #965,"I-90, EXIT 109 & US-97",Ellensburg                              ,WA,977,3.899,46.973303205787,-120.539214313281
6992,FLYING J #1169,"I-5, EXIT 99",Tumwater,WA,977,4.599,46.9482702946,-122.938633740341
6994,FLYING J FRANCHISE #967,"I-90, EXIT 286",Spokane,WA,970,3.929,47.665920682107,-117.308269861495
6999,SIMMONS TRAVEL CENTER,"I-85, EXIT 4 & SR-93/SR-903",Bracey,VA,180,3.099,36.625979234399,-78.190477234762
7003,TA ASHLAND TRAVEL CENTER,"I-95, EXIT 92 & SR-54",Ashland,VA,180,3.64233333,37.759659616331,-77.460871163909
7004,FRANKS TRUCKING CENTER,"I-264, EXIT 13B",Chesapeake,VA,130,3.449,36.7835388,-76.4214554
7005,PETRO STOPPING CENTER,"I-81 & I-64, EXIT 205",Raphine,VA,185,3.659,37.9450459955,-79.216252034165
7007,KUM & GO #0201,"I-80, EXIT 242",Coralville,IA,380,3.294,41.685808498884,-91.568507540713
7013,ERNIES TRUCK PLAZA,"I-15, EXIT 112",Beaver,UT,910,3.399,38.296893337907,-112.651695629711
7016,TA SALT LAKE CITY TRAVEL CENTER,"I-80, EXIT 99",Tooele,UT,835,3.769,40.250223,-112.400785
7018,FLYING J TRAVEL PLAZA #746,"I-15 & I-80 SR 201, EXIT 305",Salt Lake City,UT,835,3.73233333,40.763706611825,-111.913818275516
7023,TA AMARILLO WEST TRAVEL CENTER,"I-40, EXIT 74",Amarillo,TX,585,3.279,35.192463527981,-101.764611109458
7037,SAMS TRUCK STOP,"I-10, EXIT 138",Van Horn,TX,640,3.999,31.035984271678,-104.852230389937
7045,BUBBLE CITY TRUCK STOP,US-64,Farmington,NM,614,3.70566666,36.7188,-108.16777
7051,PILOT #887,US-84 & US-180,Snyder,TX,575,3.24566666,32.712702090563,-100.893551739746
7056,TA SWEETWATER TRAVEL CENTER,"I-20, EXIT 242",Sweetwater,TX,575,3.15233333,32.449660568304,-100.438629828702
7058,YESWAY #1125,"I-27, EXIT 1C",Lubbock,TX,700,2.969,33.554684969138,-101.845274219122
7059,TA BIG SPRING TRAVEL CENTER,"I-20, EXIT 177 & US-87",Big Spring,TX,612,3.699,32.264510015677,-101.486835102213
7064,SPEEDWAY #9804,"I-10, EXIT 25",El Paso,TX,640,3.41566666,31.827702513816,-106.36721044144
7066,REFUEL #328,"I-35,  EXIT 204",San Marcos,TX,595,2.999,29.865301921901,-97.943268668811
7072,TA ANTIOCH TRAVEL CENTER,"I-24, EXIT 62",Antioch,TN,460,3.50566666,36.01723761939,-86.62398061594
7077,THE TENNESSEAN TRUCKSTOP,"I-65, EXIT 22 & US-31 ALT/SR-11",Cornersville,TN,460,3.799,35.3104895,-86.8797486
7078,TA DENMARK TRAVEL CENTER,"I-40 & SR-138, EXIT 68",Denmark,TN,435,3.539,35.582313185043,-89.05544077784
7080,ONE9 #1422,"I-40, EXIT 197",Moriarty,NM,580,3.11566666,35.006093470824,-106.022363670461
7082,Chevron,"I-65, EXIT 6",Ardmore,TN,460,3.599,35.080597558822,-86.883070533048
7084,Holiday StationStore #2746500,US-12 & US-281,Aberdeen,SD,248,3.114,45.459516991609,-98.515478986555
7087,PILOT #599,"I-90, EXIT 192 & I-90 BUS/US-83",Murdo,SD,506,3.799,43.882043987458,-100.705845970989
7088,FLYING J FRANCHISE #931,"I-90, EXIT 61",Rapid City,SD,506,3.15733333,44.101655378912,-103.146100850584
7092,LOVES TRAVEL STOP #445,I-90 EXIT 399 & SR 115,Sioux Falls,SD,530,3.889,43.587417887856,-96.72320033218
7095,TA MANNING TRAVEL CENTER,"I-95, EXIT 119",Manning,SC,135,3.51733333,33.703311518727,-80.245671334509
7106,PILOT DEALER #1163,"I-80, EXIT 42",Emlenton,PA,165,4.03566666,41.174451789788,-79.736525178698
7112,TA HARRISBURG TRAVEL CENTER,"I-81, EXIT 77 & SR-39",Harrisburg,PA,70,3.81566666,40.337740542711,-76.711705976263
7116,TA MILESBURG TRAVEL CENTER,"I-80, EXIT 158",Milesburg,PA,14,4.049,40.956390553216,-77.776890060249
7121,TA BLOOMSBURG TRAVEL CENTER,"I-80, EXIT 232",Bloomsburg,PA,138,3.95733333,41.011384456661,-76.493928528054
7126,SAPP BROS TRAVEL CENTER,"I-80, EXIT 120",Clearfield,PA,14,3.899,41.042391,-78.393844
7128,FLYING J #518,"I-78, EXIT 10 (PA 645)",Myerstown,PA,208,3.869,40.424124745989,-76.321747114225
7129,TA BROOKVILLE TRAVEL CENTER,"I-80 EXIT 78, & SR-36",Brookville,PA,14,4.029,41.161599709132,-79.092614563283
7131,TA BREEZEWOOD TRAVEL CENTER,"I-76 & US30, EXIT 161",Breezewood,PA,14,4.299,40.011085509328,-78.208081833184
7132,Terrible Herbst dba/One9 #1395,"I-15, EXIT 12",Jean,NV,910,3.459,35.777389100122,-115.330450865487
7135,PETRO STOPPING CENTER #336,"I-81, EXIT 52 & I-76, EXIT 226",Carlisle,PA,70,4.149,40.231911,-77.141702
7136,TA LAMAR TRAVEL CENTER,"I-80, EXIT 173 & SR-64",Lamar,PA,14,4.03566666,41.030049644546,-77.52026817194
7137,TA BARKEYVILLE TRAVEL CENTER,"I-80, EXIT 29 & SR-8",Harrisville,PA,165,4.044,41.202598820069,-79.974509673181
7147,JUBITZ TRAVEL PLAZA,"I-5, EXIT 307",Portland,OR,935,3.859,45.595740067751,-122.684080376931
7148,TA TROUTDALE TRAVEL CENTER,"I-84, EXIT 17",Troutdale,OR,935,3.93233333,45.544125506461,-122.404614086116
7154,TA OKLAHOMA CITY WEST TRAVEL CENTER,"I-40, EXIT 140",Oklahoma City,OK,483,3.30233333,35.460011599606,-97.695772617972
7156,TA OKLAHOMA CITY EAST TRAVEL CENTER,"I-40, EXIT 142",Oklahoma City,OK,483,3.30066666,35.459990937677,-97.656408205415
7166,TA London Travel Center,"I-70 & US-42, EXIT 79",London,OH,315,3.49233333,39.955813982503,-83.375346019573
7169,TA YOUNGSTOWN TRAVEL CENTER,"I-80 & SR 46, EXIT 223",Youngstown,OH,573,3.444,41.099322791137,-80.76389555156
7170,TRUCK WORLD TRUCKSTOP,"I-80, EXIT 234",Hubbard,OH,573,3.259,41.176434069422,-80.568206754758
7172,TA TOLEDO EAST TRAVEL CENTER,"I-80 & I-280, EXIT 71",Perrysburg,OH,550,3.78066666,41.526054996776,-83.46332096656
7173,SPEEDWAY #9954,"SR-17, EXIT 66",Apalachin,NY,32,4.099,42.063031691156,-76.144051503457
7176,TA DAYTON TRAVEL CENTER,"I-70,  EXIT 10 & US-127",Eaton,OH,317,3.40066666,39.834120985975,-84.629368001888
7179,JIMS TRUCK PLAZA,"I-90, EXIT 52E",Buffalo                                 ,NY,38,3.659,42.905589971933,-78.766485469731
7180,TA HebronTravel Center,"I-70, EXIT 126 & SR-37",Hebron,OH,315,3.38233333,39.942356978673,-82.531609629575
7183,TA KINGSVILLE TRAVEL CENTER,"I-90, EXIT 235 & SR-193",Kingsville,OH,305,3.88233333,41.879656017702,-80.666436031771
7184,TA JEFFERSONVILLE EAST TRAVEL CENTER,"I-71, EXIT 65 & SR-435 & US-35",Jeffersonville,OH,315,3.32733333,39.614384993731,-83.596674028596
7189,S and R Truck Plaza,"I-94, EXIT 260",Jamestown,ND,390,3.58566666,46.890255068596,-98.67874632448
7190,Tower Travel Center,"I-94, EXIT 307",Tower City,ND,341,3.51566666,46.920873,-97.680392
7196,SALUDA TRUCK PLAZA,"I-26, EXIT 28",Saluda                                  ,NC,210,3.099,35.245749,-82.329802
7197,7-ELEVEN #35115,"I-90, EXIT 42",Phelps,NY,190,4.019,42.954588798214,-76.985078480452
7198,LOVES TRAVEL STOP #507,"I-85, EXIT 71",Salisbury,NC,46,3.51066666,35.60886468233,-80.520175607282
7212,ONVO TRAVEL PLAZA,"I-90 & RTE 22, EXIT B-3",Canaan,NY,12,3.399,42.349831187544,-73.411580462674
7213,SENECA ONE STOP,"I-90, EXIT 58",Irving                                  ,NY,38,2.999,42.547789616185,-79.111720526338
7215,TA FULTONVILLE TRAVEL CENTER,"I-90, EXIT 28",Fultonville,NY,12,4.039,42.944263985017,-74.356221551045
7216,ONVO TRAVEL PLAZA - LOUNSBERRY,"SR-17, EXIT 63",Nichols,NY,220,3.439,42.063546,-76.323677
7220,CUMBERLAND FARMS #001662,US-9W/SR-32,Glenmont,NY,12,3.749,42.619161403514,-73.767207112454
7222,TA SANTA ROSA TRAVEL CENTER,"I-40/US-54, EXIT 277 & US-84",Santa Rosa,NM,580,3.45233333,34.938194318384,-104.693335982304
7225,LOVES TRAVEL STOP #329,US-60,Clovis,NM,593,4.089,34.3945144,-103.1445463
7226,TA LAS CRUCES TRAVEL CENTER,"I-10, EXIT 139",Las Cruces,NM,640,3.14066666,32.295059880607,-106.807453623469
7227,NATIONAL TRUCK STOP,"I-10, VADO EXIT 155",Vado                                    ,NM,640,2.999,32.1275377212,-106.640778668052
7228,MAVERIK COUNTRY STORE #638,"I-40, EXIT 159D & I-25/US-85, EXIT 227",Albuquerque,NM,580,3.20733333,35.107683318816,-106.615714071987
7229,TA GALLUP TRAVEL CENTER,"I-40, EXIT 16 & HWY 66",Gallup,NM,580,3.43233333,35.50539,-108.83551
7230,DEMING TRUCK STOP,"I-10, EXIT 81",Deming,NM,640,2.899,32.267244479403,-107.781255294889
7231,TA ALBUQUERQUE TRAVEL CENTER,"I-25, EXIT 227 OR 225",Albuquerque,NM,580,3.58733333,35.120419126778,-106.623401608358
7234,TA BLOOMSBURY TRAVEL CENTER,"I-78/US-22, EXIT 7 & SR-173",Bloomsbury,NJ,115,3.79066666,40.660006321886,-75.070458778192
7237,TA COLUMBIA TRAVEL CENTER,"I-80, EXIT 4 & SR-94",Columbia,NJ,115,4.099,40.975717577464,-74.939327782399
7239,TA PAULSBORO TRAVELCENTER,"I-295, EXIT 18A",Paulsboro,NJ,150,3.999,39.8302277,-75.2404259
7240,Pilot Travel Centers #190,"I-78, EXIT 12 & US-22",Hampton                                 ,NJ,105,3.809,40.63576398447,-74.965149813781
7244,TA LAS VEGAS TRAVEL CENTER,"I-15, EXIT 33",Las Vegas,NV,910,3.73566666,36.034144025873,-115.180569009576
7248,WILD WILD WEST TRAVEL PLAZA,"I-15, EXIT 37",Las Vegas,NV,910,3.76733333,36.102233,-115.18676
7263,FLYING J #904,"I-80, EXIT 107",Big Springs,NE,475,3.48233333,41.047305206711,-102.074164930634
7264,TA GRAND ISLAND WEST TRAVEL CENTER,"I-80, EXIT 305",Alda,NE,330,3.169,40.83083,-98.38075
7265,Fast Stop Travel Centers #1151,"I-80, EXIT 164 & CR-56C",Hershey,NE,475,3.499,41.140701,-101.003469
7267,TA OGALLALA TRAVEL CENTER,"I-80, EXIT 126",Ogallala,NE,475,3.46566666,41.11358,-101.711805
7268,SAPP BROS TRAVEL CENTER,"I-80, EXIT 440 & SR-50, EXIT 440",Omaha,NE,486,3.28066666,41.165593524116,-96.133781569118
7269,GRAND ISLAND TRAVEL CENTER,"I-80, EXIT 312 & US-281/US-34",Grand Island,NE,330,3.26566666,41.077282221282,-98.362766362419
7282,ALLTOWN FRESH,"I-87, EXIT 17N & US-9",Fort Edward,NY,12,3.779,43.252172,-73.669028
7284,MURALTS TRUCK PLAZA,"I-90, EXIT 96 & US-93/SR-200",Missoula,MT,820,3.609,46.950654670116,-114.134812816875
7285,SENECA ONE STOP,"SR-17, EXIT 20",Salamanca                               ,NY,38,3.309,42.152705411773,-78.755212847042
7286,TA MISSOULA,"I-90, EXIT 96 & US-93",Missoula,MT,820,3.699,46.950654670116,-114.134812816875
7288,TA LAUREL,"I-90, EXIT 437",Laurel,MT,780,3.61233333,45.684227881609,-108.703624108463
7289,TA STRAFFORD,"I-44, EXIT 88 & SR-125",Strafford,MO,535,3.36566666,37.273334461392,-93.112885953445
7291,TA OAK GROVE TRAVEL CENTER,"I-70, EXIT 28",Oak Grove,MO,400,3.22233333,39.016158289691,-94.132352214456
7293,TA Matthews Travel Center,"I-55, EXIT 58 & SR-80",Matthews,MO,574,3.20566666,36.759255010057,-89.538858993696
7299,GASPERS - FAST LANE,"I-70, EXIT 148 & US-54",Kingdom City,MO,392,2.959,39.054289757704,-91.894122310075
7300,B AND D AUTO TRUCK PLAZA,"I-44, EXIT 127",Lebanon,MO,416,3.099,37.64956,-92.669909
7310,AAA HOSPITALITY,"I-55, EXIT 220",Tillatoba,MS,435,2.784,33.983719245669,-89.868501334722
7312,208 FUEL PLAZA,"I-70, EXIT 208",Belmont,OH,430,3.419,40.05827,-81.057759
7314,TA MERIDIAN TRAVEL CENTER,"I-20 & I-59, EXIT 160",Meridian,MS,705,2.91233333,32.344859401856,-88.764021698741
7323,TRUCKERS INN,"I-94/US-52, EXIT 127 & US-71",Sauk Centre,MN,453,3.22566666,45.563480023461,-94.947252259465
7326,PETRO STOP #398,"I-35 & I-90, EXIT 11",Albert Lea,MN,515,4.099,43.683712987082,-93.321265975629
7327,TA TEKONSHA,"I-69,EXIT 25 & SR-60",Tekonsha,MI,385,3.589,42.106496,-84.989789
7331,SPEEDWAY #9266,US-52 & SR-234,Ironton,OH,255,3.699,38.499632,-82.651949
7332,FLYING J #895,"I-75, EXIT 32A",Trenton,MI,325,3.439,42.131058,-83.2413081
7335,TA SAWYER TRAVEL CENTER,"I-94, EXIT 12",Sawyer,MI,465,3.689,41.884310193169,-86.601984666472
7337,TA BATTLE CREEK,"I-94, EXIT 104",Battle Creek,MI,385,3.989,42.300135303506,-85.078294660186
7341,INTERSTATE TRAVEL PLAZA,"I-495, EXIT 14A & US-1",Wrentham,MA,175,3.699,42.04709,-71.302773
7344,BEST QUICK STOP,US-1,Peabody,MA,178,3.61566666,42.534655,-70.988994
7353,DYSARTS SERVICE,"I-95, EXIT 44",Bangor,ME,26,3.799,44.7763061,-68.8574829
7354,CIRCLE K #4707065,"I-95, EXIT 2",Kittery,ME,125,3.899,43.106769436705,-70.745207024478
7357,TA SLIDELL TRAVEL CENTER,"I-10, EXIT 266 & US-190",Slidell,LA,725,3.154,30.286331,-89.751091
7360,KINGS TRUCK STOP,ST 103,Port Barre                              ,LA,600,3.189,30.547272,-92.001113
7364,Petro Stopping Center,"I-80, EXIT 226",Girard,OH,573,3.45233333,41.1407098,-80.7171462
7370,TA SMITHS GROVE,"I-65, EXIT 38 & SR-101",Smiths Grove,KY,415,3.43233333,37.041377488444,-86.210076240453
7371,One9 #392,"I-65, EXIT 81 & SR-84",Sonora,KY,415,3.19566666,37.523957406044,-85.893313252518
7372,TA WALTON #28,"I-75/I-71, EXIT 175 & SR-338",Walton,KY,300,3.00233333,38.864783555672,-84.647894187201
7379,KEYSTOP TRAVEL CENTER,"I-65, EXIT 2 & US-31W",Franklin,KY,460,2.899,36.668154706988,-86.554206328522
7382,TA FLORENCE TRAVEL CENTER,"I-75, EXIT 181",Florence,KY,300,3.07066666,38.998457248433,-84.64681579333
7385,WAKEENEY 24 7 STORE #3,"I-70/US-40, EXIT 127 & US-283",Wakeeney,KS,525,3.09066666,39.01529420587,-99.890073975497
7387,TA Oakley,"I-70, EXIT 76 & US-40/US-83",Oakley,KS,525,3.649,39.1195984082,-100.809282240967
7389,GO MART FOOD STORE #58,"I-77, EXIT 1 & SR-7",Marietta,OH,430,3.799,39.409188984152,-81.423482988693
7396,7-ELEVEN #36180,US-20/SR-18,Monroeville,OH,550,3.614,41.241229632756,-82.693172458038
7398,FLYING J TRAVEL PLAZA #913,"I-80, EXIT 142 & US-65",Altoona                                 ,IA,320,3.34233333,41.62739896916,-93.498206843196
7403,FUEL MART #714,"I-75, EXIT 168",North Baltimore                         ,OH,550,3.11233333,41.188201633816,-83.649942683501
7406,PILOT #594,"I-29, EXIT 143",Sioux City,IA,527,3.699,42.429961351439,-96.372042452704
7407,TA IOWA 80 TRAVEL PLAZA,"I-80, EXIT 284",Walcott,IA,270,3.90233333,41.61715525461,-90.787000145971
7408,FRIENDSHIP FOOD MART #99,US-224 & SR-61/SR-598,Willard,OH,249,3.63233333,41.031684019152,-82.681294010338
7410,PILOT TRAVEL CENTER #373,"I-35 & I-80, EXIT 126",Urbandale                               ,IA,320,3.34233333,41.620854992243,-93.776692996629
7412,PETRO STOPPING CENTER #374,"I-69, EXIT 245 & SR-28",Gaston,IN,457,3.53566666,40.27668098932,-85.556822989861
7416,GOOD TO GO #40,"I-65, EXIT 215 & SR-114",Rensselaer,IN,290,3.20066666,40.940591004184,-87.219495483311
7417,SKY CITGO,US-30 & SR-23,Grovertown,IN,365,3.499,41.371667003898,-86.507289990088
7418,JJS TRAVEL PLAZA,US-31 & US-24,Peru,IN,370,3.444,40.771948495308,-86.128148262449
7421,MIDLAND #1901,"I-70, EXIT 137 AT MILE 137",Cambridge City,IN,375,3.43233333,39.853608370963,-85.142165927806
7425,Petro Brazil,"I-70,  EXIT 23",Brazil,IN,375,3.989,39.449594035922,-87.12347719556
7429,TA CLAYTON,"I-70, EXIT 59 & SR-39",Clayton,IN,375,3.939,39.688925299652,-86.522205220119
7435,PETRO STOPPING CENTER #375,"I-65, EXIT 201 & US-231/US-24",Remington,IN,365,3.699,40.76561381029,-87.118041784577
7436,TA WHITESTOWN,"I-65/US-52, EXIT 130",Whitestown,IN,375,3.57066666,39.945226452603,-86.351324351686
7437,PETRO STOPPING CENTER #379,"I-74,  EXIT 143",Greensburg,IN,375,3.999,39.3186808,-85.3271569
7457,TA EFFINGHAM TRAVEL CENTER,"I-57 & I-70, EXIT 160",Effingham,IL,574,3.549,39.100056788465,-88.575050182908
7459,TA Morris Travel Center,"I-80, EXIT 112 & SR-47",Morris,IL,290,3.849,41.356536085194,-88.421631677206
7466,PILOT TRAVEL CENTER #595,"I-57, EXIT 54B & SR-13",Marion,IL,540,3.759,37.740409554254,-88.95794709381
7469,PILOT TRAVEL CENTER #313,"I-70/I-55, EXIT 4 & SR-203",East Saint Louis,IL,540,3.379,38.640820248559,-90.133267729922
7471,ROAD RANGER #185,"I-55, EXIT 145 & US-136",Mc Lean,IL,280,3.449,40.316249020545,-89.160079028998
7482,TA BOISE TRAVEL CENTER,"I-84, EXIT 54",Boise,ID,785,3.77066666,43.567559255086,-116.201317275968
7492,One9 #1365,"I-85, EXIT 70",Cusseta,AL,720,2.999,32.747869930807,-85.280426537708
7495,RACETRAC #2574,"I-75, EXIT 237, SR-331 & US-41",Forest Park,GA,18,3.109,33.619928735637,-84.381977021867
7504,TEXACO,"I-75, EXIT 306 & SR-140",Adairsville,GA,193,3.10566666,34.374703113152,-84.908544807512
7506,CHAPMANS TRUCK STOP,"I-85 & SR-219, EXIT 13",Lagrange,GA,50,3.91566666,33.038776800184,-85.030855567726
7523,EXPRESS STOP FOOD STORE #4644,"I-75, EXIT 181",Pinconning,MI,260,3.639,43.85085732531,-84.019835749467
7533,TA WILDWOOD TRAVEL CENTER,"I-75, EXIT 329 & SR-44",Wildwood,FL,225,3.214,28.847328954824,-82.042726433945
7534,TA BALDWIN TRAVEL CENTER,"I-10, EXIT 343 & US-301",Jacksonville,FL,75,3.899,30.302857621756,-81.979289238456
7535,GIANT #198,"I-4/SR-400, EXIT 7 & US-301/SR-41",Tampa,FL,225,3.25733333,28.043220611339,-82.559124818955
7543,TA NEW HAVEN TRAVEL CENTER,"I-95, EXIT 56",Branford,CT,100,5.069,41.296716622009,-72.756290076035
7545,CITGO,"I-95, EXIT 40",Milford,CT,100,3.399,41.234454125974,-73.030301176212
7546,PILOT TRAVEL CENTERS #882,"I-95, EXIT 93 & SR-216",North Stonington,CT,73,4.299,41.440929980688,-71.800274016243
7551,PWI #525,"I-70, EXIT 295",Watkins,CO,800,3.139,39.740084,-104.598968
7552,TA DENVER WEST TRAVEL CENTER,"I-70, EXIT 266",Wheat Ridge,CO,800,3.41566666,39.781142112966,-105.135262028225
7553,BRUSH TRAVEL PLAZA,"I-76, EXIT 90B & SR-71",Brush,CO,800,3.699,40.25535389606,-103.618502197488
7574,108 FOOD AND FUEL,"I-40, EXIT 108 & US-66/US-281 BUS",Calumet,OK,483,3.13566666,35.534006292196,-98.242012072163
7611,LOVES TRAVEL STOP #167,"I-44, EXIT 83",Chickasha                               ,OK,483,3.16566666,35.053475147972,-97.909343287303
7615,HOPI TRAVEL PLAZA,"I-40, EXIT 292",Holbrook,AZ,930,3.219,34.908394,-110.157768
7617,TUCSON TRUCK TERMINAL,"I-10, EXIT 268",Tucson,AZ,980,3.22233333,32.126768,-110.875836
7622,COPAN TRUCK STOP,US-75,Copan                                   ,OK,307,3.119,36.897681,-95.926395
7624,WILLCOX TRUCK PLAZA,"I-10, EXIT 340",Willcox,AZ,980,3.34066666,32.26379,-109.840992
7625,LOVES TRAVEL STOP #248,"I-40, EXIT 71",Clinton,OK,483,3.17233333,35.516735526355,-98.868178912114
7627,DAVIS TRADING POST,"I-35, EXIT 55",Davis                                   ,OK,569,2.979,34.50349,-97.122
7629,ARNOLDS TRUCK STOP,US-72/SR-20/SR-157 & CR-59,Tuscumbia                               ,AL,615,3.169,34.684125175937,-87.597131227389
7635,TA MONTGOMERY TRAVEL CENTER,"I-65, EXIT 168 & US-80/US-82/SR-6/SR-8",Montgomery,AL,720,3.25233333,32.305746109833,-86.405414201508
7636,PILOT TRAVEL CENTERS #76,"I-20 & I-59, EXIT 76",Tuscaloosa,AL,615,3.099,33.173226,-87.4792508
7655,LOVES TRAVEL STOP #253,I-40 EXIT 7 & SR 30,Erick,OK,483,3.20566666,35.215064743775,-99.866757834699
7705,FLYING J TRAVEL PLAZA #610,"I-40, EXIT 53",Kingman,AZ,910,3.88233333,35.2195756,-114.0067652
7708,PILOT TRAVEL CENTERS #352,"I-75, EXIT 139",Fort Myers                              ,FL,225,3.799,26.6550263,-81.8016069
7715,LONDON AUTO TRUCK CENTER,"I-75, EXIT 41 & SR-80",London,KY,405,3.399,37.118239132363,-84.05205695439
7718,MR FUEL #717,"I-44, EXIT 251",Villa Ridge,MO,540,3.01566666,38.472671995301,-90.850700462467
7719,FLYING J TRAVEL PLAZA #674,"I-70, EXIT 188",Warrenton,MO,540,3.11566666,38.8403051,-91.2280213
7721,TRAIL STAR TRUCK STOP,"ST 16, EXIT 213",Glendive,MT,807,3.459,47.113758491593,-104.738933407342
7722,SAPP BROS TRAVEL CENTER,"I-80, EXIT 353 & US-81",York,NE,330,3.324,40.829247,-97.598772
7724,FUEL MART #767,US-6 & US-23,Bradner,OH,550,3.40733333,41.341273007608,-83.417282022264
7725,BELL STORES #48,US-30 & SR-94,Dalton,OH,249,3.38566666,40.798979109226,-81.698761564775
7733,FLYING J TRAVEL PLAZA #723,"I-40, EXIT 76",Amarillo,TX,585,3.26566666,35.194274,-101.723205
7746,PILOT TRAVEL CENTER #888,"I-27, EXIT 74",Tulia,TX,585,3.34066666,34.532628390447,-101.795906799836
7753,LOVES TRAVEL STOP #166,SR-351,Muskogee,OK,560,3.33733333,35.4863913,-95.1487207
7767,FLYING J TRAVEL PLAZA #759,"I-25, EXIT 7",Cheyenne,WY,795,3.709,41.097996,-104.854103
7768,BIG D #30,"I-25/US-87, EXIT 9 & I-80, EXIT 359C & I-80 BUS/US-30",Cheyenne,WY,795,3.204,41.115305908544,-104.84472003991
7792,FLYING J TRAVEL PLAZA #630,"I-75/SR-401, EXIT 201 & SR-36",Jackson,GA,67,3.384,33.294365795339,-83.964847271818
7798,CIRCLE K #2745100,"I-95, EXIT 7",Woodbine,GA,75,3.23233333,30.845555576534,-81.670430739686
7825,PILOT TRAVEL CENTERS #356,"I-65, EXIT 121",Shepherdsville,KY,415,3.609,38.060865,-85.703056
7838,PILOT #581,"US-52/SR-55, & 117TH ST, MM300",Inver Grove Heights,MN,515,3.579,44.778327012797,-93.034664985274
7871,STRIPES 7FLEET #42454,"US-60, US-70 & US-84",Texico,NM,700,3.829,34.388732092636,-103.044382707702
7873,One9 #387,"I-80, EXIT 280 & SR- 278",Carlin                                  ,NV,835,3.439,40.677806410107,-116.138990571106
7886,PETRO STOPPING CENTER #357,"I-70, EXIT 156B & US-40",New Paris,OH,317,3.48733333,39.833344486464,-84.813702984161
7930,I 24 TRUCK PLAZA,"I-24, EXIT 114 & US-41",Manchester,TN,460,3.099,35.457426,-86.044925
7946,PILOT TRAVEL CENTERS #289,"I-90/I-39, EXIT 158 & I-43/SR-81, EXIT 1",Beloit                                  ,WI,520,3.799,42.507530300848,-89.035819332128
7959,SPF #45,"I-25/US-87, EXIT 7 & US-212",Cheyenne,WY,795,3.22566666,41.096557235959,-104.850121839719
8840,LOVES TRAVEL STOP #211,"I-35, EXIT 120",Oklahoma City,OK,483,3.25566666,35.593964,-97.436558
8895,PAULS VALLEY TRAVEL CENTER,"I-35, EXIT 72  & SR-19",Pauls Valley,OK,569,2.999,34.7391444513,-97.261513990824
8927,LOVES TRAVEL STOP #219,"I-40, EXIT 200",Seminole,OK,560,3.36233333,35.383906684366,-96.667941878428
8936,CIRCLE K #107,US-220 & CR-902,Ridgeway,VA,65,3.399,36.548791817227,-79.897705284129
8948,PARK N PUMP CIRCLE C,"I-15, EXIT 222",Nephi,UT,835,3.449,39.687260516889,-111.832329354094
8961,FLYING J TRAVEL PLAZA #736,"I-20, EXIT 42 & US-285",Pecos,TX,710,3.46566666,31.40158,-103.48568
8977,LOVES TRAVEL STOP #168,"I-44, EXIT 20",Walters                                 ,OK,253,3.194,34.360822302599,-98.411291883555
8987,LOVES TRAVEL STOP #255,"I-40, EXIT 287 & SR-100",Webbers Falls,OK,645,3.789,35.507161380076,-95.147706654636
9160,PILOT TRAVEL CENTERS #912,"I-80, EXIT 300 & SR-40D",Wood River,NE,330,3.28233333,40.761517170587,-98.590421830231
9161,TREXLER PLAZA TRUCK STOP,I-78/US-22,Allentown,PA,160,3.63233333,40.593616,-75.5898935
9206,CIRCLE K #4707005,US-2 & SR-4,Farmington,ME,170,3.899,44.661687043049,-70.15242649111
9216,309 TRUCK STOP,SR-309,Coopersburg                             ,PA,90,3.759,40.514231638642,-75.384812194307
9241,7-ELEVEN #40286,"I-76,  EXIT 23/312",Elverson,PA,160,3.889,40.156787,-75.833103
9280,ONVO TRAVEL PLAZA - LAKEWOOD,"I-84, EXIT 20 & SR-507",Greentown,PA,200,3.54566666,41.340559120914,-75.313806140476
9289,ONVO EXPRESS,"I-81, EXIT 217 & SR-547",Harford,PA,200,3.609,41.78689600983,-75.684601001295
9340,LANCASTER TRAVEL PLAZA,US-30,Ronks,PA,208,3.899,40.019706,-76.181792
9354,BFS FOODS TRUCK PLAZA,"I-79, EXIT 1",Mount Morris,PA,165,4.499,39.734954360046,-80.058195882922
9365,FLYING J TRAVEL PLAZA #713,"I-95, EXIT 181",Latta,SC,63,3.349,34.3399849,-79.5339813
9381,SCOTT FUEL TRAVEL PLAZA,"I-81, EXIT 199",Dalton                                  ,PA,200,3.599,41.553211,-75.65102
9382,PILOT TRAVEL CENTERS #286,"I-70, EXIT 10 & SR-127",Eaton,OH,317,3.46233333,39.8316442,-84.6303104
9383,PILOT TRAVEL CENTERS #285,"I-70, EXIT 126 & SR-37",Hebron,OH,315,3.44566666,39.9451008,-82.5360515
9386,PETRO STOPPING CENTER #325,"I-75,  EXIT 167",North Baltimore,OH,550,3.27066666,41.1730416,-83.6464884
9403,PILOT TRAVEL CENTERS #280,"I-78, EXIT 7 & SR-173",Bloomsbury                              ,NJ,105,3.809,40.660006321886,-75.070458778192
9415,7-ELEVEN #40287,"I-76, EXIT 24A/326",Wayne,PA,160,3.889,40.045785,-75.387892
9423,PETRO STOPPING CENTER #318,"I-70, EXIT 148",Kingdom City,MO,540,3.05733333,38.940599,-91.939955
9449,CORNER PANTRY #127,"I-26, EXIT 115 & US-321",West Columbia,SC,135,3.41233333,33.986038222902,-81.052439772083
9451,TA BETO JUNCTION TRAVEL CENTER,"I-35, EXIT 155 & US-75",Lebo,KS,336,3.23066666,38.428149013048,-95.728687958666
9467,TA PORTER TRAVEL CENTERS,"I-94, EXIT 22B & US-20",Chesterton,IN,365,3.849,41.608786015589,-87.104336976588
9468,TA LAKE STATION,"I-80 & I-94, EXIT 15B",Lake Station,IN,365,3.849,41.590216998751,-87.223905998852
9469,TA EXPRESS COWPENS #477,"I-85, EXIT 83 & SR-110",Cowpens,SC,210,3.399,35.043738305123,-81.817031280052
9485,PILOT #4559,"I-20, EXIT 26",Villa Rica,GA,18,3.449,33.72493071638,-84.903908669597
9513,CIRCLE K #2705350,"I-20, EXIT 5 & US-25",North Augusta,SC,135,3.159,33.562009466599,-81.940050107352
9525,SCOTCHMAN #3891,"I-77, EXIT 65 & SR-9",Richburg,SC,46,3.109,34.744898017843,-81.033576969539
9528,GO MART FOOD STORE #43,"I-64, EXIT 39 & SR-34",Teays,WV,44,3.499,38.448592209001,-81.942326046803
9542,SPINX #266,"I-26, EXIT 104",Columbia,SC,135,3.13233333,34.064179101989,-81.138815116668
9550,Mauston Interstate BP,"I-90/I-94, EXIT 69 & SR-82",Mauston,WI,420,3.22733333,43.796828195358,-90.071519720401
9553,LYNDON STATION BP,I-90 & 94 EXIT 79,Lyndon Station,WI,420,3.177,43.723368986381,-89.903132985301
9554,BIG D OIL #2,US-85 & US-34,Belle Fourche                           ,SD,506,3.22733333,44.650239,-103.860498
9614,DITTYS,"I-90, EXIT 284 & SR-45",Kimball,SD,455,3.089,43.737399915111,-98.958231899402
9618,FLYING J #477,US-75,Anna,TX,630,3.239,33.347994351288,-96.586253803673
9638,PILOT TRAVEL CENTERS #62,"I-95, EXIT 170 & SR-327",Florence,SC,46,3.349,34.192804810048,-79.656544495667
9668,COFFEE CUP FUEL STOP #4,"I-90, EXIT 310 & SR-281",Plankinton                              ,SD,455,3.02733333,43.695515978027,-98.441405449907
9675,FLYING J TRAVEL PLAZA #722,"I-75 & I-40, EXIT 369",Knoxville,TN,405,3.439,35.956519388573,-83.972009366365
9699,SPEEDWAY #9400,US-30/US-62 & SR-297,Canton,OH,249,3.369,40.779141006423,-81.418758026054
9703,PILOT TRAVEL CENTERS #2,"I-90, EXIT 223 & SR-45",Austinburg                              ,OH,305,3.859,41.730758871819,-80.854444028373
9712,TA GREENSBORO TRAVEL CENTER,"I-40 & I-85, EXIT 138 & SR-61",Whitsett,NC,65,3.99733333,36.061240498005,-79.566936990976
9713,TA Express Vermillion #275,"I-29, EXIT 26 & SR-50",Burbank,SD,572,3.099,42.793847652828,-96.931630872227
9717,COFFEE CUP FUEL STOP #8,"I-90, EXIT 212 & SR-83",Vivian                                  ,SD,455,3.09733333,43.912912738539,-100.309426049753
9724,One9 #1339,"I-81,  EXIT 34",Parish,NY,190,3.799,43.459900888886,-76.119778643698
9746,TA MILL CITY TRAVEL CENTER,"I-80, EXIT 151",Imlay,NV,966,3.794,40.69727931482,-118.051823811689
9747,GOOD TO GO TRAVEL CENTER,"I-80, EXIT 353 & US-81",York,NE,350,3.31733333,40.821522507268,-97.592739992585
9763,DELUXE TRUCK STOP,SR-759,Saint Joseph,MO,400,3.149,39.72789,-94.869
9783,KANGAROO CROSSING #1101,"I-55, EXIT 144",Pickens                                 ,MS,705,3.099,32.943098521112,-89.977483442471
9803,TA KNOXVILLE WEST TRAVEL CENTER,"I-40 & I-75, EXIT 369",Knoxville,TN,405,3.42566666,35.880178112454,-84.233867634058
9808,TA ANN ARBOR TRAVEL CENTER,"I-94, EXIT 167",Dexter,MI,325,3.629,42.299182451084,-83.874641410798
9812,LEES FOOD MART #1398,"I-40, EXIT 398",Knoxville,TN,405,3.299,36.002565008972,-83.77908266333
9818,CIRCLE K #4707002,"I-95, EXIT 157",Newport,ME,170,3.899,44.831963410715,-69.287281649169
9821,PILOT TRAVEL CENTERS #52,"I-24, EXIT 64",La Vergne                               ,TN,460,3.47233333,35.997889,-86.594899
9842,Petes #03,US-59 & US-54,Moran,KS,336,3.26566666,37.921611996331,-95.170003015161
9843,MAPLE HILL TRUCK STOP,"I-70, EXIT 341",Maple Hill,KS,553,3.05233333,39.058032,-96.03646
9851,KWIK STOP #86,US-151/US-52/US-61,Dubuque                                 ,IA,335,3.489,42.50281840596,-90.663712246493
9855,PILOT TRAVEL CENTERS #37,"I-65, EXIT 95",Whiteland,IN,375,3.959,39.548468697895,-86.039567098561
9860,PARADISE AUTO TRUCK PLAZA,US-31,Rochester,IN,370,3.40566666,41.047337,-86.231602
9862,PILOT TRAVEL CENTERS #271,"I-80, EXIT 6",Gary,IN,365,3.799,41.573096,-87.4028624
9887,7-ELEVEN #40354,"I-95, EXIT 173",Palm Bay,FL,140,3.21566666,27.995080979628,-80.627719003871
9941,FLYING J TRAVEL PLAZA #609,"I-10, EXIT 208-A",Eloy,AZ,930,3.45233333,32.7332605,-111.5493584
9945,CIRCLE K #2706690,"I-85/US-29, EXIT 62 & US-280/US-431/SR-38/SR-1",Opelika,AL,50,2.999,32.643738541194,-85.353325275769
9959,FLYING J #876,"I-95, EXIT 104",Ruther Glen,VA,180,3.619,37.937433013655,-77.472325298585
9962,STRIPES #40673,"I-45, EXIT 179",Mcallen,TX,639,3.289,26.155116,-98.281703
9971,TA DANSVILLE TRAVEL CENTER,"I-390 & COMMERCE, EXIT 5",Dansville,NY,190,4.499,42.567092002168,-77.718052471857
9973,BOLLA MARKET,"I-287, EXIT 66",Mahwah,NJ,115,3.53233333,41.10633,-74.1671
9990,JIMS  BEST STOP,US-45 & US-64,Selmer,TN,435,3.174,35.158128987606,-88.579868017035
9995,LOVES TRAVEL STOP #411,"I-35 & I-80, EXIT 125 & US-6",Clive,IA,320,3.34066666,41.603335683049,-93.776777234756
9997,Circle K #2723687,"I-20, EXIT 11 & US-27/SR-1",Bremen,GA,193,3.08733333,33.69084975079,-85.15157938851
10006,FLINT HILLS FUEL MART,US-50 & US-77,Florence,KS,336,3.499,38.238650172545,-96.933567495775
10007,CIRCLE K #2705346,SR-307,Savannah,GA,195,3.03233333,32.053925056705,-81.211778848569
10014,Sudden Service #6604,"I-40, EXIT 212",Nashville,TN,460,3.399,36.1489256,-86.7465981
10015,Loves Travel Stop #429,"I-65 & I-24, EXIT 87",Nashville,TN,460,3.46233333,36.2242232944,-86.774549822684
10020,Maplefields,"US-4, EXIT 2 & SR-22A",Fair Haven,VT,39,3.599,43.606746250538,-73.27884173366
10024,MILLERS TRAVEL CENTER,US-6 & US-50,Wellington,UT,835,3.659,39.546808425918,-110.626566852084
10028,GOOD TO GO #10,US-35,Winamac,IN,290,3.914,41.073025,-86.604363
10030,LOVES TRAVEL STOP #715,I-77 EXIT 58 & SR-666 & US-52,Bastian,VA,185,3.59733333,37.176229295869,-81.136326278158
10033,SHELL,"I-95, EXIT 133 & US-17 BUS",Fredericksburg,VA,180,3.25566666,38.295716609132,-77.454466376402
10047,TOWN PUMP FOOD STORE #8929,"I-15, EXIT 339",Conrad                                  ,MT,815,3.599,48.183220675335,-111.935673057061
10053,BECKS #27,"I-39/US-51, EXIT 72 & US-34",Mendota,IL,270,3.269,41.554100469978,-89.058463299394
10057,Flying J TravelPlaza #649,"I-465, EXIT 4",Indianapolis,IN,375,3.899,39.697490329369,-86.181726423461
10058,CITGO,US-431/SR-1 & SR-27,Abbeville                               ,AL,10,3.399,31.550832493953,-85.28476686463
10065,ROAD MART,US-71/US-59,Ashdown,AR,723,3.299,33.671533157029,-94.129103825599
10077,FLYING J TRAVEL PLAZA #607,"I-55, EXIT 4 & I-40, EXIT 280",West Memphis,AR,435,3.15066666,35.153291719842,-90.255383537682
10085,EL CENTRO TRAVEL CENTER,"I-8, EXIT 115 & SR-86",El Centro                               ,CA,900,4.499,32.773179389896,-115.552274871409
10101,PILOT TRAVEL CENTER #65,"I-20, EXIT 194",Augusta                                 ,GA,135,3.859,33.4799832,-82.13052
10104,GEO H GREEN OIL,"I-85/SR-403, EXIT 41 & US-27 ALT",Newnan,GA,18,3.199,33.322459649445,-84.777240489971
10109,GIT N GO CONVENIENCE STORE #34,"US-30, EXIT 185 & SR-14",Marshalltown,IA,320,3.119,42.004622985611,-92.912424985744
10110,JACKSON'S FOODS DBA ONE9 #1427,"I-84, EXIT 36",Nampa,ID,785,3.37066666,43.598885485015,-116.550034475426
10116,Petro Stopping Center #359,"I-39/US-51, EXIT 99 & SR-38",Rochelle,IL,520,3.759,41.934726904537,-89.026636461393
10122,LOVES TRAVEL STOP #417,"I-80 & I-94, EXIT 9A",Gary,IN,365,3.809,41.590216998751,-87.223905998852
10126,PILOT TRAVEL CENTER #152,"I-65, EXIT 16 & MEMPHIS RD",Memphis,IN,415,3.959,38.4920326,-85.7734683
10128,PETES #20,US-54/SR-7 & US-69,Fort Scott,KS,307,3.199,37.818957109851,-94.705455393859
10135,YESWAY #1116,"I-35, EXIT 60",Mcpherson,KS,434,3.259,38.368717852494,-97.620364502843
10142,PILOT TRAVEL CENTERS #438,"I-65, EXIT 6 & SR-100",Franklin,KY,415,3.169,36.718860594601,-86.578447122808
10144,PILOT TRAVEL CENTERS #358,"I-24 & US-305, EXIT 3",Paducah,KY,490,3.699,37.097458,-88.691204
10146,PILOT TRAVEL CENTERS #437,"I-75, EXIT 11 & SR-92",Williamsburg,KY,410,3.609,36.671487391099,-84.30454021914
10150,PILOT TRAVEL CENTERS #300,"I-12, EXIT 40",Hammond,LA,725,3.23233333,30.477589,-90.456364
10154,I 49 TRUCK STOP,"I-49, EXIT 23 & US-167",Opelousas                               ,LA,600,3.199,30.5889065,-92.048591
10157,J AND  H OIL,"US-131, EXIT 72",Byron Center,MI,344,3.499,42.780982475938,-85.668146423087
10161,SPEEDWAY #8740,"I-69, EXIT 87",Dewitt,MI,342,3.599,42.817312371214,-84.548798887234
10168,Express Stop,"I-94, EXIT 145",Jackson                                 ,MI,385,3.589,42.280537105426,-84.306904656029
10172,EXPRESS STOP FOOD STORE #4647,"I-75, EXIT 151 & SR- 81",Saginaw,MI,260,3.399,43.448213109294,-83.890503363809
10181,QUIKTRIP #611,I-55 EXIT 178,Herculaneum,MO,540,2.99066666,38.257568081539,-90.402820660027
10184,CIRCLE K #2721544,"I-55, EXIT 243 & US-278/SR-6",Batesville,MS,435,3.309,34.311205540757,-89.943693145066
10192,INTERSTATE STATION #8,"I-55, EXIT 78                 ",Natchez                                 ,MS,760,3.399,31.561592,-91.405318
20000,BIG BOYS TRUCK STOP,"I-95, EXIT 105",Kenly,NC,205,3.299,35.569357526183,-78.165576266819
20003,PILOT #7976,"I-77, EXIT 42",Troutman,NC,46,3.659,35.670610439486,-80.85812711159
20006,CENEX C STORE,US-52,Kenmare,ND,452,3.46733333,48.807206868752,-102.123548384709
20009,BIG SPRINGS TRUCK AND TRAVEL,"I-80, EXIT 107",Big Springs,NE,475,3.074,41.051347,-102.072991
20011,CUBBYS #111,US-81,Norfolk,NE,470,3.209,42.007751,-97.427497
20012,FLYING J TRAVEL PLAZA #686,"I-80, EXIT 432",Gretna,NE,319,3.28233333,41.091716,-96.254728
20014,SIMONS EXIT 16,"I-89, EXIT 16",Enfield                                 ,NH,39,3.499,43.609716058136,-72.187560050497
20019,SUNOCO,"I-295, EXIT 2C & SR-140",Penns Grove,NJ,150,3.459,39.684667503314,-75.483311608193
20024,LOVES TRAVEL STOP #259,"I-10 & AIRPORT RD, EXIT 132",Las Cruces,NM,640,3.214,32.243375651644,-107.306838945898
20027,LOVES TRAVEL STOP #262,"I-40, EXIT 333",Tucumcari,NM,585,3.889,35.158078669947,-103.698758335416
20028,MORTONS TRUCK STOP,"I-15, EXIT 46",North Las Vegas,NV,910,3.399,36.221652937682,-115.121508715611
20031,FLYING J TRAVEL PLAZA #770,"I-80, EXIT 176",Winnemucca                              ,NV,966,3.77733333,40.960556,-117.7480545
20033,LOVES TRAVEL STOP #772,"I-86 & SR-17, EXIT 37",Bath,NY,190,4.489,42.377969784894,-77.360362711224
20036,SMOKIN JOES,I-90 EXIT 24,Sanborn                                 ,NY,38,3.699,43.143604,-78.923983
20042,FLYING J TRAVEL PLAZA #700,I-80 & I-90 EXIT 71,Perrysburg,OH,550,3.759,41.525328998233,-83.461966031912
20043,FRIENDSHIP FOOD MART #70,SR-2 & SR-53,Port Clinton,OH,550,3.939,41.499710004544,-82.970417031539
20045,PILOT TRAVEL CENTERS #281,"I-80, EXIT 226",Girard,OH,573,3.45233333,41.1398215,-80.7199346
20049,LOVES TRAVEL STOP #263,"I-44, EXIT 45 & SR-49",Lawton,OK,569,3.21733333,34.711575007397,-98.399143031984
20050,LOVES TRAVEL STOP #260,"I-35, EXIT 106 & SR-9 W",Norman,OK,483,3.254,35.177071566362,-97.494200418231
20054,Jacksons Food Stores,"I-84, EXIT 261",La Grande,OR,925,3.687,45.333121,-118.068877
20062,PILOT TRAVEL CENTERS #298,"I-80, EXIT 256 & SR-93",Drums,PA,200,3.97566666,41.028003253056,-76.07857215967
20066,KWIK FILL #228,"I-90, EXIT 45 & US-20",North East,PA,240,4.089,42.216456770998,-79.832009859305
20070,ONVO TRAVEL PLAZA - PROMISED LAND,"I-84, EXIT 26 & SR-390",Tafton,PA,200,3.54566666,41.361372015142,-75.202044022829
20072,PILOT TRAVEL CENTERS #310,"I-85, EXIT 63 & SR-290",Duncan,SC,210,3.43233333,34.936664093895,-82.136727476981
20079,PETRO KINGSTON SPRINGS #349,"I-40, EXIT 188",Kingston Springs,TN,460,3.23233333,36.082258709034,-87.093729284738
20082,GOLDEN EXPRESS TRUCK STOP,US-287/US-81 & CR-1595,Alvord,TX,637,3.049,33.395634481402,-97.731423274489
20083,FLYING J TRAVEL PLAZA #724,"I-10, EXIT 0",Anthony                                 ,TX,640,3.459,31.996014,-106.5779326
20086,LOVES TRAVEL STOP #609,"I-35, EXIT 471 & US-77",Denton,TX,630,3.24733333,33.26113343825,-97.177561464923
20105,CEFCO #1050,"I-30, EXIT 146 & US-37",Mount Vernon,TX,723,2.94233333,33.162188882604,-95.231848251268
20108,TEX-BEST #501,"I-37, EXIT 125",Elmendorf                               ,TX,740,2.949,29.222339040344,-98.410738152299
20109,PILOT TRAVEL CENTERS #306,"I-10, EXIT 582",San Antonio                             ,TX,740,3.214,29.2190169,-98.4150252
20114,CROSSROADS,"I-10, EXIT 829 & SR-124",Winnie                                  ,TX,610,4.249,29.818037895863,-94.383867315988
20118,KWIK TRIP #648,"I-94, EXIT 116 & SR-54",Black River Falls,WI,395,3.23733333,44.294423236628,-90.841861462423
20119,FREMONT CITGO,US-10 & SR-110,Fremont,WI,444,3.399,44.268507014154,-88.928207004875
20121,GO MART FOOD STORE #50,"I-77/I-64, EXIT 44 & SR-3",Beckley,WV,44,3.599,37.772683930905,-81.186773118764
20129,FLYING J #848- ROAD KING TRUCK,"HIGHWAY 2, EXIT 251",Calgary,AB,50,4.3981947,51.104486995702,-114.04641564311
44228,I-69 TRUCKSTOP TRAVEL CENTER,"I-69, EXIT 184 & SR-19",Memphis,MI,342,3.549,42.906482527649,-82.769611366608
52040,REBEL TRUCK STOP,"I-5, EXIT 27",Kalama,WA,935,4.499,45.978709601723,-122.822597182151
52048,PILOT TRAVEL CENTER #302,"I-10, EXIT 13 & CR-30",Theodore,AL,715,3.159,30.5591056,-88.2053834
52052,EXPRESSWAY MOBIL,US-63 & US-167,El Dorado,AR,635,3.599,33.213523218042,-92.63446263626
52065,76 DBA ONE9 #1415,"I-75, EXIT 49",Lake Panasoffkee,FL,225,3.17233333,28.77812,-82.120635
52067,PETRO STOPPING CENTER #322,"I-285, EXIT 12",Atlanta,GA,18,3.44566666,33.790409,-84.487792
52070,FRIENDLY EXPRESS #31,US-1 & US-301,Folkston,GA,75,3.099,30.851945886785,-82.0095248716
52081,MCCLURE OIL #9,US-31 & SR-18,Kokomo,IN,375,3.839,40.585231123037,-86.070033009478
52085,RUSSELL 24/7,"I-70, EXIT 184",Russell,KS,357,3.00733333,38.864501315938,-98.852499381419
52088,CASEYS #4459,"I-64, EXIT 265",Mayfield,KY,490,3.249,36.741641,-88.637099
52089,SHELL,US-84 & SR-28,Jonesville,LA,719,3.399,31.576700220619,-91.979011386623
52090,SHOP A LOTT #10,"I-49, EXIT 138 & SR-6",Natchitoches                            ,LA,766,3.12566666,31.728448689323,-93.157172702792
52099,BEACON & BRIDGE #7,"I-75, EXIT 126",Mount Morris,MI,342,3.379,43.116964316597,-83.76309487432
52103,SPRINT MART #27,US-45 & US-72,Corinth,MS,435,3.05566666,34.930921618329,-88.547418736176
52104,BLUE SKY #734,SR-1,Saltillo                                ,MS,435,3.08233333,34.3768,-88.68912
52106,FLYING J TRAVEL PLAZA #923 -TOWN PUMP,"I-90, EXIT 455",Billings                                ,MT,780,3.58066666,45.812555,-108.415644
52107,PILOT #7983,"I-85,  EXIT 71",Salisbury,NC,46,3.499,35.60886468233,-80.520175607282
52112,SROKAS SERVICE CENTER,SR-149,Fort Ann,NY,12,3.999,43.398931116348,-73.49142737982
52128,Sudden Service #8087,I-40 EXIT 238,Lebanon,TN,460,3.199,36.182497,-86.295528
52140,Sinclair,"I-82, EXIT 69",Sunnyside,WA,925,4.599,46.305836003693,-119.981881970535
52142,PILOT TRAVEL CENTERS #296,"I-94 & BAKER RD, EXIT 167",Dexter,MI,325,3.649,42.295072395654,-83.87794190258
52143,One9 #319,"I-75, EXIT 328",Dalton,GA,285,3.01566666,34.689378608221,-85.002763984607
52145,Pilot Travel Centers#318,"I-465/I-74/US-52/US-40/SR-67, EXIT 4 & SR-37",Indianapolis,IN,375,3.899,39.697490329369,-86.181726423461
52146,FLYING J TRAVEL PLAZA #758,"I-25, EXIT 185 & SR-258",Casper,WY,790,3.999,42.849848995341,-106.270561167688
52149,PILOT TRAVEL CENTERS #321,"I-75/71, EXIT 175 & SR-338",Walton,KY,300,3.08566666,38.917762974717,-84.627125997912
52150,PILOT TRAVEL CENTERS #311,"I-90, EXIT 27 & SR-97",Erie,PA,240,4.21566666,42.114239880868,-80.06440801549
52152,PILOT TRAVEL CENTERS #308,"I-80 , EXIT 310",Laramie,WY,795,3.609,41.3272077,-105.6104882
52153,PILOT #1412,"I-94 & RUSSELL RD, EXIT 1",Wadsworth,IL,444,3.769,42.487202511396,-87.946891918754
52155,TA SOUTHINGTON TRAVEL CENTER,"I-84, EXIT 28 & US-65",Milldale,CT,100,5.199,41.564859,-72.890561
52163,PILOT TRAVEL CENTERS #67,"I-75, EXIT 296",Cartersville,GA,18,3.549,34.275786085293,-84.814108484271
52212,FLYING J TRAVEL PLAZA #763,"I-80, EXIT 209",Rawlins,WY,795,3.749,41.7776905,-107.3110927
52221,FLYING J TRAVEL PLAZA #726,"I-20, EXIT 472",Dallas,TX,630,3.18233333,32.657425,-96.752101
52222,FLYING J TRAVEL PLAZA #735,"I-10, EXIT 873 & SR-62",Orange,TX,610,3.309,30.1143431,-93.8139864
52230,ONE9 #294,"I-15 & I-84, EXIT 344 SR-39",Ogden                                   ,UT,835,3.32566666,41.248771768453,-111.885484941812
52233,SPEEDWAY #2953,"US-80, EXIT 3",Yuma,AZ,900,3.46566666,32.689468669222,-114.585122423865
52235,PETRO STOPPING CENTER #303,"I-80, EXIT 310",Laramie,WY,795,3.57566666,41.3284625,-105.6199743
52236,CHEVRON,US-60,Globe,AZ,930,4.299,33.41895,-110.812931
52239,PILOT TRAVEL CENTERS #192,"I-75, EXIT 60",Tifton,GA,10,3.599,31.4285799,-83.516304
52241,Rocket,"I-25/US-85/US-87, EXIT 161 & SR-105",Monument                                ,CO,803,3.195,39.092781913018,-104.82432123515
52250,PILOT TRAVEL CENTERS #222,I-84 EXIT 1,Sturbridge,MA,215,4.159,42.06327,-72.10842
52255,GREATER CHICAGO I 55,"I-55, EXIT 267 & SR-53",Bolingbrook,IL,290,3.319,41.703736695821,-88.068618306142
52262,CIRCLE K #2721577,US-84 & SR-21,Monroeville,AL,715,3.434,31.527755698312,-87.323777191147
52278,NEIGHBORS EXPRESS,US-25/SR-121/SR-23/SR-67,Millen                                  ,GA,135,3.38233333,32.80022218993,-81.949484298035
52297,IGA EXPRESS SHELL #874,"I-65, EXIT 20",Bowling Green,KY,460,2.999,36.955368,-86.426346
52299,415 TRUCK STOP,"I-10, EXIT 151 & SR-415",Port Allen,LA,600,3.089,30.448133703005,-91.244053996464
52302,LONGHORN TRUCK AND CAR PLAZA,"I-10, EXIT 4",Vinton                                  ,LA,690,3.274,30.158194,-93.637591
52304,Fast Stop,"I-10, EXIT 182 & SR-22",Sorrento,LA,600,3.699,30.170158756415,-90.871264362851
52307,CASEYS #3002,SR-60 & SR-30/SR-4,Saint James,MN,425,3.219,43.978722996069,-94.549374969001
52313,CIRCLE K #2723445,"I-20, EXIT 5A & US-61/SR-27",Vicksburg,MS,760,2.959,32.343138664959,-90.828652839006
52322,BOLLA MARKET,"I-95, EXIT 13",Elizabeth,NJ,115,3.099,40.6477489,-74.202603
52323,POWER,"I-78, EXIT 58 & SR-9/SR-1",Newark,NJ,115,4.299,40.731507,-74.1743877
52325,MIRABITO #69,"I-88, EXIT 15 & SR-23",Oneonta,NY,12,3.999,42.443242896691,-74.923710924304
52326,MR FUEL #715,"I-70, EXIT 203",Foristell,MO,540,2.92566666,38.816709820709,-90.955725253508
52334,KWIK TRIP #775,"I-90, EXIT 69 & SR-82",Mauston,WI,420,3.28733333,43.796828195358,-90.071519720401
52335,SHELL,"I-295, EXIT 3",Disputanta,VA,180,3.029,37.096094214498,-77.309158741908
52340,KWIK FILL #249,US-22,Duncansville,PA,14,4.07233333,40.420283,-78.45036
52344,STAMART 1224,"I-94, EXIT 166",Bismarck,ND,273,3.61566666,46.805332988745,-100.772780411103
52346,QUARLES #4436,"I-695, EXIT 41 & SR-151",Dundalk                                 ,MD,22,3.699,39.29665191933,-76.529165906302
52348,SHELL,"I-75, EXIT47 & SR-85",Detroit,MI,325,3.699,42.275707825323,-83.155537938812
52361,PAYLESS FUEL TRAVEL CENTER,"I-20, EXIT 470",Dallas,TX,630,2.98566666,32.648858,-96.782923
52363,SPEEDWAY #2376,US-131 & SR-46,Cedar Springs,MI,456,3.899,43.219840989085,-85.574980958167
52364,PILOT TRAVEL CENTERS #335,"I-20 & SR-137, EXIT 138",Rayville,LA,760,3.21233333,32.55825015095,-91.759746231712
52365,MOORES SUPER STORE,US-43/US-278/SR-171,Hamilton,AL,615,3.799,34.067774,-87.973659
52366,ALMA TRAVEL MART,"I-40, EXIT 13 & US-71",Alma,AR,645,3.33233333,35.48763,-94.225617
52367,DOSWELL TRUCK STOP,"I-95, EXIT 98 & SR-30",Doswell,VA,180,2.899,37.8485150113,-77.444111005144
52383,FLYING J TRAVEL PLAZA #601,"I-20/I-59, EXIT 104",Mc Calla,AL,615,3.17066666,33.3212767,-87.0473252
52384,PILOT TRAVEL CENTERS #337,"I-95, EXIT 164 & US-52",Florence,SC,46,3.349,34.229819338876,-79.799063824955
52385,Flying J Travel Plaza #696,"I-71, EXIT 131",Sunbury,OH,315,3.719,40.267557,-82.924899
52387,MARATHON,"I-55, EXIT 265 & SR-4",Senatobia,MS,435,3.199,34.624573843024,-89.953912677594
52388,FLYING J TRAVEL PLAZA #711,"I-85, EXIT 102",Blacksburg,SC,46,3.429,35.1420822,-81.5091276
52393,CASEYS #3004,SR-15 & CR-52,Truman,MN,425,3.299,43.832698088993,-94.42793317811
52400,PILOT TRAVEL CENTERS #324,"I-94/US-41, EXIT 329",Franksville,WI,444,3.889,42.775446845231,-87.953564769888
52401,LOVES TRAVEL STOP #267,"I-40, EXIT 107 & SR-95",Morrilton,AR,695,3.36066666,35.176939448088,-92.744406779342
52402,FLYING J TRAVEL PLAZA #665,"I-20, EXIT 3 & SR-79",Greenwood,LA,745,3.14566666,32.444764,-93.9790953
52403,FLYING J TRAVEL PLAZA #676,"I-10, EXIT 31",Gulfport,MS,733,3.14566666,30.424443016627,-89.133459667589
52404,PETRO WELLS,"I-80, EXIT 352",Wells,NV,835,3.73233333,41.099968749422,-114.960175575991
52405,FLYING J TRAVEL PLAZA #636,"I-80, EXIT 292",Davenport                               ,IA,270,3.87233333,41.6034725,-90.6250105
52411,SAPP BROS TRAVEL CENTER,"I-215, EXIT 21",Salt Lake City,UT,835,3.399,40.736902875984,-111.949050480692
52413,PILOT TRAVEL CENTERS #360,"I-75 & SR-613, EXIT 164",Findlay                                 ,OH,411,3.31566666,41.137854988285,-83.658846963038
52414,Mobil dba ONE9 #1341,"I-5, EXIT 208",Arlington,WA,977,3.799,48.18928430132,-122.204635097661
52421,SHEETZ #194,"I-80, EXIT 97",Falls Creek,PA,14,3.30733333,41.146955617936,-78.790910874037
52422,KWIK TRIP #674,"I-94, EXIT 45 & US-12/SR-29",Menomonie,WI,295,3.499,44.872956670445,-91.929755787997
52423,PILOT TRAVEL CENTER #908- TOWN PUMP,"I-15 & I-90, EXIT 122",Butte,MT,816,3.56566666,46.008462415081,-112.633183129427
52426,J MART #322,"I-65, EXIT 322",Falkville,AL,615,3.199,34.365198756852,-86.890801162676
52427,PILOT TRAVEL CENTERS #340,"I-80, EXIT 46",Fernley,NV,966,3.91566666,39.613536,-119.266267
52428,PILOT TRAVEL CENTERS #338,"I-26, EXIT 115 & US-321",West Columbia,SC,135,3.499,33.986038222902,-81.052439772083
52430,CHEVRON FOOD MART,"I-75, EXIT 350 & SR-2",Ringgold,GA,285,2.859,34.955194691173,-85.258355276844
52431,WOODBINE TRAVEL CENTER,"I-95, EXIT 14",Woodbine,GA,75,3.03233333,30.947842,-81.689259
52435,CM WINNERS CHOICE,"I-10 & SR-108, EXIT 23",Sulphur,LA,690,3.299,30.22777452299,-93.325475523849
52438,NEW MADRID,"I-55, EXIT 52/SR-P",New Madrid,MO,275,3.269,36.671433700982,-89.553078229056
52439,CIRCLE K #2723395,US-11,Hattiesburg,MS,620,3.199,31.256813,-89.338302
52441,PILOT #6990,"I-95, EXIT 106",Kenly,NC,205,3.709,35.580598788305,-78.144505862136
52450,PILOT #1290,"I-35, EXIT 410 & US-77",Red Oak,TX,630,3.299,32.497418071593,-96.822953687632
52452,PLAINVIEW TRAVEL PLAZA,"US-41, EXIT 113 & SR-26",Oshkosh,WI,444,3.199,43.895252048645,-88.629711160916
52454,PILOT TRAVEL CENTERS #6,"I-70, EXIT 178 & SR-209",Cambridge,OH,315,3.509,40.0244993999,-81.590091266214
52455,LOVES TRAVEL STOP #266,"I-35, EXIT 32",Ardmore,OK,253,3.649,34.18868094224,-97.164713883009
52456,PILOT TRAVEL CENTERS #317,"I-44, EXIT 4 (ST 435)",Joplin,MO,277,3.41233333,37.004584,-94.552419
52458,PILOT TRAVEL CENTER #332,"I-40, EXIT 161 & SR-391",North Little Rock,AR,695,3.237,34.75069061716,-92.126234172993
52461,FLORENCE VALERO,US-130,Burlington                              ,NJ,160,3.13566666,40.121929,-74.804404
52463,PILOT TRAVEL CENTERS #341,"I-15, EXIT 48",North Las Vegas,NV,910,3.69566666,36.2417743,-115.0978367
52464,7-ELEVEN #40118,ST 220 & I-180,Muncy,PA,138,4.359,39.947922336845,-75.159334621932
52465,FLYING J TRAVEL PLAZA #605,"I-40, EXIT 84",Russellville,AR,695,3.369,35.283095,-93.089446
52466,FLYING J TRAVEL PLAZA #784,"I-95, EXIT 100 & SR-272",North East,MD,22,4.199,39.599458123371,-75.942471174496
52467,FLYING J TRAVEL PLAZA #712,"I-20, EXIT 70",Columbia,SC,135,3.43233333,34.0646885,-81.0235076
52468,FLYING J TRAVEL PLAZA #703,"I-40, EXIT 140",Oklahoma City,OK,483,3.309,35.458913,-97.690513
52469,LOVES TRAVEL STOP #269,US-287/US-82/SR-79 & US-281,Wichita Falls,TX,770,3.123,33.861577019031,-98.485204977209
52470,QUIKTRIP #562,"I-80, EXIT 136",Des Moines,IA,320,3.04733333,41.649304737003,-93.606306903547
52471,FLYING J TRAVEL PLAZA #695,"I-75, EXIT 135",Beaverdam,OH,411,3.33066666,40.8325696,-83.9664158
52472,FLYING J TRAVEL PLAZA #708,"I-81, EXIT 52",Carlisle,PA,70,4.109,40.2345954,-77.1230589
52473,FLYING J TRAVEL PLAZA #743,"I-15, EXIT 222",Nephi,UT,835,3.71566666,39.687072,-111.834716
52474,PILOT TRAVEL CENTERS #17,"I-94, EXIT 104",Battle Creek,MI,406,3.979,42.302708,-85.082385
52477,PETRO FARGO #361,"I-94, EXIT 348",Fargo,ND,341,3.499,46.847419558721,-96.867852376806
52478,LOVES TRAVEL STOP #418,"I-64, EXIT 172",Grayson,KY,255,3.75566666,38.345825043969,-82.937759033661
52479,PETRO CARNESVILLE #377,"I-85, EXIT 160",Carnesville,GA,16,3.154,34.388812708528,-83.272428510861
52480,LOVES TRAVEL STOP #268,US6-9 & US-75,Atoka,OK,253,3.489,34.251490917174,-96.214698616515
52482,KING TRAVEL PLAZA,"I-95, EXIT 6",Kingsland,GA,75,3.109,30.825455,-81.661905
52483,FLYING J TRAVEL PLAZA #659,"I-70, EXIT 253",Salina,KS,523,3.77233333,38.8796566,-97.592075
52484,KWIK STAR #303,"I-80, EXIT 201 & US-21",Brooklyn,IA,380,3.129,41.695502000719,-92.357693995516
52493,10 ACRE TRUCKSTOP,"HWY-401, EXIT 53B & HWY 1",Belleville,ON,420,3.48592833,44.257164303,-77.370388236
52510,Valero,SR-9,Maysville                               ,KY,312,3.599,38.649033,-83.874678
52511,JOES JUNCTION #9,"I-65, RAYMOND EXIT",Indianapolis,IN,375,3.459,39.737152192641,-86.157260856764
52512,LOVES TRAVEL STOP #270,"I-20, EXIT 349",Ranger,TX,575,3.213,32.442092517131,-98.690867502564
52513,FLYING J TRAVEL PLAZA #678,"I-20 & I-55, EXIT 47",Pearl,MS,760,3.149,32.276229007298,-90.175894028589
52514,FLYING J TRAVEL PLAZA #671,"I-55, EXIT 58",Matthews,MO,275,3.239,36.7602754,-89.5407849
52516,FLYING J TRAVEL PLAZA #612,"I-40, EXIT 255",Winslow,AZ,930,3.624,35.0154403,-110.6747033
52517,STRIPES 7FLEET #42562,US-84 & US-385,Littlefield,TX,700,3.199,33.903611509085,-102.327226485278
52520,DANDY MINI MART #19,"ROUTE 17, EXIT 59-A",Sayre,PA,190,3.99233333,41.998611,-76.587368
52527,PETRO STOPPING CENTER #323,"I-75, EXIT 368",Reddick,FL,225,3.35233333,29.410199,-82.248247
52528,QUIKTRIP #150,"I-70, EXIT 28",Oak Grove,MO,400,2.959,39.016158289691,-94.132352214456
52529,BIG SKY TRUCK STOP,"I-15, EXIT 56 N",Dillon,MT,786,3.689,45.133765,-112.7395904
52531,FLYING J FUEL STOP #768,"I-435, EXIT 57",Kansas City,MO,400,3.38233333,39.133189511437,-94.499321168887
52534,LEES FOOD MART #1122,"I-75, EXIT 122 & SR-61",Clinton,TN,405,2.969,36.0982443859,-84.132702277452
52535,PWI #115,"I-45, EXIT 178",Buffalo,TX,765,2.899,31.4472583,-96.0725255
52537,TA Express Osseo #431,"I-94, EXIT 88",Osseo,WI,448,3.469,44.58158151425,-91.207192651387
52539,PILOT TRAVEL CENTER #331,"I-285 , EXIT 51",Atlanta,GA,18,3.599,33.685437,-84.312174
52541,PANTRY TRUCKSTOP,US-2/US-41,Rapid River,MI,360,3.399,45.925374,-86.981733
52542,FLYING J TRAVEL PLAZA #624,"I-75, EXIT 285 & SR-52",San Antonio,FL,225,3.599,28.326345,-82.321754
52546,CIRCLE K #2723910,US-84 & US-27,Bainbridge,GA,20,3.599,30.89034011629,-84.566361570995
52548,Henderson Fuel Mart,"I-80, EXIT 342",Henderson                               ,NE,350,2.899,40.821859884055,-97.8044817328
52549,SPEEDWAY #3328,"I-77, EXIT 159 A",Cleveland,OH,305,3.799,41.446633775461,-81.65439493592
52550,PILOT TRAVEL CENTERS #404,"I-24, EXIT 81 SE",Murfreesboro,TN,460,3.47233333,35.808019,-86.39526
52551,PILOT TRAVEL CENTER #374,"I-10, EXIT 142 & SR-71",Marianna,FL,20,3.599,30.720520048929,-85.185850798339
52552,FLYING J TRAVEL PLAZA #672,"I-49/US-71, EXIT167 & CR-J",Peculiar,MO,400,3.42233333,38.7226968,-94.4510369
52553,FLYING J TRAVEL PLAZA #689,"I-40, EXIT 153",Albuquerque,NM,580,3.549,35.079876,-106.7462196
52557,SPRINT MART #40,US-72 & SR-247,Tuscumbia,AL,615,3.189,34.722383220085,-87.812123320909
52558,LOVES TRAVEL STOP #271,"I-40, EXIT 37 & US-219",Ozark,AR,695,3.39233333,35.514903044733,-93.816422446918
52562,MOBIL,"I-87, EXIT 36                 ",Plattsburgh                             ,NY,39,3.799,44.65257116255,-73.483610131569
52563,FLYING J TRAVEL PLAZA #631,"I-75, EXIT 2",Lake Park,GA,20,3.32233333,30.641236,-83.190486
52564,FLYING J TRAVEL PLAZA #669,"I-44, EXIT 11A & US-71/SR-249 & SR-FF",Joplin,MO,277,3.41233333,37.058556008646,-94.427909960238
52565,PILOT TRAVEL CENTERS #377,"I-35, EXIT 13",Laredo,TX,693,3.599,27.6833423,-99.4621425
52566,YUMM,"I-35, EXIT 8",Laredo,TX,598,2.87566666,27.615636267747,-99.492334340265
52575,PILOT TRAVEL CENTERS #775,"I-15, EXIT 4",Saint George,UT,910,3.67566666,37.0604834,-113.5822653
52577,PILOT TRAVEL CENTERS #329,"I-29 & I-80, EXIT 1B",Council Bluffs,IA,319,3.659,41.232721410334,-95.897551037323
52580,LOVES TRAVEL STOPS #405,"I-95, EXIT 29",Brunswick,GA,75,3.389,31.138122,-81.571289
52581,TA WILLCOX TRAVEL CENTER,"I-10, EXIT 340",Willcox,AZ,980,3.28233333,32.268880053517,-109.842464750754
52582,JRs Oasis,SR-50,Yankton,SD,572,3.149,42.880465,-97.354064
52585,SUPERPUMPER #22,"I-94, EXIT 42",Belfield,ND,807,3.529,46.897100012156,-103.186429709855
52587,PILOT TRAVEL CENTERS #380,"I-81, EXIT 25 & I-90, EXIT 36",Liverpool,NY,220,4.159,43.092856350398,-76.164308593685
52588,STRIPES #42564,US-87,Lubbock,TX,700,3.199,33.534733,-101.869834
52590,FLYING J TRAVEL PLAZA #661,"I-65, EXIT 2 & US-31W",Franklin,KY,415,3.169,36.6627133,-86.5535593
52591,FLYING J TRAVEL PLAZA #749,"I-95, EXIT 104",Ruther Glen,VA,180,3.619,37.9343993,-77.4725167
52594,PILOT TRAVEL CENTERS #348,"I-70, EXIT 32B",Bentleyville,PA,165,4.109,40.131629,-80.000853
52595,7-ELEVEN #40281,"I-476,  EXIT 35/95",Jim Thorpe,PA,90,3.589,40.880016185416,-75.726242117795
52597,7-ELEVEN #40278,"I-81, EXIT 44 & I-76",Plainfield,PA,70,3.96733333,40.20221,-77.287159
52598,7-ELEVEN #40283,"I-76, EXIT 19/247",Middletown,PA,70,3.97066666,40.209877,-76.743613
52599,7-ELEVEN #40285,"I-76, EXIT 21/286",Bowmansville,PA,208,3.97066666,39.989427728051,-75.804324190688
52601,LOVES TRAVEL STOP #236,"I-40, EXIT 161 & SR-391",North Little Rock,AR,695,3.22066666,34.75069061716,-92.126234172993
52602,7-ELEVEN #40277,"I-76, EXIT 16/226",Newburg,PA,70,4.299,40.283491,-78.132889
52603,CASEYS #3364,US-281 & SR-200,Carrington,ND,341,3.439,47.457540797748,-99.117508008665
52605,PILOT TRAVEL CENTER #39,"I-57, EXIT 335",Monee,IL,290,3.439,41.427563,-87.756943
52607,PILOT TRAVEL CENTERS #409,"I-40, EXIT 172",Dickson                                 ,TN,460,3.19233333,36.023037,-87.341679
52608,PILOT #7971,"I-40, EXIT 133",Conover,NC,46,3.699,35.721062772615,-81.182590127495
52610,TA HARBORCREEK TRAVEL CENTER,"I-90, EXIT 35",Erie,PA,240,4.199,42.141563,-79.923436
52611,STRIPES #40530,SR-239,Del Rio,TX,740,3.229,29.346785,-100.916689
52612,STRIPES 7FLEET #42568,US-60 & CR-G,Hereford,TX,700,3.35066666,34.739053970534,-102.507855478168
52615,PILOT TRAVEL CENTERS #4,"I-90, EXIT 151",Avon,OH,305,3.879,41.4652462,-82.0604598
52616,PILOT TRAVEL CENTERS #28,I-69 EXIT 234,Daleville,IN,457,3.519,40.115179,-85.573358
52618,PILOT TRAVEL CENTERS #63,"I-85, EXIT 35",Piedmont,SC,30,3.22233333,34.7107958,-82.4976901
52620,GOODLAND 24/7 STORE,"I-70, EXIT 19",Goodland,KS,525,3.08733333,39.329483319496,-101.690921906152
52621,CORNER MARKET #111,"I-70, EXIT 27",Goodland,KS,525,3.059,39.329671,-101.543353
52622,STRIPES 7FLEET #42567,I-20,Stanton,TX,700,3.01566666,32.095849447852,-101.881020659635
52623,TA WILLINGTON TRAVEL CENTER,"I-84, EXIT 71",Willington,CT,100,5.199,41.91971104446,-72.262262551675
52624,PILOT TRAVEL CENTERS #390,"I-84, EXIT 188 & US-395",Stanfield,OR,982,3.469,45.7659975,-119.2057139
52625,FLYING J TRAVEL PLAZA #673,"I-44, EXIT 226 & SR-85",Sullivan                                ,MO,540,3.324,38.225331,-91.158254
52626,FLYING J TRAVEL PLAZA #627,"I-95/SR-405, EXIT 29 & US-82/US-17/SR-25/SR-520",Brunswick,GA,75,3.39566666,31.04745360578,-81.414078034729
52628,Pride Travel Center dba One9 #1215,"I-10, EXIT 45",Salome,AZ,930,3.359,33.630492568834,-113.769487545068
52629,LOVES TRAVEL STOP #413,"I-90, EXIT 106 & US-97",Ellensburg,WA,977,3.889,47.010688485726,-120.598431864189
52630,PILOT TRAVEL CENTERS #386,"I-5, EXIT 263",Salem,OR,935,3.859,45.048755,-122.974868
52632,LOVES TRAVEL STOP #451,"I-65, EXIT 95 & CR-500",Whiteland,IN,375,3.949,39.548468697895,-86.039567098561
52633,PILOT TRAVEL CENTERS #57,"I-40 & I-85, EXIT 152",Mebane,NC,65,3.959,36.067347007835,-79.329068008498
52634,PETRO STOPPING CENTER #362,"I-80, EXIT 353",York,NE,330,3.299,40.818432,-97.598749
52635,E EXPRESS at MLK,"I-40 & I-35, EXIT 127",Oklahoma City,OK,483,2.889,35.462275019596,-97.492133014599
52636,LOVES TRAVEL STOP #414,"I-64, EXIT 25B & US-41",Haubstadt,IN,340,3.949,38.169261989263,-87.550319017633
52638,STRIPES 7FLEET #42555,"I-20, EXIT 80 & SR-18",Monahans,TX,710,2.929,31.594177611148,-102.892857337132
52640,SPEEDWAY #8316,US-30 & US-41,Dyer,IN,290,3.649,41.521612193069,-87.471484844441
52641,PILOT TRAVEL CENTER #71,"I-95, EXIT 109",Port Wentworth,GA,195,3.419,32.188259,-81.195549
52642,One9 #61,"I-26, EXIT 52 & SR-56",Clinton,SC,30,3.099,34.507472605681,-81.859317562477
52643,Minit Mart #3,HIGHWAY 277 & FM 1589,Eagle Pass,TX,693,3.199,28.77020799032,-100.498985965037
52644,ONE9 #058,"I-95, EXIT 180 & SR-48",Pleasant Hill                           ,NC,205,3.399,36.525716118759,-77.583867841206
52646,FLYING J TRAVEL PLAZA #619,"I-70, EXIT 285",Aurora,CO,800,3.39233333,39.7629245,-104.7929258
52647,FLYING J TRAVEL PLAZA #699,"I-70, EXIT 122",Millersport,OH,315,3.44566666,39.9430552,-82.5994909
52648,Stripes #42566,US-67 & SR-158,Ballinger,TX,612,3.05566666,31.738849520562,-99.946369184156
52649,FLYING J TRAVEL PLAZA #623,"I-10, EXIT 192 & US-90",Midway,FL,20,3.799,30.4928879,-84.4288629
52651,TA NEW BRAUNFELS TRAVEL CENTER,"I-35, EXIT 193",New Braunfels,TX,740,3.449,29.75822176773,-98.050035507442
52652,PILOT TRAVEL CENTERS #47,"I-275, EXIT 129",Georgetown,KY,410,3.20566666,38.2764738,-84.5598882
52656,TRAVELING TIGER CENTER,"I-10, EXIT 87",Sierra Blanca,TX,640,3.15566666,31.16979,-105.657299
52658,LOVES TRAVEL STOP #274,"I-40, EXIT 221 & SR-27",Okemah,OK,560,3.35566666,35.43351164187,-96.299733007527
52659,LOVES TRAVEL STOP #276,"I-10, EXIT 20",Lordsburg,NM,640,3.45733333,32.353968,-108.735612
52661,LOVES TRAVEL STOP #281,"I-35 WEST, EXIT 40",Fort Worth,TX,630,3.18733333,32.853512426249,-97.31330492598
52663,EXXON,"I-20/I-59, EXIT 17 & SR-28",Livingston,AL,705,2.979,32.62750601984,-88.209816966304
52664,PETRO STOPPING CENTER #378,I-81 EXIT 178B,Pittston,PA,200,4.16566666,41.3302,-75.7417
52667,EXPRESS LANE TRAVEL CENTER,"I-20, EXIT 100 & US-80",Lawrence,MS,705,3.299,32.343202572597,-89.320206635994
52669,COLUMBIA TRUCK STOP,US-46,Columbia,NJ,115,3.079,40.918497,-75.083709
52674,FLYING J TRAVEL PLAZA #738,"I-20/FM707, EXIT 277",Tye,TX,575,3.124,32.458530105949,-99.872540316004
52675,PILOT TRAVEL CENTER #907- TOWN PUMP,"I-94, EXIT 138",Miles City                              ,MT,780,3.499,46.396797380453,-105.818074500248
52676,PILOT TRAVEL CENTERS #336,"I-80, EXIT 97 & US-219",Du Bois,PA,14,4.034,41.146240241018,-78.789464739151
52678,STRIPES 7FLEET #42433,US-277,Bronte,TX,739,3.474,31.886914,-100.291359
52679,LOVES TRAVEL STOP #404,"I-295, EXIT 56 & I-95, EXIT 7",Bordentown,NJ,150,3.979,40.123410840714,-74.717378926879
52680,PILOT TRAVEL CENTERS #91,"I-95, EXIT 329",Saint Johns,FL,75,3.499,30.066013,-81.494696
52683,PILOT TRAVEL CENTERS #145,"I-40/US-71/US-62, EXIT 72 AND US-412",Springdale,AR,416,3.459,36.17246568599,-94.186528028957
52684,KWIK STAR #348,US-30/US-67,Clinton,IA,270,3.624,42.035167193471,-90.193765112265
52685,LOVES TRAVEL STOP #275,"I-40/US-63, EXIT 233 & SR-261",Palestine,AR,435,3.31566666,34.982322151764,-90.904149986293
52686,LOVES TRAVEL STOP #278,"I-40, EXIT 277",Joseph City,AZ,930,3.60733333,34.9545968,-110.3109182
52687,LOVES TRAVEL STOP #286,"I-10, EXIT 17",Quartzsite,AZ,930,3.949,33.660510128184,-114.238019982834
52690,LOVES TRAVEL STOP #415,"I-95 & OKEECHOBEE RD, EXIT 129",Fort Pierce,FL,95,3.50566666,27.41594070914,-80.38855557348
52691,PILOT TRAVEL CENTER #312,"I-20/SR-402, EXIT 5 & SR-100",Tallapoosa,GA,18,3.389,33.74804335296,-85.290130476526
52692,PILOT TRAVEL CENTER #249,"I-70/I-55, EXIT 18 & SR-162",Troy                                    ,IL,540,3.579,38.729142249968,-89.88313855019
52697,FLYING J TRAVEL PLAZA #747,"I-15, EXIT 261",Springville                             ,UT,835,3.76566666,40.183818034794,-111.646303698621
60084,SUNSTOP #625,US-84,Ashford,AL,20,3.599,31.180547,-85.248368
60106,SUNSTOP #619,US-84,Daleville,AL,720,3.399,31.296231,-85.72228
60114,SUNSTOP #606,US-84/SR-167,Enterprise,AL,20,3.699,31.297418115205,-85.833374638624
60136,HOBO PANTRY #18,US-431,Headland                                ,AL,20,3.599,31.356412,-85.328085
60145,OCS QUICK STOP,US-43/SR-13,Mount Vernon                            ,AL,715,3.699,31.052238995679,-88.024235529242
60147,HOP-IN FOOD STORES,US-82 & SR-22,Maplesville,AL,720,3.399,32.766857213698,-86.878431777879
60191,PILOT TRAVEL CENTER #1180,"I-10, EXIT 94",Tonopah,AZ,930,3.899,33.495807,-112.93913
60206,TA EXPRESS #649,"I-25, EXIT 52",Walsenburg,CO,796,4.259,37.657559171711,-104.792484397981
60208,BERKSHIRE PETROLEUM,"I-91, EXIT 9",North Haven,CT,100,3.549,41.348288540432,-72.867484226832
60220,ZELLWOOD TRUCK STOP,US-441,Zellwood,FL,140,3.499,28.722792,-81.595884
60224,SUNSTOP #419,US-19,Camilla,GA,20,3.499,31.224251,-84.197466
60226,CIRCLE K #2723903,US-82 & SR-520,Dawson,GA,20,3.499,31.751720896806,-84.422613188821
60229,96 TRAVEL PLAZA,"I-16, EXIT 24",Jeffersonville                          ,GA,85,3.399,32.625944824371,-83.374639327694
60230,CIRCLE K #2745152,US-19,Pelham,GA,20,3.499,31.133669,-84.141042
60242,KWIK STAR #711,US-18/US-52,Monona,IA,565,3.624,43.03914447981,-91.388232259081
60243,PETRO MART,"I-29, EXIT 112",Onawa,IA,527,3.15733333,42.029487924495,-96.135392351751
60245,STINKER #74,"I-84, EXIT 137",Bliss,ID,785,3.634,42.938658998248,-114.990201199822
60248,METRO,"I-95, EXIT 12",Avenel                                  ,NJ,115,3.299,40.59264784019,-74.235032647618
60250,ELIZABETH TRUCK STOP,"I-95, EXIT 13A & SR-81",Elizabethport,NJ,115,3.399,40.662409771003,-74.184034135386
60255,HUCKS FOOD & FUEL #186,US-51/CR-1450 & US-136,Heyworth,IL,368,3.549,40.312014985975,-88.989386013238
60256,BOLLA MARKET,"I-84, EXIT 1",Montague,NJ,115,3.519,41.350873,-74.68652
60270,CHUCKLES #27,SR-57,Washington                              ,IN,340,3.339,38.659049,-87.1706
60273,24-7,"I-70, EXIT 53 & SR-25",Colby,KS,525,3.05566666,39.365700473156,-101.054652647123
60280,JUMP START #9,"I-35, EXIT 4",South Haven,KS,570,3.069,37.058935344247,-97.339010702494
60282,CRVS #7,SR-96 & SR-27,Tribune,KS,525,3.399,38.465742980347,-101.752379975166
60294,LITTLE CAPITOL EXXON,"I-10, EXIT 115",Breaux Bridge                           ,LA,600,3.899,30.314515084252,-91.835470009234
60295,EXIT 80 TRAVEL PLAZA,"I-10, EXIT 80",Crowley                                 ,LA,730,3.109,30.2367237,-92.3850947
60298,BEAU CHENE TRUCK STOP,"I-49, EXIT 11",Grand Coteau,LA,730,3.399,30.4200200773,-92.054817824811
60313,WHITE MARSH TRUCK STOP,US-40,White Marsh                             ,MD,22,3.369,39.396846,-76.407513
60316,CIRCLE K #4707001,"I-95, EXIT 264 & SR-158",Sherman,ME,170,3.93233333,45.873368515574,-68.414145982086
60324,FUEL MART OF AMERICA,"I-75, EXIT 59",Detroit                                 ,MI,325,3.499,42.439504896387,-83.094802494909
60326,SUNRISE CONVENIENCE STORE #29,"I-69, EXIT 184                ",Memphis                                 ,MI,325,3.499,42.89549,-82.768526
60328,SPEEDWAY #8748,"I-69, EXIT 6",Flint,MI,342,3.339,43.015693577788,-83.68326536567
60329,CHARLIES COUNTRY CORNER,"I-75, EXIT 271",Grayling,MI,287,3.799,44.602261,-84.710964
60333,LAKESHORE BP,US-2,Manistique,MI,287,3.499,45.95087,-86.258147
60341,SNAPPY FOOD MART,ST 60,Tekonsha,MI,431,3.589,42.0959989,-84.9886343
60342,True North #254,US-31 & SR-37,Traverse City,MI,456,3.729,44.766526089407,-85.628787412135
60344,DORR TRUCK STOP,"US-131, EXIT 68",Wayland,MI,344,3.499,42.723028372775,-85.670830461241
60347,KWIK TRIP #875,"I-90, EXIT 157, BRIDGE ST ENTRANCE",Albert Lea,MN,515,3.324,43.650901659297,-93.362932544643
60358,PETRO SERVE USA #54,US-10,Glyndon,MN,341,3.449,46.877688,-96.579922
60372,FLYING W CONVENIENCE STORE,SR-96,Carthage                                ,MO,277,3.199,37.180821406211,-94.362965115185
60373,FLYING J #571,"I-57, EXIT 12 & US-60",Charleston,MO,490,3.559,36.920972516258,-89.319769707192
60374,PILOT TRAVEL CENTERS #385,US-54 & SR-13,Collins                                 ,MO,416,3.49566666,37.874343,-93.621275
60379,FAST LANE #50,US-54/SR-19,Laddonia,MO,540,3.15733333,39.242465778648,-91.645566112504
60380,AMOCO,US-63/US-136,Lancaster,MO,320,3.249,40.522414235697,-92.543033904667
60382,WINDSTARS #5101,"I-435, EXIT 57",Kansas City,MO,400,3.099,39.133189511437,-94.499321168887
60383,CASEYS #4399,"I-70, EXIT 175",New Florence,MO,392,2.949,38.899630509125,-91.458312524117
60392,Kangaroo Crossing #1107,"I-20, EXIT 68 & SR-43",Pelahatchie,MS,705,3.199,32.298262752749,-89.803791787432
60398,TOWN PUMP FOOD STORE #610,"I-90, EXIT 333",Livingston                              ,MT,786,3.644,45.643985518939,-110.571117998033
60400,CAN AM C STORE,SR-16,Plentywood,MT,807,3.499,48.857286310739,-104.570027520956
60416,MINUTEMAN FOOD MART #20,US-74 & US-76,Whiteville                              ,NC,245,3.46066666,34.349383709184,-78.658180897431
60420,PUMP & PANTRY #35,US-183,Alma,NE,330,3.459,40.104676,-99.368301
60426,BONS BONS MOBIL,US-3,Merrimack,NH,125,3.699,43.122319,-71.480265
60434,ENRITE,US-9,Linden,NJ,79,3.34233333,40.629587,-74.249961
60442,Circle K #4706716,SR-71 & SR-47,Yorkville,IL,290,3.599,41.619464308778,-88.447898471937
60460,HAHN OIL,US-36,Coshocton                               ,OH,315,3.299,40.28822,-81.861872
60461,TRUE NORTH #704,"I-75, EXIT 56A",Dayton                                  ,OH,317,3.799,39.75636848475,-84.20302159104
60463,Anna Truck Stop,"I-75, EXIT 99",Anna,OH,411,3.01566666,40.392570180476,-84.160764345978
60465,MOTOMART #4129,ST 309,Marion                                  ,OH,411,3.34233333,40.588139,-83.144333
60471,FUEL MART #701,"I-480/I-271, EXIT 23 & SR-8",Bedford,OH,305,3.529,41.381468223875,-81.526881879639
60473,BELL STORES #50,ST 3,Wooster,OH,249,3.599,40.811988,-81.844996
60476,PETES #11,US-75,Dewey,OK,560,3.154,36.81457,-95.934415
60508,FEGLEY VALERO,SR-309,Tamaqua,PA,90,3.599,40.813696839315,-75.977286545726
60513,CIRCLE K #2723873,US-17,Georgetown,SC,42,2.899,33.383537,-79.306763
60515,FLASH MARKET #302,SR-9 & SR-151,Pageland,SC,46,3.38566666,34.773918010655,-80.382385989829
60516,ENMARKET #892,"I-95, EXIT 150",Harleyville,SC,195,3.399,33.282729,-80.515393
60519,CORNER PANTRY #25,US-14,Huron,SD,571,3.079,44.341851,-98.214707
60538,TEXACO #380031,ST 21W,Bryan,TX,765,3.399,30.662086,-96.301701
60539,SHELL,US-96 & SR-62/FM-1004,Buna,TX,610,3.10233333,30.441663293374,-93.969265294247
60540,CIRCLE K #2706340,"I-20, EXIT 533",Canton,TX,630,2.77566666,32.543802695239,-95.761644067501
60551,CIRCLE K #2744522,"I-30, EXIT 201  I-30 & SR-8",New Boston,TX,766,2.94233333,33.474278987141,-94.409181016688
60554,CEFCO #2070,"I-27, EXIT 49",Plainview,TX,700,2.83233333,34.17864394428,-101.750019233828
60565,CEFCO #2006,"I-40, EXIT 163",Shamrock,TX,585,3.099,35.231610933155,-100.241595279892
60579,SPEEDWAY #4633,US-220/US-221/US-460,Roanoke,VA,185,3.399,37.286800261255,-80.062431897997
60587,BJS AUTO TRUCK PLAZA,SR-28,Rock Island,WA,970,3.999,47.3722152,-120.1398938
60589,RIVER COUNTRY PLAZA,"SR-29, EXIT 91",Cadott,WI,295,3.39733333,44.936083,-91.14711
60590,DARLINGTON MINI MART,SR-23 & SR-81,Darlington,WI,420,3.399,42.680124292467,-90.117900981623
60601,HOLIDAY STATIONSTORE #2746229,US-53/US-2,Superior,WI,545,3.339,46.720614021927,-92.079173758243
60635,EXXON ON THE RUN,US-62/US-412 & SR-126,Gassville                               ,AR,535,3.695,36.287206800788,-92.481746874974
60650,ONE9 #1244,"I-8, EXIT 115",Gila Bend,AZ,930,3.359,32.939844554171,-112.755997652094
60700,PWI #502,"I-70/US-40, EXIT 259",Golden,CO,800,3.199,39.701722004822,-105.202633506484
60707,REATA TRAVEL STOP,"I-76, EXIT 125",Sterling,CO,800,3.399,40.618890457428,-103.172915837869
60708,CRVS STORE #6,US-385,Wray,CO,800,3.449,39.961403297516,-102.242387503223
60762,BP,US-1 & US-341,Baxley,GA,195,3.599,31.778510684654,-82.348475488999
60768,GAS N GO FOOD STORE,"I-75, EXIT 290/US-41",Cartersville,GA,48,2.94233333,34.208280620083,-84.761820766996
60773,NEIGHBORS EXPRESS,US-341/SR-27 & US-129 ALT/SR-340,Hawkinsville,GA,20,3.399,32.28226699507,-83.451696021227
60779,Marathon,US-129,Eatonton                                ,GA,85,3.399,33.412715,-83.280106
60781,JP PERRY,"I-75, EXIT 138",Perry                                   ,GA,85,3.08233333,32.496484473627,-83.742986870855
60783,CIRCLE K #2723324,US-441/US-23/SR-15 & SR-17A/SR-385,Clarkesville,GA,16,3.439,34.602789993714,-83.51856765481
60787,MARATHON,"I-20, EXIT 11",Lithia Springs,GA,48,2.87233333,33.771231,-84.652322
60788,SPRINT FOODS #722,US-1/SR-4/SR-17 & SR-24,Louisville                              ,GA,85,4.099,33.004091099372,-82.395823403446
60791,MARATHON #9,"I-475, EXIT 1",Macon,GA,85,3.039,32.756246650788,-83.711759805081
60795,CIRCLE K #2745080,US-319/US-129/SR-90/SR-11,Ocilla,GA,10,3.62566666,31.59454752692,-83.250643174685
60797,EVANS FOOD MART,SR-20,Rome,GA,193,3.699,34.210260772722,-85.095035421557
60804,JET FOOD STORE #4,US-1 & SR-78,Wadley,GA,135,3.41566666,32.866327181567,-82.404699336741
60807,BATAVIA GARDENS AND GAS,"US-34, EXIT 203",Batavia,IA,320,3.379,41.002283,-92.163618
60817,KWIK STAR #712,US-218 & SR-27,Janesville,IA,565,3.599,42.642261894719,-92.452405771451
60822,CASEYS #3639,US-18/US-52,Postville,IA,420,3.599,43.085470667544,-91.58908157687
60829,BARRY TRAVEL PLAZA,"I-72, EXIT 20",Barry,IL,540,3.599,39.7021,-91.03804
60833,SPEEDWAY #5400,CR-11 & CR-23,Bloomingdale,IL,290,3.759,41.938883,-88.117962
60834,SPEEDWAY #7422,SR-43,Burbank,IL,293,3.619,41.748653,-87.798981
60839,FREEDOM OIL #18,"I-74, EXIT 82",Edwards,IL,270,3.899,40.774070352795,-89.751123588588
60846,EXPRESS LANE #50,"I-88, EXIT 10",Hillsdale                               ,IL,270,3.799,41.609930303638,-90.194641511915
60851,SPEEDWAY #7382,I-355 & SR-64,Lombard,IL,293,3.299,41.904339716725,-88.037922823819
60857,RED ROOSTER TERMINAL,US-50/SR-250 & SR-130,Olney,IL,510,3.399,38.730572019113,-88.0942300186
60865,Truckquest,"I-55, EXIT 286",Cicero,IL,290,3.649,41.818882729459,-87.738215207298
60871,WENONA BP,"I-39/US-51, EXIT 35 & SR-17",Wenona                                  ,IL,280,3.499,41.028215185693,-89.058044343691
60881,GAS AND STUFF,"I-64, EXIT 118",Georgetown                              ,IN,415,3.799,38.283777664672,-85.916647813084
60882,SPEEDWAY #6666,US-33,Goshen,IN,465,3.81566666,41.514267275077,-85.766064998387
60887,STERNBERG CITGO TRUCK STOP,"I-64, EXIT 57",Jasper                                  ,IN,340,3.759,38.391483,-86.931758
60890,JACK FLASH,I-57 EXIT 135,Farina,IL,510,3.199,38.841098479082,-88.785394195501
60900,7-ELEVEN #40504,"I-80/I=90, MM 56 EB",Rolling Prairie,IN,465,3.999,41.706938,-86.623604
60902,SPEEDWAY #6674,"I-80/I-90, EXIT 72 & SR-31",South Bend,IN,465,3.69066666,41.730094650431,-86.335413429079
60913,J Mart #1,"HWY 50 E, HWY 83 N",Garden City,KS,525,3.529,38.00319215733,-100.930847797143
60926,CENEX,US-36 & US-83,Oberlin,KS,525,3.159,39.828068287963,-100.534263970579
60958,NORTH WEST TRUCK STOP,US-90 & SR-3211,Franklin,LA,600,3.399,29.796808990555,-91.533793020776
60979,TOBACCO PLUS #5,"I-10, EXIT 4 & US-90",Vinton,LA,690,2.999,30.156029904187,-93.635392922381
60988,GULF OIL LP #5020,"I-90, MM291",Blandford,MA,215,3.914,42.180551,-72.9278
60989,Blandford Service Plaza Westbound,"I-90, EXIT MM29",Blandford,MA,215,3.919,42.195411,-72.932615
60993,GULF #5165,"I-90, EXIT 12",Framingham,MA,34,4.06566666,42.28156,-71.418825
60997,GULF OIL #5035,I-90 MM 66.7,Ludlow,MA,215,3.914,42.160237,-72.471797
60998,GULF OIL #5030,"I-90, EXIT 7",Ludlow,MA,215,3.909,42.160237,-72.471797
61004,Applegreen,SR-15,Sturbridge,MA,215,3.999,42.061276304132,-72.114070203939
61006,GULF OIL LP #5155,"I-90, EXIT 11",Westborough                             ,MA,215,3.909,42.26697,-71.61575
61019,MARDELA GOOSE CREEK FOOD STORE,US-50,Mardela Springs                         ,MD,194,3.979,38.462501006882,-75.768533775475
61021,WESTOVER GOOSE CREEK,US-13 & SR-673,Westover                                ,MD,194,3.259,38.128832088843,-75.695747759051
61028,MARATHON,"US-10, EXIT 137",Bay City,MI,260,3.199,43.596231142193,-83.989961910261
61030,HAGGERTY JOY MOBIL,I-275,Canton                                  ,MI,325,3.699,42.351591,-83.445117
61032,MARATHON,US-10/US-127,Clare,MI,260,3.299,43.814797234937,-84.768278356026
61034,MOTOR CITY TRUCK STOP,"I-75, EXIT 43",Detroit                                 ,MI,325,3.499,42.276158820023,-83.158783604445
61037,HEARTLAND MOBIL,US-23,Fenton,MI,342,3.849,42.865171677217,-83.739572963085
61038,SPEEDWAY #8753,"I-475, EXIT 4",Burton,MI,342,3.259,42.970713904836,-83.681601302872
61042,CITGO,"US-131, EXIT 44",Kalamazoo,MI,465,3.499,42.37941877417,-85.657531213156
61057,CIRCLE K #2746537,US-2 & US-41,Rapid River                             ,MI,360,3.449,45.926661200787,-86.974780413776
61063,PS Food Mart,I-69 EXIT 25,Tekonsha,MI,431,3.519,42.109231439279,-84.996616327406
61076,Holiday StationStore #2746408,"I-35, EXIT 129",Forest Lake,MN,448,3.399,45.252570405343,-93.023932770771
61080,CO-OP SERVICE,US-10 & CR-67,New York Mills,MN,250,3.499,46.522991911752,-95.369725662921
61090,Northdale Oil,US-59 & SR-1,Thief River Falls                       ,MN,355,3.239,48.122419886348,-96.208502881326
61093,CIRCLE K #2746501,"I-90, EXIT 45 & SR-60",Worthington,MN,432,3.14233333,43.637826509605,-95.565506636894
61099,LOVES TRAVEL STOP #488,"I-55, EXIT 157 & SR-32",Bloomsdale,MO,540,3.38233333,38.006564869542,-90.224492751116
61102,FAST LANE #54,US-63,Columbia,MO,310,3.20733333,38.969836,-92.305402
61106,TEMP STOP #102,US-54 & SR-52,Eldon,MO,392,3.199,38.307423204327,-92.578761620717
61110,HB OF RANDOLPH,"I-435, EXIT 55B & SR-210",Kansas City,MO,400,3.149,39.141493564292,-94.57959578083
61111,Caseys #4540,"I-35, EXIT 40 & SR-116",Lathrop,MO,400,3.07566666,39.552388204985,-94.270474433094
61115,BREAK TIME #3071,US-24 & US-63,Moberly,MO,310,3.469,39.444702081124,-92.419677708493
61118,MIDWEST PETROLEUM #21,"I-55, EXIT 129",Perryville,MO,275,2.99066666,37.893166,-89.841516
61145,TEXACO,US-49 & US-98,Hattiesburg,MS,620,3.199,31.24446617963,-89.27595607437
61146,STUCKEYS EXPRESS #619,"I-59, EXIT 113 & SR-528",Heidelberg                              ,MS,620,3.499,31.906412985132,-89.014569860424
61149,CEFCO #501,US-45,Lauderdale,MS,705,2.899,32.594240006336,-88.500767996768
61168,Blue Sky #717,US-72 & SR-15,Walnut,MS,435,3.099,34.95254101928,-88.903381819326
61171,CHEVRON CURB STORE,US-49 & SR-26,Wiggins,MS,620,3.499,30.851824684465,-89.155919677185
61176,TOWN PUMP FOOD STORE #8947,US-2,Chinook,MT,815,3.629,48.594658,-109.23247
61182,TOWN PUMP FOOD STORE #3000,US-87,Lewistown,MT,815,3.599,47.070826,-109.411979
61193,SPEEDWAY #8502,"I-75, EXIT 161 & CR-99",Findlay,OH,411,3.299,41.088108225088,-83.660728474824
61195,MINUTEMAN FOOD MART #06,SR-24,Clinton,NC,245,3.649,34.989492,-78.313597
61205,SPEEDWAY #6961,"I-40, EXIT 303",Garner,NC,177,2.92066666,35.725335503928,-78.585463914312
61210,SHEETZ #548,US-29,Greensboro,NC,65,2.859,36.165581,-79.717999
61254,7-ELEVEN #36075,"I-77, EXIT 65 & SR-901",Union Grove,NC,46,2.859,36.007828999314,-80.834864005835
61266,CENEX CONVENIENCE STORE,US-2 & SR-19,Devils Lake,ND,355,3.249,48.111559580132,-98.87190743297
61269,FLYING J #489,"I-29, EXIT 138",Grand Forks,ND,341,3.61566666,47.892400200488,-97.090172071105
61271,MARATHON,"I-94, EXIT 292",Valley City,ND,341,3.499,46.911900578149,-98.007340191246
61291,FLEMING OIL FOOD MART,ST 9,West Chesterfield,NH,12,3.899,42.893037,-72.5017264
61292,ENRITE,"I-95, EXIT 14A",Jersey City,NJ,115,3.349,40.687600155156,-74.097780996782
61301,SUNOCO- WALT WHITMAN PLAZA #7007,"NJTP,MILE POST 30",Cherry Hill,NJ,150,3.899,39.925801,-75.030928
61304,A Plus MOLLY PITCHER PLAZA #7011,MILE POST 71.7 NJ TURNPIKE SO,Cranbury,NJ,115,3.909,40.309128556834,-74.492255821522
61305,BP,US-130,Cranbury,NJ,150,3.14566666,40.3163,-74.509246
61308,CARLSTADT VALERO,SR-120,Carlstadt,NJ,115,3.199,40.826195136761,-74.076589870196
61312,BLUE STAR,US-202 & SR-31,Flemington                              ,NJ,115,3.399,40.50107459561,-74.854318422663
61326,SUNOCO JAMES F COOPER PLAZA- #7008,MILEPOST 39 NJ TURNPIKE N,Mount Laurel,NJ,150,3.959,39.959361220658,-74.916796413
61328,KW RASTALL OIL,US-130,North Brunswick,NJ,115,3.199,40.423149,-74.496446
61333,46 GAS AND TRUCK STOP,US-46,Palisades Park,NJ,115,3.23566666,40.849081597221,-73.98482240922
61337,SUNOCO- JOHN FENWICK PLAZA #7006,"NJTP, MM 5",Penns Grove,NJ,150,3.909,39.7259217,-75.4641611
61339,FUEL ONE,"I-78, EXIT 3 & US-22",Phillipsburg,NJ,79,3.359,40.668192128621,-75.135360715343
61346,SUNOCO- ALEXANDER HAMILTON PLAZA #7016,NEW JERSEY TURNPIKE SOUTH MILEPOST 111.6 ,Secaucus,NJ,115,3.899,40.775632015515,-74.059528406544
61357,KENT KWIK #501,US-70 & US-54,Alamogordo,NM,593,2.98233333,32.869411098244,-105.968919669263
61364,HUNTINGTON BROADWAY CONOCO,US-64 BUS,Farmington,NM,614,3.799,36.728686,-108.195574
61409,104 STORE,SR-370/SR-104,Red Creek                               ,NY,220,3.799,43.23076,-76.730321
61410,KWIK FILL #58,ST 15,Rochester                               ,NY,190,3.999,43.102903,-77.754149
61421,7-ELEVEN #40294,"I-80 WB, EXIT 139",Amherst,OH,249,3.53233333,41.370120110278,-82.26975489921
61430,7-ELEVEN #40303,"I-90, EXIT 7",Clyde,OH,550,3.66233333,41.367824,-82.958806
61431,7-ELEVEN #40304,"I-90, EXIT 7",Clyde,OH,550,3.66233333,41.367824,-82.958806
61439,7-ELEVEN #40302,"I-75, EXIT 157",Genoa,OH,550,3.66233333,41.523470435151,-83.360131902886
61449,7-ELEVEN #40297,"I-80, EXIT 13A",Mantua,OH,249,3.53233333,41.244855,-81.17698
61450,7-ELEVEN #40298,I-80,Mantua,OH,249,3.53233333,41.244855,-81.17698
61453,CITGO,"I-475, EXIT 6",Maumee,OH,550,3.499,41.589645,-83.691452
61458,7-ELEVEN #40299,OHIO TNPK MM 237 & SR-26,New Springfield,OH,165,3.53233333,40.91722,-80.60587
61459,7-ELEVEN #40300,"I-76, EXIT 157",New Springfield,OH,165,3.53233333,40.938601,-80.587361
61461,S&G,"I-280, EXIT 7                 ",Oregon                                  ,OH,550,3.599,41.630829,-83.482076
61477,CHOCTAW NATION GRANT #633,US-271,Grant,OK,253,2.999,33.913600611854,-95.507782499369
61483,CM SILVER DOLLAR,"I-220, EXIT 7",Shreveport,LA,745,3.299,32.418448831028,-93.743805688015
61492,SPRINGER TRAVEL PLAZA,I-35 EXIT 40,Springer,OK,253,2.91566666,34.303072,-97.156812
61508,7-ELEVEN #40275,"I-70 & I-76 NB, MM 147",Bedford,PA,14,4.199,39.9872799823,-78.256540968202
61509,7-ELEVEN #40275,"I-70/I-76 SB, MM 147",Bedford,PA,14,4.199,40.049795314706,-78.52001271652
61511,MIDWAY FUEL AND TRUCK WASH,"I-78/US-22, EXIT 16",Bethel,PA,208,3.364,40.486981095377,-76.243271145006
61515,Carlisle Fuel Stop,"I-81, EXIT 52",Carlisle,PA,70,3.359,40.236198104834,-77.126356048737
61540,S&P Oil,US-13,Levittown,PA,160,3.81566666,40.135251,-74.826229
61559,7-ELEVEN #40273,34 MILE WEST OF EXIT 11/146,Somerset,PA,168,4.20733333,40.008431,-79.078605
61560,7-ELEVEN #40272,"I-70 & 76, EXIT 10",Somerset,PA,168,4.20733333,39.979941500341,-78.793401866589
61567,7-ELEVEN #35774,"I-76, EXIT 5/48",Verona,PA,165,4.20733333,40.520933,-79.813843
61569,KWIK FILL #295,US-6 BUS,Warren,PA,240,4.699,41.834432,-79.375848
61570,7-ELEVEN #40276,"I-76, EXIT 12/161 & SR-655",Waterfall,PA,14,4.199,40.101066031521,-78.066248271741
61571,7-ELEVEN #40280,MILE MARKER 55 NE EXT PENN TPKE,Allentown,PA,90,3.589,40.6027532,-75.4697592
61594,SPINX #138 (DISCOUNT AVAILABLE),"I-85, EXIT 44",Greenville,SC,30,3.04233333,34.78966,-82.487999
61595,CORNER MART 3338,"I-85, EXIT 44",Greenville,SC,30,2.907,34.857121,-82.460591
61596,HOT SPOT #2009,US-25/US-178 & SR-225,Greenwood,SC,30,2.939,34.13772368065,-82.130300217369
61597,SPINX #121,"I-85, EXIT 56",Greer,SC,30,3.16566666,34.869581190388,-82.230053551865
61598,Shell,SR-41,Hemingway,SC,245,3.199,33.612954489914,-79.328696073681
61599,HOT SPOT #2013,"I-26, EXIT 10",Inman,SC,210,3.149,35.081726392089,-82.063633884365
61605,HOT SPOT #2028,US-76/US-301,Marion,SC,63,2.999,33.904397041318,-79.401612660843
61616,PILOT #4578,"I-77, EXIT 48 & SC-200",Winnsboro,SC,135,3.409,34.510304887267,-80.996540772282
61621,CUBBYS #401,"I-90 , EXIT 332 & SR-37",Mitchell,SD,530,3.149,43.702248597157,-98.022104325275
61625,PRARIE STOP,US-212 & SR-20,Watertown,SD,566,3.279,44.890076809046,-97.116764903589
61633,ECO TRAVEL PLAZA,"I-40, EXIT 320 & SR-298",Crossville,TN,405,3.02566666,35.957298160898,-85.02565566975
61642,PILOT TRAVEL CENTERS #252,"I-35, EXIT 26",Kearney,MO,400,3.699,39.365940803855,-94.373112965143
61646,SHELL,"I-40, EXIT 35 & SR-59",Mason,TN,435,3.549,35.349292585309,-89.519282314281
61651,LEES FOOD MART #123,"I-81, EXIT 23 AT MILE 23",Bulls Gap,TN,405,3.259,36.222793985959,-83.041132403126
61654,MAJOR MARKETS #276,US-51/SR-3,Ripley,TN,435,3.799,35.754332856895,-89.550610225527
61656,PHILLIPS 66,US-51,Union City,TN,460,3.38233333,36.407717,-89.083836
61660,MARATHON,"I-40, EXIT 108",Wildersville,TN,435,3.099,35.788579338591,-88.393337565031
61684,WOODYS FOOD MART,"I-45 & SR-7, EXIT 164",Centerville,TX,670,2.84566666,31.258173902174,-95.987888339901
61730,STRIPES 7FLEET #42430,"I-20, EXIT 131",Midland,TX,612,3.569,32.095849447852,-101.881020659635
61747,TEX-BEST #504,"I-35, EXIT 141",Von Ormy                                ,TX,740,3.15733333,29.285012080532,-98.652947187597
61751,ALLSUPS CONVENIENCE STORE #2264,SR-214,Seminole,TX,710,3.094,32.710904,-102.645485
61761,ALLSUPS CONVENIENCE STORE #2304,"I-40, EXIT 36 & US-385",Vega,TX,585,2.999,35.238009,-102.428896
61763,ALLSUPS CONVENIENCE STORE #2283,"I-20, EXIT 73",Wickett,TX,710,2.899,31.570382,-103.001437
61787,DUCK THRU FOOD STORE #5,US-258,Franklin                                ,VA,180,3.499,36.701784,-76.961765
61796,EXXON,US-220,Martinsville                            ,VA,185,3.375,36.64031,-79.86177
61799,CIRCLE K #2723712,"I-77, EXIT 52 & US-52/SR-42",Bland,VA,185,3.37566666,37.103691155181,-81.116246993487
61804,CARTERS ONE STOP,"I-95 & SR-301, EXIT 31 & SR-40",Stony Creek,VA,180,2.959,36.945656382919,-77.392623656147
61806,LANKFORD TRUCK PLAZA,US-13 & CR-646,Townsend,VA,130,3.399,38.2830783,-77.4910884
61819,CHEVRON,"I-5, EXIT 36",Longview,WA,935,4.499,46.131099,-122.975601
61830,APPLETON TRAVEL PLAZA,SR-96,Appleton,WI,444,3.40566666,44.2728,-88.449441
61832,BARRON FARMERS UNION,"US-8, EXIT 53",Barron,WI,545,3.639,45.401261278249,-91.831250513665
61835,BRISTOL BP,"I-94, EXIT 345 & US-45",Bristol,WI,444,3.719,42.547556940867,-87.952731496015
61843,KWIK TRIP #332,SR-33,Horicon,WI,444,3.21566666,43.452008,-88.626412
61849,KWIK TRIP #306,"I-94, EXIT 259 & SR-89",Lake Mills,WI,420,3.43233333,43.081235367997,-88.911834097724
61862,KWIK TRIP #781,SR-21,Redgranite,WI,582,3.35233333,44.044087,-89.108001
61867,KWIK TRIP #318,SR-27 & SR-16/SR-71,Sparta,WI,515,3.34233333,43.93913530928,-90.820789612281
61877,CASEYS #3715,SR-59,Whitewater,WI,420,3.299,42.857275527119,-88.697356510239
61879,KWIK TRIP #347,SR-13,Wisconsin Rapids,WI,395,3.31233333,44.406567,-89.789061
61880,KWIK TRIP #310,SR-13/SR-73,Wisconsin Rapids,WI,395,3.26233333,44.395168333508,-89.832433167868
61908,CRANBROOK HUSKY,HWY 3/95,Cranbrook,BC,50,4.50861664,49.512983,-115.76954
61968,FLYING J TRAVEL PLAZA #701,"I-35, EXIT 33",Ardmore,OK,253,3.659,34.2002353,-97.1666684
61978,PETRO-CANADA,HWY 247,Etobicoke,ON,720,3.62547711,43.643612,-79.565253
61983,PETRO-CANADA,HWY 35,Orono                                   ,ON,720,3.59147696,44.070209875744,-78.625413081615
61996,PETRO-CANADA,"HWY-402, EXIT 9 & CR-22",Sarnia                                  ,ON,620,3.31187682,42.989744000598,-81.959128008205
61998,PETRO-CANADA,HWY 417,Gloucester                              ,ON,400,3.82028205,45.414568296382,-75.610653891943
62008,LOVES TRAVEL STOP #366,"I-81, EXIT 90",Jonestown,PA,70,3.85733333,40.451684096824,-76.516019251047
62016,PETRO-CANADA,"HWY-400, EXIT 29 & HWY-407, EXIT 67",Concord,ON,720,3.39643942,43.806867,-79.468822
62075,FLYING J TRAVEL PLAZA #657,US-283/US-50/US-56 & US-400,Dodge City,KS,570,3.799,37.721811480691,-100.015413602821
62097,FLASH MARKET #17046,US-65/SR-9,Clinton,AR,695,3.239,35.527466471351,-92.441872492582
62211,STUBS GAS AND OIL,"I-76, EXIT 66",Wiggins                                 ,CO,800,3.559,40.244025,-104.055381
62238,Circle K #2726278,SR-207,Hastings,FL,75,3.569,29.712937247321,-81.522478642928
62283,Circle K #2745099,US-23 & US-341/SR-27,Hazlehurst,GA,195,3.529,31.859013431026,-82.571985743016
62316,BP,US-20,Delaware,IA,335,3.299,42.469271950651,-91.367889094637
62355,MINIT MART #600630,"I-39, EXIT 14",El Paso,IL,368,3.599,40.73401129518,-89.033252186081
62370,7-ELEVEN #34712,I-90 Exit 24,Belvidere,IL,290,3.739,42.232767,-88.835087
62399,Rebel Plus #882,"I-80, EXIT 101",Bristol,IN,465,3.57566666,41.735493808633,-85.786977162229
62462,HAWESWAY TRUCKSTOP,US-60,Owensboro,KY,487,3.599,37.81641,-87.039297
62467,SUPER QUIK #9,"I-64, EXIT 181",Ashland,KY,255,3.669,38.364607278622,-82.776063012255
62480,CM GALLIANO,US-167,Cut Off,LA,725,3.499,29.43679,-90.301825
62487,Fred's Food Mart,US-61,Saint Francisville,LA,600,3.799,30.778692013481,-91.340185558116
62500,CASH MAGIC VINTON,"I-10, EXIT 4 & SR-109",Vinton,LA,690,3.284,30.16092,-93.637497
62547,MARATHON,SR-32W,Gaylord,MI,287,3.799,44.99032,-84.676396
62550,Sunoco,"I-275, EXIT 11",New Boston                              ,MI,325,3.439,42.133835049475,-83.38125689288
62559,EXPRESS FOOD DEPOT,"I-94, EXIT 266",Smiths Creek,MI,325,3.719,42.909360796889,-82.506272800911
62560,ONE9 #23,"I-96, EXIT 67",Ionia,MI,406,3.439,42.878681874782,-85.0786223997
62701,PILOT TRAVEL CENTERS #408,"I-68, EXIT 22",Grantsville,MD,14,4.259,39.691916,-79.1012011
62710,TOWN PUMP FOOD STORE #922,"I-90, EXIT 370 &SR-10",Big Timber                              ,MT,780,3.479,45.83128562003,-109.907985930288
62753,PETRO SERVE USA,US-10,West Fargo,ND,341,3.029,46.846885,-96.906717
62768,PUMP & PANTRY #34,US-20 & SR-27,Gordon,NE,475,3.449,42.803085290677,-102.203270947612
62774,MR MIKES MINI MART,SR-9,Northwood                               ,NH,34,3.599,43.212945073965,-71.196811742651
62790,7-ELEVEN #40084,US-46/US-1/US-9,Palisades Park,NJ,115,3.099,40.845415792822,-74.007458618846
62800,A ONE TRUCK STOP,US-9,South Amboy,NJ,79,3.499,40.464440840394,-74.264674994808
62817,LOVES TRAVEL STOP #364,I-75 EXIT 33,Charleston,TN,285,3.589,35.292580914366,-84.814376376027
62824,FLYING J TRAVEL PLAZA #1005,"I-80, EXIT 48",Fernley,NV,966,3.91566666,39.6145827,-119.2175354
62841,SPEEDWAY #9912,"I-81, EXIT 10",Mc Graw,NY,32,4.309,42.589502496144,-76.128804204138
62844,CIRCLE K #4707612,"I-81, EXIT 14",Tully,NY,220,4.299,42.799576,-76.121341
62850,GANSEVOORT MINI MART,"I-87, EXIT 17",Gansevoort,NY,12,3.779,43.238889,-73.686909
62887,SPEEDWAY #9367,"I-275, EXIT 42",Cincinnati,OH,300,3.12566666,39.294744314617,-84.470249994157
62911,DAVIS TRAVEL CENTER #108,"I-85, EXIT 39",Warfield,VA,180,3.099,36.940567,-77.735206
62918,CIRCLE K #4705567,ST 91,Twinsburg,OH,305,3.63233333,41.338857,-81.475086
62991,ONVO TRAVEL PLAZA,"I-84, EXIT 17",Lake Ariel,PA,200,3.58566666,41.408523,-75.506256
62996,MARTIN GENERAL STORE,US-22,Alexandria,PA,14,3.539,40.556585,-78.110262
63013,TA WEST GREENWICH,"I-95, EXIT 5B",West Greenwich,RI,175,3.76566666,41.655201909247,-71.602915492594
63018,CIRCLE K #2723354,"I-526, EXIT 18A & US-78",Charleston,SC,42,3.299,32.887846004631,-80.011025350546
63126,PWI #120,"I-10, EXIT 593",Schertz,TX,740,2.92566666,29.5550708,-98.2635228
63193,Shell,US-29,Warrenton,VA,60,3.25733333,38.767636,-77.709114
63211,OMAK MART,US-97 & SR-215,Omak,WA,970,4.149,48.416771413021,-119.508627718086
63246,Petro Stopping Center #368,"I-94, EXIT 333",Sturtevant,WI,444,3.889,42.725613,-87.955958
63313,MARION TRAVEL CENTER,I-55 EXIT 14,Marion                                  ,AR,435,3.199,35.261228,-90.226118
63330,CIRCLE K #2723678,SR-53,Rome,GA,18,3.06233333,34.261515,-85.18351
63336,ROAD RANGER #118,"I-72 & I-55, EXIT 100-A",Springfield,IL,318,3.409,39.801777987649,-89.59538403414
63349,FLYING J TRAVEL PLAZA #662,"I-24, EXIT 86",Oak Grove,KY,415,3.15233333,36.697369,-87.454539
63351,76 FUEL CENTER,"I-75, EXIT 76",Berea,KY,410,2.999,37.571498908842,-84.314615943512
63353,LOVES TRAVEL STOP #367,"I-74, EXIT 149",Le Roy,IL,280,3.389,40.337932305678,-88.762318395173
63376,Circle K #2746246,US-169 & SR-41,Shakopee,MN,448,3.599,44.76552679891,-93.578465009843
63379,Petro Stopping Center #460,"I-70, EXIT 28",Oak Grove,MO,400,3.21233333,39.0150078,-94.1349884
63388,CIRCLE K #2723471,"I-95, EXIT 121",Wilson,NC,205,3.199,35.76084396727,-78.003667770329
63391,FLYING J TRAVEL PLAZA #687,"I-80, EXIT 179",North Platte,NE,475,3.449,41.101609,-100.7269921
63409,FLYING J TRAVEL PLAZA #693,"I-90, EXIT 48A; PEMBROKE, NY",Corfu,NY,38,3.889,43.001302,-78.4073103
63428,FLYING J TRAVEL PLAZA #702,"I-40, EXIT 264B",Checotah                                ,OK,560,3.699,35.4753855,-95.539133
63442,Flying J Travel Plaza #720,"I-40, EXIT 182",Fairview                                ,TN,460,3.18566666,36.026662,-87.171978
63455,FLYING J TRAVEL PLAZA #752,"I-81, EXIT 323",Clear Brook,VA,60,3.659,39.290527,-78.087612
63456,SHELL,"I-85, EXIT 61",Petersburg,VA,180,3.20066666,37.183645778184,-77.491378581002
63495,DECAUTER SHELL TRUCK STOP,"I-35, EXIT 369",Decatur,TX,637,2.91566666,33.234147,-97.586489
63498,PILOT #6955,I-40/I-85 EXIT 150,Haw River,NC,65,3.959,36.069037671557,-79.349915209414
63500,SPEEDWAY #8723,"I-75, EXIT 144B",Bridgeport,MI,342,3.469,43.350948203984,-83.864454000194
63501,LOVES TRAVEL STOP #407,I-81 EXIT 52B OR I-76 EXIT 226,Carlisle,PA,70,4.099,40.235225327199,-77.125045969449
63502,FLYING J TRAVEL PLAZA #704,I-35 & 122ND ST,Edmond,OK,483,3.30566666,35.595651,-97.436665
63506,KWIK TRIP #342,"I-39, EXIT 159",Stevens Point,WI,395,3.559,44.543252095833,-89.54710502622
63509,PILOT TRAVEL CENTER #4557,"I-85, EXIT 166",Carnesville,GA,16,3.239,34.3893539,-83.2268559
63510,PILOT #4584,"I-95, EXIT 181",Latta,SC,63,3.349,34.338648,-79.434195
63511,PILOT #4576,"I-95, EXIT 82",Saint George,SC,42,3.519,33.273234198708,-80.568714846604
63512,SPEEDWAY #7929,"I-40, EXIT 208",Colfax,NC,65,2.854,36.09347021491,-80.000823987648
63516,SHEETZ #701,"I-81, EXIT 273",Mount Jackson,VA,60,2.874,38.764374977376,-78.631946181168
63517,TA LINCOLN TRAVEL CENTER,"I-20, EXIT 168 & SR-77",Lincoln,AL,615,3.084,33.591016379045,-86.127262031471
63519,PILOT TRAVEL CENTERS #243,"I-64, EXIT 45 & SR-25",Nitro,WV,44,3.62566666,38.440769665614,-81.832997841683
63522,Pilot Travel Centers #411,"I-40, EXIT 238 & US-231",Lebanon,TN,460,3.24566666,36.1792984,-86.2999345
63523,PILOT TRAVEL CENTERS #441,"I-65, EXIT 334",Decatur,AL,615,3.859,34.538039,-86.910458
63524,PILOT TRAVEL CENTERS #416,"I-75/SR-401, EXIT 101",Cordele,GA,10,3.33233333,31.9597119,-83.7468612
63530,BIG EASY TRAVEL PLAZA,"I-10, EXIT 239-B",New Orleans,LA,725,3.799,30.004699,-90.032104
63532,FUELSMART,SR-165,Muskogee,OK,560,3.25233333,35.741122,-95.307725
63533,FLYING J TRAVEL PLAZA #638,"I-84, EXIT 29",Caldwell,ID,785,3.78733333,43.662414,-116.6538931
63538,SUAMICO CITGO,"US-41/US-141, EXIT 176 & CR-B",Suamico,WI,360,3.269,44.635264281379,-88.047364469638
63540,GAS N GO,"I-75, EXIT 149",Byron,GA,85,3.17233333,32.658193475,-83.743764470558
63545,LOVES TRAVEL STOP #397,"I-85, EXIT 104",Blacksburg,SC,210,3.419,35.158711754416,-81.478401799537
63546,CITGO QUIK MART,SR/15 & SR-68,Tennille                                ,GA,85,3.46566666,32.929038197235,-82.805554970543
63563,PILOT TRAVEL CENTERS #209,"I-10, EXIT 140",Van Horn                                ,TX,640,3.659,31.036008,-104.8300109
63564,PILOT TRAVEL CENTERS #213,"I-70, EXIT 94 (WILSON ROAD)",Columbus,OH,315,3.509,39.955925669751,-83.090650352505
63565,LOVES TRAVEL STOP #296,"I-8, EXIT 115 & SR-85",Gila Bend,AZ,930,3.889,32.947405023787,-112.716062023857
63566,PORT ALLEN TRUCKSTOP,"I-10, EXIT 151 & SR-415",Port Allen,LA,600,3.259,30.448133703005,-91.244053996464
63568,FLYING J TRAVEL PLAZA #658,"I-35, EXIT 127",Emporia,KS,336,3.25233333,38.410134,-96.23743
63569,PILOT TRAVEL CENTERS #893,"I-80, EXIT 40 (US-59)",Avoca,IA,319,3.659,41.476624116489,-95.338048307461
63570,PILOT TRAVEL CENTERS #287,"I-71, EXIT 204 & SR-83",Burbank,OH,305,3.699,40.984428217401,-81.995825721584
63571,Palace Truckstop,"I-10, EXIT 246 & I-510, EXIT 2C",New Orleans,LA,725,3.299,29.990853841878,-90.070340051348
63572,PILOT TRAVEL CENTERS #211,"I-40, EXIT 9 & SR-95",Lake Havasu City,AZ,910,3.999,34.728322,-114.315605
63574,PILOT TRAVEL CENTERS #232,"I-84, EXIT 376A",Ontario,OR,982,3.699,44.02561,-116.952544
63575,OKEMAH TRAVEL CENTER,"I-40, EXIT 221 (ST 27)",Okemah,OK,483,2.879,35.431522,-96.299664
63577,PILOT TRAVEL CENTER #236,"I-80, EXIT 122",Minooka,IL,290,3.799,41.460799,-88.2720681
63579,301 PLAZA,US-301 & SR-299,Middletown,DE,243,3.239,39.444972397501,-75.752071717639
63580,FLYING J TRAVEL PLAZA #637,"I-380, EXIT 68",Evansdale,IA,565,3.779,42.4601023,-92.2522901
63581,CASEYS #4453,"I-75, EXIT 120",Lexington,KY,410,3.224,38.142200034805,-84.529321241537
63582,T BONE TRUCK STOP,US-30,Columbus                                ,NE,313,3.099,41.410124,-97.376141
63583,CUBBYS #110,"I-80, EXIT 353",Columbus                                ,NE,313,3.179,41.442387,-97.388156
63584,PILOT TRAVEL CENTER #417,"I-20, EXIT 19",Temple,GA,18,3.389,33.7188934,-85.0297763
63586,LOVES TRAVEL STOP #295,US-412 & US-69,Chouteau,OK,560,3.29066666,36.166322993192,-95.341802023045
63587,24/7 TRAVEL PLAZA,"I-135, EXIT 92",Salina,KS,523,2.974,38.8238524,-97.638226
63588,KWIK TRIP #686,"I-94, EXIT 333/US-41 & SR-20",Sturtevant,WI,444,3.769,42.725523990917,-87.953830039107
63594,PILOT TRAVEL CENTERS #49,"I-24, EXIT 89",Oak Grove,KY,415,3.15233333,36.6921801,-87.4501843
63595,SPEEDWAY #5236,"I-75, EXIT 122",Lima,OH,411,3.25566666,40.699295159245,-84.087461636078
63596,PILOT TRAVEL CENTERS #442,"I-55, EXIT 19",Hayti                                   ,MO,275,3.25566666,36.2276346,-89.7253809
63597,PILOT TRAVEL CENTERS #163,"I-10, EXIT 24",Lordsburg,NM,640,3.439,32.342371,-108.681254
63598,PILOT TRAVEL CENTERS #164,"I-90/I-94, EXIT 69 & SR-82",Mauston,WI,420,3.299,43.796828195358,-90.071519720401
63599,PWI #978,"I-215, EXIT 21",Salt Lake City,UT,835,3.359,40.7455092,-111.949084
63600,PILOT TRAVEL CENTERS #77,"I-55 /I-20, EXIT 45",Jackson,MS,760,3.149,32.2731306,-90.1922281
63601,PILOT TRAVEL CENTERS #206,"I-20, EXIT 406",Weatherford,TX,630,3.209,32.7272499,-97.8252479
63602,LOVES TRAVEL STOP #285,I-40 EXIT 277,Santa Rosa,NM,580,3.474,34.9469342,-104.6448886
63603,LOVES TRAVEL STOPS #290,US-59/US-69/S LOOP 287 & FM-841,Lufkin,TX,610,3.649,31.371860387315,-94.713435461013
63604,7-ELEVEN #40363,US-17/SR-15 & SR-100,Palatka,FL,75,3.364,29.6468373526,-81.627857538787
63605,FLYING J TRAVEL PLAZA #663,"I-64, EXIT 43 & SR-395",Waddy,KY,415,3.759,38.152806008306,-85.07037697596
63606,FLYING J TRAVEL PLAZA #652,"I-65/US-52, EXIT 139 & SR-39",Lebanon,IN,375,3.64066666,40.032758009635,-86.471470010686
63607,ROAD RANGER #209,"I-90/94,  EXIT 48",Oakdale,WI,420,3.234,43.963012814002,-90.380409233987
63608,ROAD RANGER #206,US-20,Winnebago,IL,520,3.299,42.280127,-89.242121
63609,ROAD RANGER #203,US-20 & SR-2,Rockford,IL,520,3.299,42.219513986362,-89.108951598922
63612,FLYING J TRAVEL PLAZA #622,"I-95/SR-9, EXIT 131 & SR-68 & SR-713",Fort Pierce,FL,95,3.499,27.448421253184,-80.398904078836
63613,FLYING J TRAVEL PLAZA #690,"I-10/US-70, EXIT 24",Lordsburg,NM,640,3.439,32.3421447,-108.6785708
63614,PILOT TRAVEL CENTER #446,"I-69, EXIT 234",Daleville,IN,457,3.649,40.115179,-85.573358
63615,One9 #1413,"I-81, EXIT 101",Dublin,VA,185,3.24233333,37.082976847925,-80.651330107951
63616,SPEEDWAY #8876,"US-23, EXIT 50",Whitmore Lake,MI,342,3.749,42.39161828426,-83.762976269343
63619,PILOT TRAVEL CENTERS #428,"I-20, EXIT 112",West Monroe                             ,LA,760,3.20566666,32.5083116,-92.1924104
63620,LOVES TRAVEL STOP #420,"I-20, EXIT 47",Flowood,MS,620,3.149,32.279062,-90.155418
63621,FUEL CITY FRIENDLYS,"I-35E, EXIT 435",Dallas,TX,630,2.96566666,32.859092,-96.88138
63623,PILOT TRAVEL CENTERS #90,"I-95/SR-9, EXIT 129 & SR-91, EXIT 152 & SR-70",Fort Pierce,FL,95,3.459,27.42212265063,-80.388604269727
63624,FROG CITY TRAVEL PLAZA,"I-10, EXIT 87",Rayne                                   ,LA,690,3.36566666,30.252000302623,-92.271961134659
63625,FLYING J TRAVEL PLAZA #688,"I-295, DEEP WATER STREET",Penns Grove,NJ,243,3.989,39.6841698,-75.4850006
63627,PILOT TRAVEL CENTERS #174,I-78 & SR-15,New Albany,MS,435,3.859,34.4681286,-89.0067381
63628,PILOT TRAVEL CENTER #75,"I-65, EXIT 19 & US-43/SR-13",Satsuma,AL,715,3.195,30.877091510589,-88.044624867588
63629,SPEEDWAY #4523,"I-94, EXIT 88",Osseo,WI,448,3.54566666,44.58158151425,-91.207192651387
63630,TA DENVER EAST TRAVEL CENTER,"I-70 & I-270, EXIT 278",Commerce City,CO,800,3.37566666,39.778248015688,-104.896973997772
63635,SAPP BROS TRAVEL CENTER,"I-70, EXIT 295",Junction City,KS,523,3.709,38.999106141498,-96.863765135866
63636,PILOT TRAVEL CENTERS #279,"I-19, EXIT 12 & SR-289",Rio Rico,AZ,980,3.659,31.519200170406,-111.287603381381
63637,PILOT TRAVEL CENTERS #454,"I-70, EXIT 79",London                                  ,OH,315,3.509,39.958751,-83.370175
63639,PILOT TRAVEL CENTER #444,"I-70, EXIT 23",Brazil                                  ,IN,375,3.939,39.451618,-87.125084
63640,SUPER EXPRESS STOP,"I-64, EXIT 113",Mount Sterling,KY,410,3.859,38.087582015213,-83.901253591972
63641,FLYING J TRAVEL PLAZA #625,"I-4/SR-400, EXIT 10 & SR-579",Seffner,FL,225,3.44233333,28.004998719357,-82.306963583363
63642,COLTS QUICK DRAW,"I-40, EXIT 125 & US-65/SR-25",Greenbrier,AR,695,3.30733333,35.206853745136,-92.444924922867
63648,CIRCLE K #2723333,"I-75, EXIT 216",Mcdonough,GA,67,3.209,33.413371392488,-84.164694474269
63649,ONE TRIP,US-84,Homerville,GA,10,3.44233333,31.036789629512,-82.747048254434
63651,CIRCLE K #2723346,US-29/S8,Athens,GA,16,3.399,33.981968,-83.3473
63652,CASEYS #3292,"I-380, EXIT 43 & US-20",Independence,IA,380,3.599,42.448659298596,-91.888010706375
63653,FLYING J TRAVEL PLAZA #760,US-30 & SR-232,Cokeville,WY,835,3.899,42.08544900738,-110.948472978058
63661,FLYING J TRAVEL PLAZA #677,"US-78, EXIT 6",Olive Branch,MS,435,3.28566666,34.9291984,-89.7945578
63662,PILOT TRAVEL CENTER #267,"I-75, EXIT 146",Byron                                   ,GA,85,3.38566666,32.6127003,-83.7445362
63667,CIRCLE K #2723875,SR-41/SR-45,Jamestown,SC,42,2.974,33.283201882282,-79.740286663122
63668,PILOT #4579,"I-26, EXIT 139",Saint Matthews,SC,135,3.509,33.633048716265,-80.874535150186
63669,One9 #1248,"I-45, EXIT 271",Wilmer,TX,630,2.75566666,32.61235723816,-96.690117617479
63671,WESTERN TRAVEL TERMINAL,US-26 & US-85,Torrington                              ,WY,795,3.399,42.062708987884,-104.184389013883
63676,CORNER EXPRESS,ST 55,Wellston                                ,MI,456,3.499,44.223543,-85.805523
63680,ALLTOWN MARKETS-FLYING J #896,I-93 EXIT 11 & SR 3A,Bow,NH,39,4.099,43.038469251558,-71.474174315776
63685,RIVER HEIGHTS GROCERY,US-64/SR-69/SR-15,Crump                                   ,TN,435,3.099,35.231958517035,-88.368762978736
63690,LOVES TRAVEL STOP #277,"I-30, EXIT 46",Prescott,AR,635,3.47566666,33.829704203564,-93.394382574313
63691,JIMMIES AUTO TRUCK PLAZA,"I-10, EXIT 262",Lee,FL,20,3.84733333,30.379939627303,-83.300239597886
63694,PILOT TRAVEL CENTERS #261,"I-55, EXIT 186",Winona,MS,576,3.499,33.485298,-89.770312
63695,FLYING J TRAVEL PLAZA #634,"I-20/SR-402, EXIT 19 & SR-113",Temple,GA,18,3.419,33.715032208942,-85.026670866831
63697,MILLER MART #40,"I-64, EXIT 255B",Newport News,VA,130,3.30566666,37.115055540985,-76.500340652428
63699,DEWITT TRAVEL MART,"US-30, EXIT 313",De Witt,IA,270,3.599,41.808742,-90.538102
63700,WIXOM FUEL STOP,"I-96, EXIT 159",Wixom,MI,325,3.999,42.498979157028,-83.541641380727
63701,FLYING J TRAVEL PLAZA #742,"I-80, EXIT 98/99",Tooele                                  ,UT,835,3.759,40.683986,-112.270038
63702,QUICK FUEL #2501,"I-264, EXIT 14",Louisville,KY,415,3.08233333,38.192757608525,-85.711750699954
63703,QUICK FUEL #2303,"I-71, EXIT 104/FRANK RD EXIT",Columbus,OH,315,3.56566666,39.916643731982,-83.004273110671
63704,QUICK FUEL #2301,"I-275, EXIT 44",Cincinnati,OH,300,3.239,39.286478478482,-84.425807074539
63706,QUICK FUEL #1003,"I-41/US-45, EXIT 45 & CR-EE",Milwaukee,WI,444,3.42566666,43.106644139729,-88.058319333618
63715,FLYING J TRAVEL PLAZA #772,"I-215, EXIT 28",North Salt Lake                         ,UT,835,3.73233333,40.7268601,-111.9153096
63716,EXPRESS LANE #34,"I-39, EXIT 115",Rockford,IL,520,3.749,42.237179905252,-89.107252230466
63718,ROAD RANGER #210,"I-39/US-51, EXIT 99 & SR-38",Rochelle,IL,520,3.699,41.934726904537,-89.026636461393
63720,FLYING J TRAVEL PLAZA #611,"I-10, EXIT 137",Phoenix,AZ,930,3.589,33.460974,-112.205681
63721,ROAD RUNNER TRAVEL CENTER,I-69E/US-77 & CR-892,Robstown,TX,625,3.349,27.774358,-97.667467
63722,LOVES TRAVEL STOP #240,"I-10, EXIT 151 & SR-415",Port Allen,LA,600,3.23233333,30.448133703005,-91.244053996464
63724,LOVES TRAVEL STOP #244,"I-40, EXIT 87 & US-70/US-412",Jackson,TN,435,3.49733333,35.678362,-88.744417
63725,TA CARTERSVILLE TRAVEL CENTER,"I-75, EXIT 296",Cartersville,GA,18,3.599,34.275786085293,-84.814108484271
63726,FLYING J TRAVEL PLAZA #706,"I-44 & I-244, EXIT 236",Tulsa,OK,560,3.36566666,36.086823910515,-96.041896881555
63727,LOVES TRAVEL STOP #403,"I-81, EXIT 3",Binghamton,NY,32,3.679,42.1016334,-75.8358216
63728,PILOT TRAVEL CENTER #43,"I-80, EXIT 284",Walcott,IA,270,3.859,41.614501,-90.782226
63729,PILOT TRAVEL CENTERS #147,"I-80, EXIT 410",West Wendover                           ,NV,835,3.709,40.7377704,-114.0581503
63730,PILOT TRAVEL CENTERS #309,"I-77, EXIT 25",Caldwell,OH,430,3.65233333,39.73744,-81.527515
63731,LOVES TRAVEL STOP #243,"I-10, EXIT 43 & SR-383",Iowa,LA,690,3.58733333,30.251321587829,-93.013801841537
63732,LOVES TRAVEL STOP #265,"I-10, EXIT 200",Eloy,AZ,930,3.434,32.806281125698,-111.665834913496
63734,CIRCLE K #2723472,US-70 & SR-58,Kinston,NC,63,3.319,35.260314190505,-77.581265058562
63736,PLATEAU TRUCK AND AUTO CENTER,"I-10, EXIT 159",Van Horn                                ,TX,640,3.099,31.06321193184,-104.498728682063
63737,I 10 DUSON TRUCK STOP,"I-10, AUSTRIA ROAD",Duson,LA,730,3.41066666,30.245246750078,-92.193143983797
63738,U STOP 33,US-77,Beatrice,NE,413,3.399,40.266115170587,-96.746854227232
63740,CIRCLE K #2723478,US-29,Blairs,VA,185,3.439,36.7330695,-79.3831632
63741,SHELL,"I-295, EXIT 15",Chester,VA,180,3.20233333,37.357547,-77.441974
63743,PILOT TRAVEL CENTERS #370,"I-81, EXIT 175",Pittston,PA,200,4.17566666,41.313989,-75.754619
63744,PILOT TRAVEL CENTERS #439,"I-24, EXIT 86",Oak Grove,KY,415,3.15233333,36.6921801,-87.4501843
63745,PILOT TRAVEL CENTERS #447,"I-64, EXIT 25",Haubstadt,IN,340,3.959,38.174692,-87.549234
63746,PILOT TRAVEL CENTERS #453,"I-85, EXIT 90",Gaffney,SC,210,3.429,35.077844,-81.703421
63747,PILOT TRAVEL CENTERS #440,"I-71, EXIT 28",Pendleton,KY,415,3.759,38.4577391,-85.2990909
63751,PETRO STOPPING CENTER #328,"I-20 & I-55, EXIT 45",Jackson,MS,620,3.109,32.275811881887,-90.198721722792
63752,MR FUEL #732,"I-80, EXIT 226",Girard,OH,573,3.239,41.143848285041,-80.716839784919
63753,PILOT #4558,"I-75, EXIT 318",Calhoun,GA,285,3.30566666,34.55830411965,-84.937698489107
63754,U SAVE TRAVEL PLAZA,US-19 & SR-129,Mount Nebo,WV,44,3.599,38.196601703855,-80.861736303597
63755,PILOT TRAVEL CENTERS #196,"I-40, EXIT 325 & US-64",Roland,OK,645,3.739,35.404309,-94.521658
63756,PILOT TRAVEL CENTER #144,"I-20, EXIT 200",Augusta,GA,135,3.859,33.4799832,-82.13052
63759,BUFFALO RANCH,US/69/US-60 & US-59,Afton,OK,560,3.099,36.718486480749,-94.927358904354
63760,CASH MAGIC CITGO HOUMA,I-57,Houma,LA,725,3.56566666,29.571691,-90.682423
63761,7Fleet #46589,"I-94/US-52, EXIT 205 & SR-241",Saint Michael,MN,448,3.309,45.210088088255,-93.660998549343
63762,MINIT MART #600643,"I-57, EXIT 322",Manteno,IL,290,3.249,41.251954457294,-87.852669751519
63763,Flying J Travel Plaza #644,"I-80, EXIT 77 & SR-351",La Salle,IL,290,3.299,41.369677601089,-89.096655430783
63764,LOVES TRAVEL STOP #288,"I-45, EXIT 198 & US-84",Fairfield,TX,765,3.429,31.695035966456,-96.054746725727
63766,PILOT TRAVEL CENTERS #26,"US-23, EXIT 5 & US-223",Ottawa Lake,MI,325,3.649,41.794091999435,-83.69191399016
63767,HOP-IN FOOD STORES,I-27 & FM-1729,New Deal,TX,700,2.92566666,33.737429103533,-101.840054929451
63768,PILOT TRAVEL CENTERS #443,"I-70, EXIT 49",Higginsville,MO,400,3.23566666,39.003149,-93.733623
63770,FLYING J TRAVEL PLAZA #694,"I-90, EXIT 223",Austinburg,OH,305,3.859,41.7894439,-80.856214
63771,FLYING J TRAVEL PLAZA #572,"I-35, EXIT 144",Williams                                ,IA,433,3.699,42.4702,-93.572751
63773,QUIKTRIP #179,ST 152,Liberty,MO,400,2.999,39.23963,-94.437099
63774,PILOT TRAVEL CENTERS #150,"I-70, EXIT 24 &SR-63",Hagerstown,MD,22,3.959,39.598825212138,-77.821378296377
63775,FLYING J TRAVEL PLAZA #646,"I-90/39, EXIT 1 & US-51 & SR-75",South Beloit,IL,290,3.799,42.492124993583,-89.01142002503
63776,KWIK TRIP #334,US-169/SR-60,Mankato,MN,425,3.549,44.171311241955,-93.908193231405
63777,KWIK TRIP #403,"I-35, EXIT 45",Owatonna,MN,425,3.499,44.140562668836,-93.251327679679
63778,KWIK TRIP #662,SR-55/SR-149,Saint Paul,MN,451,3.629,44.847571000957,-93.125833957594
63781,Pilot Travel Centers #8,US-23 & PITTSBURG RD,Circleville,OH,315,3.799,39.557352009955,-82.958689994625
63782,FUEL EXPRESSO #11,"I-35, EXIT 155",Lebo,KS,400,3.17233333,38.428139940566,-95.731013776851
63787,LOVES TRAVEL STOP #402,"I-10, EXIT 44",Biloxi,MS,715,3.449,30.448875712508,-88.931376424062
63789,PILOT TRAVEL CENTERS #448,"I-65, EXIT 240",Hebron,IN,365,3.354,41.290293,-87.295244
63790,PILOT TRAVEL CENTERS #412,"I-81, EXIT 4",White Pine,TN,405,3.699,36.108925,-83.33868
63791,PILOT TRAVEL CENTERS #432,"I-35, EXIT 328",Waco,TX,765,3.22066666,31.455849,-97.171948
63792,PILOT TRAVEL CENTERS #424,"I-75, EXIT 358",Ocala,FL,140,3.359,29.024561,-82.159121
63793,HUTCH'S #113,US-183 & US-270/SR-15,Woodward,OK,483,2.999,36.402807913908,-99.367753080729
63794,PILOT TRAVEL CENTERS #157,"I-30, EXIT 122",Sulphur Springs,TX,723,3.309,33.116612,-95.634406
63795,LOVES COUNTRY STORE #022,US-412,Clayton,NM,585,3.414,36.445202,-103.179684
63796,PETRO STOPPING CENTER #329,"I-40/I-85, EXIT 157",Mebane,NC,65,3.999,36.0763091,-79.2243219
63798,PETRO GLADE SPRING #372,"I-81, EXIT 29",Glade Spring,VA,405,3.58733333,36.772582631195,-81.778993053655
63799,LOVES TRAVEL STOP #204,US-69 BUS & US-69,Eufaula,OK,560,3.689,35.362245009915,-95.57400798219
63800,PILOT TRAVEL CENTERS #255,"I-95, EXIT 40",Milford,CT,73,4.299,41.234454125974,-73.030301176212
63801,PILOT #1126,"I-435, EXIT 55 & SR-210",Kansas City,MO,400,3.38233333,39.141493564292,-94.57959578083
63802,CARTERS TRAVEL CENTER,"I-40, EXIT 201N",Flagstaff                               ,AZ,930,3.689,35.242189,-111.567465
63803,KOUNTRY XPRESS,"I-40, EXIT 20",Mulberry                                ,AR,645,3.27233333,35.512888,-94.114445
63805,TEX-BEST #519,US-281 & US-281 BUS & CR-1930,Alice,TX,625,2.899,27.793281920158,-98.084276671561
63812,PETRO STOPPING CENTER #330,"I-65, EXIT 86",Glendale,KY,415,3.599,37.599736,-85.870723
63813,TA SAN ANTONIO TRAVELCENTER,"I-10 & FOSTER RD, EXIT 583",San Antonio,TX,740,3.20733333,29.445226918648,-98.360729272645
63828,CIRCLE K #2723654,US-431,Boaz,AL,587,3.519,34.217888,-86.156975
63829,CALERA CHEVRON,SR-25,Calera,AL,615,3.199,33.104153,-86.735479
63836,Double Bees #109,"I-40, EXIT 183",Carlisle,AR,695,3.139,34.801247164773,-91.748451744871
63841,MAGNOLIA TRAVEL CENTER,US-82 & US-371,Magnolia,AR,635,3.599,33.296573880732,-93.250522126095
63846,71 EXPRESS,US-71,Mansfield,AR,645,3.33233333,35.000066303044,-94.113867344174
63848,CIRCLE K #2706345,"I-30, EXIT 2",Texarkana,AR,723,3.479,33.475148381221,-94.008956737635
63850,PILOT TRAVEL CENTERS #180,"I-40, EXIT 185",Bellemont,AZ,930,3.639,35.238602,-111.822032
63854,E-Z MART #4437,US-71,Boles,AR,645,3.299,34.752046,-94.076189
63855,LOVES TRAVEL STOP #460,"I-10, EXIT 302",Benson,AZ,980,3.279,31.963147235151,-110.35284602517
63856,PILOT TRAVEL CENTER #1175,"I-17, EXIT 262 & SR-69",Mayer,AZ,930,3.6915,34.327085,-112.118087
63870,CIRCLE K #2744074,"I-270/US-36, EXIT 4",Commerce City,CO,800,3.45566666,39.780251120276,-104.899776001517
63871,Alta Convenience Store #6317,"I-70, EXIT 19",Fruita,CO,810,3.399,39.154156,-108.738827
63876,Mobil,"FL TURNPIKE,  EXIT 244",Kissimmee,FL,225,3.449,28.290678224925,-81.349318938296
63887,QUIKTRIP #757,"I-79/SR-401, EXIT 306 & SR-140",Adairsville,GA,193,2.88733333,34.374703113152,-84.908544807512
63893,QUICK FUEL #2204,"I-285, EXIT 58/SR-407 & I-75, EXIT 237/SR-401",Atlanta,GA,18,3.27566666,33.63310699986,-84.4011150321
63894,CIRCLE K #2723653,"I-75, EXIT 124",Cartersville,GA,193,3.224,34.176273,-84.792823
63895,KWIK SERV #17,"I-75, EXIT 136",Chatsworth,GA,193,3.499,34.766103,-84.769567
63904,SUNOCO,"I-95, EXIT 19",Savannah,GA,195,3.63233333,32.111081,-81.148888
63907,QUIKTRIP #737,"I-85, EXIT 137",Jefferson,GA,16,3.119,34.154389175441,-83.644504275674
63909,GAS2GO,"I-95, EXIT 6",Kingsland,GA,75,3.109,30.828445857438,-81.667808964139
63910,OGMULGEE CHEVRON #419,"I-16, EXIT 6",Macon,GA,85,3.399,32.7959743,-83.5695602
63912,PILOT #4562,"I-95, EXIT 1",Kingsland,GA,75,3.559,30.761398398264,-81.653610501504
63914,CIRCLE M #12,US-23/SR-365 & SR-52,Lula                                    ,GA,18,3.539,34.395126017926,-83.691092982744
63915,HIGHWAY 80 CHEVRON,"I-185, EXIT 7",Midland                                 ,GA,50,3.399,32.543080347843,-84.815334689252
63922,THOMASVILLE TRAVEL CENTER,US-84 & SR-3,Thomasville,GA,20,3.18066666,30.869567,-83.999554
63925,PILOT TRAVEL CENTER #4561,"I-75, EXIT 11",Valdosta,GA,20,3.28566666,30.7532842,-83.2728384
63931,LOVES TRAVEL STOP #371,"I-95, EXIT 190",Dillon,SC,46,3.33066666,34.417566412617,-79.413300360936
63937,CUBBYS #305,"I-29, EXIT 10 & SR-2",Percival,IA,319,3.694,40.689228079603,-95.784216809917
63938,CUBBYS #301,US-34 & SR-48,Red Oak,IA,319,3.399,41.026080507332,-95.232912215978
63942,Discount Zone,"I-10, EXIT CLEARVIEW",New Orleans,LA,725,3.279,29.947767,-90.182453
63946,MINIT MART #600644,"I-80, EXIT 134",Joliet,IL,399,3.599,41.513326987073,-88.039281873312
63955,ROAD RANGER #266,"I-72, EXIT 82 & CR-10",New Berlin,IL,280,3.479,39.738422338034,-89.924120745266
63957,SUNMART FOOD STORE,SR-37,Bloomington,IN,375,3.499,39.106968,-86.551376
63959,SPEEDWAY #1429,SR-59 & SR-56,Warrenville,IL,293,3.599,41.820417587562,-88.203912921345
63960,BUTLER ONE STOP,"I-69, EXIT 329",Butler                                  ,IN,370,3.519,42.05782,-84.86525
63962,7-ELEVEN #40505,"I-80, EXIT 90",Elkhart,IN,465,4.11566666,41.651156,-85.964767
63964,LOVES TRAVEL STOP #242,"I-35 & FISHER RD, EXIT 144",Von Ormy,TX,740,3.167,29.310123086586,-98.616258967023
63965,GOOD TO GO #11,"I-65, EXIT 158",Frankfort,IN,375,3.549,40.257711960501,-86.650656920989
63966,PHILS ONE STOP,"I-69, EXIT 309B",Fort Wayne                              ,IN,370,3.67566666,41.122306,-85.18641
63972,7-ELEVEN #40506,"I-80/I-90, MM 125 WB",Howe,IN,465,3.899,41.721642,-85.425958
63977,CAREFREE FOOD MART,"I-64, EXIT 92",Leavenworth                             ,IN,415,3.499,38.238493,-86.362332
63978,Gallops,"I-80, EXIT 107",Middlebury,IN,370,3.549,41.746887684636,-85.690439422817
63979,Jaks Oil,US-90,Broussard,LA,730,3.049,30.072156898711,-91.939349226625
63988,Petes #47,US-400/SR-47,Fredonia                                ,KS,307,3.299,37.530093455626,-95.830574343451
63990,TREX MART #4,"I-229/US-59, EXIT 4B & US-36",Wathena                                 ,KS,400,2.999,39.744435589707,-94.881022743863
63992,SANDRAS QUICK STOP,US-169 & US-59,Garnett,KS,485,3.319,38.283209502335,-95.249351640933
63994,U STOP #38,I-70 EXIT 298,Junction City,KS,553,3.35566666,39.017847,-96.8190221
63997,LEON GROCERY,US-400,Leon                                    ,KS,336,3.399,37.643726908661,-96.437155492589
64001,PETES #53,US-400 & SR-99 & CR-939,Severy                                  ,KS,336,3.249,37.636644010263,-96.234134992694
64002,SPEEDWAY #9567,"I-65, EXIT 105",Lebanon Junction,KY,415,3.16566666,37.830352617958,-85.719827148792
64003,HUCKS Food & Fuel #305 dba Pilot Dealer #1288,SR-9001 & WKY PKWY SERVICE AREA,Beaver Dam,KY,460,3.629,37.4079438,-86.875785
64016,SHELL,US-231 & SR-1468,Morgantown,KY,487,3.799,37.202775230927,-86.707486150719
64020,LEEBOS # 9,"I-49, EXIT 90",Alexandria,LA,730,3.21566666,31.347507060819,-92.522329411463
64021,CM AMITE,SR-16,Amite,LA,600,3.399,30.71273951517,-90.574154060494
64028,DELCAMBRE FUEL DEPOT,SR-14 & SR-89,Delcambre,LA,730,2.999,29.952915986047,-91.997451992704
64029,SUNSHINE SUPER STOP TRUCKS,"I-10, EXIT 182",Convent,LA,600,3.399,29.998289,-90.807813
64030,STATE OIL,SR-23,Belle Chasse,LA,725,3.43233333,29.876122,-90.014929
64034,BOONES CHEVRON,SR-317,Franklin                                ,LA,623,3.899,29.75012873116,-91.431357831198
64036,CM PROSPECT STATION,SR-3087 & SR-660,Houma,LA,725,3.599,29.608414987851,-90.667761038368
64040,PILOT #1051,"I-10, EXIT 43 & SR-383",Iowa,LA,690,3.599,30.251321587829,-93.013801841537
64042,LA PLACE TRAVEL CENTER,"I-10, EXIT 209 & I-55, EXIT 1",La Place,LA,725,3.259,30.087380341761,-90.43651451377
64043,COUNTRY AUTO TRUCK STOP,"I-49, EXIT 177 & SR-509",Mansfield,LA,766,3.259,32.120209472763,-93.607562066597
64044,DISCOUNT ZONE,"I-510, EXIT 240",New Orleans                             ,LA,725,3.149,29.947767,-90.182453
64045,SILVERS TRAVEL PLAZA - Port Allen,US-190/SR-1,Port Allen,LA,730,3.33233333,30.452371524397,-91.210197778761
64047,LUCKY LOUIES TRUCK STOP,US-190,Port Allen,LA,600,3.06566666,30.507098,-91.206668
64048,Pilot #1439,"I-10, Exit 151",Port Allen,LA,600,3.21566666,30.447551481417,-91.247199578742
64049,Cash Magic CITGO LAROSE,SR-308,Larose,LA,725,3.399,29.561965778592,-90.357632958304
64050,WESTWOOD TRUCK PLAZA,US-90 BUS,Marrero,LA,725,3.279,29.894568,-90.127914
64058,DELTA TOWN TRUCK STOP,"I-10, EXIT 4",Vinton                                  ,LA,690,2.799,30.151106,-93.637469
64059,CM SPRINGHILL,"I-20, EXIT 44",Springhill,LA,745,3.399,33.58762,-93.64851
64060,CM VIVIAN,SR-1 & SR-2,Vivian,LA,745,3.26566666,32.871570988964,-93.987076000304
64062,XTRA MART #10098,SR-146A,Uxbridge,MA,175,3.649,42.03617543043,-71.61898818106
64063,Mobil,US-20 & SR-56,North Oxford,MA,175,3.58233333,42.164199502284,-71.891139546359
64069,301 BP,US-301/SR-5,Brandywine,MD,22,3.259,38.691857818286,-76.872074229544
64072,EZ MART #110,US-127 & US-127 BUS/SR-46,Alma,MI,260,3.649,43.378795191356,-84.602753028554
64082,SPEEDWAY #8797,SR-13,Lennon,MI,342,3.379,42.983618,-83.92795
64083,BIG DADDYS TRUCKSTOP,US-223 & US-23,Ottawa Lake,MI,325,3.499,41.798184002656,-83.688149006892
64084,RPF OIL #92 PARMA TRAVEL CENTER,"I-94, EXIT 128",Parma,MI,431,3.499,42.264879898498,-84.621673772043
64085,MADCO TRUCK PLAZA,"I-94, EXIT 200",Romulus                                 ,MI,325,3.499,42.253356558232,-83.298993417779
64087,SAHARA PETRO,"I-696, EXIT 22",Warren                                  ,MI,325,3.799,42.490025536385,-83.054070478796
64091,Circle K 2746398,US-10 & SR-27,Little Falls,MN,448,3.399,45.975591398764,-94.339646424325
64092,ONE9 #4555,"I-20/I-59, EXIT 77",Cottondale,AL,615,2.93233333,33.17269671176,-87.442079173235
64097,KWIK TRIP #937,US-12,Willmar,MN,451,3.34066666,45.126073,-95.0077876
64098,BLUE LINE TRAVEL CENTER,"I-90, EXIT 45",Worthington                             ,MN,432,3.16566666,43.640299,-95.563202
64101,D DIAMOND TRAVEL PLAZA,"I-44, EXIT 82",Fair Grove                              ,MO,535,3.13233333,37.460445,-93.141422
64106,RAPID ROBERTS #122,SR-43,Joplin                                  ,MO,277,2.899,37.006715,-94.549984
64112,RAPID ROBERTS #123,"I-44, EXIT 80",Springfield                             ,MO,535,2.899,37.250728575864,-93.260502957391
64116,GRAND LEDGE,"I-96, EXIT 86",Grand Ledge,MI,344,3.789,42.755548713497,-84.835241054088
64120,HOLIDAY STATIONSTORE #2746185,US-2,Wakefield,MI,545,3.479,46.476429,-89.944001
64122,FLYING J TRAVEL PLAZA #691,"I-40, EXIT 333",Tucumcari                               ,NM,585,3.899,35.158637,-103.7037263
64124,Shell,"I-94 & I-75, EXIT 171",Saint Cloud,MN,448,3.36233333,45.488339800149,-94.1480667955
64126,CASEYS #3471,US-2 & CR-87,Cohasset,MN,333,3.449,47.263915070485,-93.619176095623
64132,45 TRUCKSTOP,US-45,Corinth,MS,435,3.089,34.864038,-88.559882
64139,4 MILE TRUCKSTOP,US-98 & HOLT RD,Lucedale,MS,715,3.399,30.922972918918,-88.508967090635
64153,SPEEDWAY #6972,US-70,Durham,NC,177,3.799,36.003987,-78.879189
64155,SPEEDWAY #8228,"I-85, EXIT 191 & SR-56",Creedmoor,NC,205,3.999,36.148485863185,-78.725394289347
64156,SPEEDWAY #6985,"I-40, EXIT 312 & SR-42",Garner,NC,177,3.499,35.604279187806,-78.562930324718
64163,FILL GOOD BP #15,US-74,Monroe,NC,46,3.399,35.0388385,-80.6023131
64167,NORTH LONDONDERRY SUNOCO,"I-93, EXIT 5",Londonderry,NH,125,3.939,42.91814,-71.39895
64170,LUCKY 7,"I-95, EXIT 61",Wade,NC,205,2.999,35.157601699573,-78.716997480373
64171,CIRCLE K #2723130,"I-40, EXIT 364",Warsaw,NC,245,2.87566666,34.995597502819,-78.134505337326
64172,CUBBYS #108,"I-80, EXIT 420 & SR-63",Greenwood,NE,319,3.399,40.969806085792,-96.388496959763
64173,SAPP BROS TRAVEL CENTER,"I-80, EXIT 405",Lincoln,NE,413,3.36566666,40.862302,-96.637896
64181,SUNOCO- JOYCE KILMER PLAZA #7012,"NJTP,EXIT 8A",East Brunswick,NJ,115,3.899,40.470667221705,-74.470826604055
64182,SUNOCO- VINCE LOMBARDI SERVICE AREA #7017,"NJ TURNPIKE, EXIT 18",Ridgefield,NJ,115,3.899,40.8231696,-74.0300245
64183,SUNOCO- THOMAS EDISON PLAZA #7013,"NJTP, EXIT 11",Woodbridge,NJ,79,3.899,40.546355288923,-74.284764504887
64187,SPEEDWAY #9117,"I-25, EXIT 339",Las Vegas,NM,580,3.18566666,35.521871868388,-105.249210079457
64189,CIRCLE K #2708931,"I-10, EXIT 155",Tucumcari,NM,585,3.259,35.172108,-103.719441
64195,DANDY MINI MART #14,"I-86, EXIT 62",Nichols,NY,32,3.439,42.025786833212,-76.38075020209
64201,POCO SHOP #2,"I-95, EXIT 31",Saint Pauls                             ,NC,205,3.799,34.814961298748,-78.985204621677
64206,SUNOCO WOODROW WILSON PLAZA #7010,"NJTP, EXIT 7",Trenton,NJ,150,3.899,40.192221202777,-74.590461191222
64210,FUEL 1,"I-287, EXIT 4",South Plainfield,NJ,79,4.799,40.5513448,-74.4093581
64211,PILOT #490/WESTERN PETROLEUM,US-180,Carlsbad                                ,NM,593,3.729,32.451401354024,-104.154619469379
64215,STRIPES 7FLEET #42588,US-380 & SR-206,Tatum,NM,700,3.66233333,33.254002100792,-103.317544273912
64216,DANDY MINI MART #31,SR-13 & SR-224,Cayuta,NY,190,4.399,42.293755310724,-76.715305110773
64218,PILOT TRAVEL CENTERS #494,"I-88, EXIT 25",Schenectady,NY,12,3.999,42.781782,-74.029029
64221,BELL STORES #49,"I-76E, EXIT 25B",Akron,OH,249,3.499,41.062350498198,-81.47852406681
64223,7-ELEVEN #40295,"I-80, EXIT 170",Broadview Heights,OH,249,3.52733333,41.292252,-81.672346
64224,7-ELEVEN #40296,SR-176,Broadview Heights,OH,249,3.53233333,41.296633277182,-81.684749984222
64227,GO MART FOOD STORE #116,US-50 & SR-7,Coolville                               ,OH,430,3.35733333,39.184273855809,-81.840904780621
64229,SPEEDWAY #9385,"I-70, EXIT 129",Hebron,OH,315,3.369,39.94458306943,-82.486316239396
64230,Certified Oil #400423,I-70 EXIT 126,Hebron,OH,315,3.39566666,39.942356978673,-82.531609629575
64231,7-ELEVEN #40293,"OHIO TURNPIKE EB MILEPOST 139/I-80, EXIT 139",Amherst,OH,249,3.53233333,41.376714392527,-82.252894845399
64233,74 FUEL STOP,"I-74, EXIT 3",Harrison,OH,300,3.859,39.242133739743,-84.774353054815
64235,PENNZMART FUEL EXPRESS,ST 100,Tiffin                                  ,OH,411,3.4315,41.114589,-83.176563
64236,KFC TRAVELMART,SR-199,Upper Sandusky,OH,411,3.249,40.8545409,-83.3004228
64243,Caseys #4519,US-62,Altus,OK,483,3.00566666,34.637716484553,-99.393821973071
64244,CHOCTAW NATION DURANT WEST #632,US-69/US-75,Calera,OK,253,3.089,34.0088,-96.3908
64256,CHEROKEE TRAVEL PLAZA,"I-40, EXIT 325",Roland,OK,645,3.799,35.406629,-94.529705
64261,Phillips 66,US-75/SR-56,Okmulgee                                ,OK,560,2.989,35.623340231773,-96.157517143975
64264,CASEYS #4594,US-81 & US-70,Waurika,OK,253,3.07733333,34.158294002599,-97.981985014855
64265,ASAP GENERAL STORE #101,"I-40, EXIT 84 & US-54",Weatherford,OK,483,3.13233333,35.539764,-98.659643
64270,PENN JERSEY DIESEL & TRAILER,"I-95, EXIT 37",Bensalem,PA,160,4.199,40.075731,-74.933407
64274,RUTTERS #53,"I-83, EXIT 32 & SR-382",Etters,PA,70,3.999,40.131312008077,-76.797377018629
64275,7-ELEVEN #40279,I-276 & US-202 (KING OF PRUSSIA SERVICE PLAZA WB),King Of Prussia,PA,160,3.884,40.090225595092,-75.376392135106
64282,ONVO TRAVEL PLAZA - HICKORY RUN,"I-80, EXIT 274",White Haven,PA,200,3.58566666,41.062323,-75.749175
64285,PILOT #4566,"I-85, EXIT 106",Blacksburg,SC,46,3.429,35.161558520622,-81.455360077308
64287,CIRCLE K #2703099,"I-20, EXIT 33",Batesburg,SC,135,3.08566666,33.753944558327,-81.525800602791
64288,PILOT #4581,"I-20, EXIT 116",Bishopville,SC,135,3.43233333,34.195445949112,-80.281641557152
64294,HOT SPOT #6004,"I-26, EXIT 28",Enoree,SC,210,3.099,34.69882,-81.939007
64298,CORNER MART #354,"I-26, EXIT 72",Newberry                                ,SC,30,3.299,34.330593789801,-81.607092533118
64299,CIRCLE K #2720881,US-17 & SR-165,Ravenel,SC,42,3.439,32.776409398195,-80.247775474679
64300,CIRCLE K #2723416,"I-26, EXIT 28",Roebuck,SC,210,3.08233333,34.839551524292,-81.971529437729
64301,HILLVIEW TRUCK STOP,"I-20, EXIT 39",Leesville                               ,SC,135,3.059,33.816171,-81.449362
64307,CIRCLE K #2723876,US-17 & SR-64,Round O,SC,42,3.37233333,32.774070092837,-80.460893996275
64309,CIRCLE K #2723272,"I-26, EXIT 119",West Columbia,SC,135,3.54566666,33.882585297679,-81.037342213279
64310,Palmetto Roads #308,"I-95, EXIT 77                 ",Saint George                            ,SC,42,3.009,33.195219,-80.605259
64313,CUBBYS #403,"I-29, EXIT 79",Sioux Falls                             ,SD,530,3.06566666,43.548510345401,-96.780747810571
64314,JAKES CORNER,US-81 & SR-34,Winfred                                 ,SD,530,3.049,44.008070008833,-97.349348970386
64336,LOVES TRAVEL STOP #345,I-90/I-94 EXIT 48 ,Tomah,WI,450,3.309,43.963012814002,-90.380409233987
64337,GRAVES TRUCK STOP,"I-20, EXIT 59",Carthage,TX,618,2.999,32.183239,-94.339213
64343,Allsup's Marketplace #2411,US-67,Hawley,TX,575,2.889,32.611894,-99.814346
64347,PILOT TRAVEL CENTERS #256,"US-58 & US-29, SE QUAD",Danville,VA,65,4.009,36.584144312229,-79.358957707583
64350,STRIPES #40811,"I-37, EXIT 55",George West,TX,625,3.01566666,28.339306,-98.02599
64352,CHEVRON #383461,"I-10, EXIT 259",Fort Stockton,TX,710,3.029,30.906762370091,-102.8880319907
64355,CEFCO #34,US-281 & SR-38,Hamilton,TX,765,3.029,28.47596556049,-98.178348552162
64360,CIRCLE K #2706983,"I-37, EXIT 36 & SR-359",Mathis,TX,625,3.019,28.089314456102,-97.82143610072
64374,CEFCO #2001,US-287 & FM-369,Iowa Park,TX,770,2.864,33.9460011097,-98.603119028864
64382,KOSSE COUNTRY STORE,SR-7 & SR-14,Kosse                                   ,TX,765,3.11566666,31.307752901366,-96.632182438221
64390,TXB #71 DBA KWIK CHEK FOOD STORES,"I-20, EXIT 136",Midland                                 ,TX,710,3.079,31.9689847,-102.0883152
64393,TEX-BEST #505,"I-35, EXIT 183",New Braunfels,TX,740,2.80566666,29.661813130779,-98.172489512879
64399,LOVES TRAVEL STOP #247,US-287 & SR-256,Memphis,TX,585,3.789,34.72423749665,-100.528007166149
64406,Main Street Market,SR-84 & FM-73,Prairie Hill,TX,765,2.899,31.648903,-96.799821
64407,CIRCLE K #2741527,US-281,Premont,TX,625,2.999,27.367629,-98.112793
64408,QUIKTRIP #4058,"I-37, EXIT 125 & SR-1604",San Antonio,TX,740,2.96566666,29.214694078984,-98.497170641636
64409,LONE STAR TRAVEL CENTER,"I-35, EXIT 147",San Antonio                             ,TX,740,3.059,29.336117,-98.566752
64420,Valero,US-59 & AT ST-87,Timpson                                 ,TX,766,3.059,31.90594,-94.399049
64421,TXB #17 DBA KWIK CHEK FOOD STORES,SR-121,Trenton,TX,630,3.299,33.439747800834,-96.321914406554
64422,Chevron,"I-10, EXIT 858",Vidor,TX,610,2.749,30.104695356145,-94.056906470027
64423,PILOT #568,"I-35, EXIT 140",Von Ormy,TX,740,3.21066666,29.277234837386,-98.671020939354
64430,GOLDEN SPIKE TRAVEL PLAZA,"I-15, EXIT 382",Tremonton,UT,835,3.599,41.711512,-112.201911
64431,RJS  FUEL STOP,"I-15, EXIT 40",Tremonton,UT,835,3.459,41.711966349819,-112.209153299841
64435,SPEEDWAY #4632,US-360/US-58 & SR-1224,Danville,VA,65,4.059,36.580955899125,-79.328069179006
64436,MS 58 PLAZA,"I-95, EXIT 11",Emporia                                 ,VA,180,3.18233333,36.712725,-77.572126
64438,PILOT TRAVEL CENTER #4622,US-58,South Boston,VA,65,4.009,36.675249,-78.926963
64441,MILLER MART #55,US-460 & US-58/US-13,Suffolk,VA,130,3.09233333,36.767202898286,-76.603675762473
64442,PILOT TRUCK STOP #583,"I-5, EXIT 262",Ferndale,WA,850,4.559,48.848545091476,-122.57786040577
64445,KWIK TRIP #413,SR-93 & SR-95,Arcadia,WI,295,3.31566666,44.25054711022,-91.473822515213
64446,SPEEDWAY #4293,"I-90 & I-43, EXIT 185A",Beloit,WI,448,3.799,42.51745418297,-88.975485716469
64447,KWIK TRIP #621,"SR-29/SR-55, EXIT 234 & SR-47/SR-117",Bonduel,WI,582,3.45733333,44.740011285206,-88.446280626161
64451,ROYAL FARMS #79,ST 13,New Church                              ,VA,194,3.339,38.000642,-75.540874
64455,SPEEDWAY #4648,SR-254,Waynesboro,VA,180,3.959,38.136078683092,-78.913974728403
64463,KWIK TRIP #202,"I-39/US-51, EXIT 151 & SR-54",Plover,WI,395,3.26566666,44.431563256975,-89.519681073502
64474,SIGNAL FOOD STORE #108,US-60,Mountain View,MO,535,3.03233333,37.000475,-91.704771
64477,PILOT #1063,"I-40, EXIT 81",Marion,NC,210,3.759,35.646402507856,-82.032390284367
64478,PILOT TRAVEL CENTERS #141,"I-80, EXIT 6",Evanston,WY,835,3.699,41.2690876,-110.9422046
64479,YESWAY #1148,"US-30, EXIT 186",Marshalltown,IA,320,3.24566666,42.00480818638,-92.876464581638
64480,TA Garden City,US-83 & US-400,Garden City,KS,525,3.73066666,37.051835241779,-94.721637759065
64481,LOVES TRAVEL STOP #282,"I-44, EXIT 4 & SR-43",Joplin,MO,277,3.39733333,37.090679376299,-94.513278126343
64482,LOVES TRAVEL STOP #208,"I-55, EXIT 119 & SR-22",Canton,MS,655,3.489,32.612335068459,-90.035275029966
64484,LOVES TRAVEL STOP #206,"I-10, EXIT 44 & SR-59",Loxley,AL,715,3.339,30.653463968791,-87.760691461665
64485,PILOT TRAVEL CENTERS #433,"I-20, EXIT 470",Dallas,TX,630,3.18233333,32.641609,-96.780518
64486,GREENWAY STORE #614,"I-85/SR-403, EXIT 61 & SR-74",Fairburn                                ,GA,18,3.199,33.558837929696,-84.593201567739
64487,PILOT TRAVEL CENTERS #165,"I-57 & I-70, EXIT 162",Effingham                               ,IL,510,3.499,39.100056788465,-88.575050182908
64488,PILOT TRAVEL CENTERS #274,"I-10, EXIT 109",Breaux Bridge                           ,LA,600,3.14233333,30.2941365,-91.9128699
64490,QUICK FUEL #2201,"I-85, EXIT 36",Atlanta,GA,18,3.35233333,33.853673018416,-84.246694031379
64491,QUICK FUEL #1803,I-80/I-294 & SR-1,South Holland,IL,290,3.889,41.578350989883,-87.636448018084
64492,QUICK FUEL #2103,"I-70, EXIT 89",Indianapolis,IN,375,3.309,39.80117312473,-86.050795333679
64493,QUICK FUEL #2801,"I-435, EXIT 1-A AT MILE 1",Lenexa,KS,400,3.369,38.942467270025,-94.754049892079
64494,QUICK FUEL #1704,I-75 EXIT 42 AT MILE 42,Lincoln Park,MI,325,3.619,42.263044827146,-83.175422486395
64495,QUICK FUEL #1702,"I-96, EXIT 173",Livonia,MI,325,3.799,42.381339200061,-83.418205072391
64496,QUICK FUEL #1703,"I-94, EXIT 199-A",Romulus,MI,325,3.569,42.244231643602,-83.323493692611
64498,QUICK FUEL #1705,SR-53,Warren,MI,325,3.789,42.528628,-83.036923
64499,QUICK FUEL #2401,"I-71, EXIT 234",Bridgeton,MO,540,3.094,38.745026384946,-90.411354673146
64500,QUICK FUEL #2402,"I-435, EXIT 57",Kansas City,MO,400,3.29233333,39.133189511437,-94.499321168887
64501,QUICK FUEL #2602,"I-85, EXIT 40",Charlotte,NC,46,3.39566666,35.276672563943,-80.80915653092
64502,QUICK FUEL #2305,"I-270, EXIT 10",Columbus,OH,315,3.63066666,39.999904998564,-83.117865851222
64503,QUICK FUEL #2304,"I-75, EXIT 210",Toledo,OH,550,3.60066666,41.723289966745,-83.5001489094
64508,QUICK FUEL #1150,US-51 & SR-30,Madison,WI,420,3.57566666,43.106372986504,-89.316318961473
64509,QUICK FUEL #1002,"I-94, EXIT 319",Milwaukee,WI,444,3.74066666,42.926504065005,-87.935081818883
64511,QUICK FUEL #1010,SR-100,Milwaukee,WI,444,3.779,42.935421,-87.925964
64512,QUICK FUEL #1001,"I-94, EXIT 301",New Berlin,WI,444,3.499,42.994602,-88.122236
64514,PILOT TRAVEL CENTERS #435,"I-10, EXIT 0",Anthony                                 ,TX,640,3.459,31.99534,-106.586395
64517,KWIK TRIP #696,"I-94, EXIT 19 & US-63",Baldwin,WI,451,3.574,44.864820298026,-92.374803580037
64519,BLUE RIDGE TRAVEL PLAZA,"I-81 SOUTHBOUND, EXIT 155",Mountain Top,PA,200,3.649,41.079356,-75.968628
64520,LOVES TRAVEL STOP #222,"I-70/US-35, EXIT 149B & US/35/SR-38",Richmond,IN,375,3.949,39.86768028227,-84.923728539107
64521,CHOCTAW TRAVEL PLAZA #635,US-259/SR-3,Broken Bow,OK,560,2.999,34.030827873762,-94.753542197497
64523,SKY CITY TRAVEL CENTER,"I-40, EXIT 102 NORTH",Pueblo Of Acoma,NM,580,3.28066666,35.076461,-107.557019
64524,FLYING J TRAVEL PLAZA #790,"ST 401, EXIT 579",Napanee                                 ,ON,720,4.62102914,44.266786,-76.968756
64525,PILOT TRAVEL CENTERS #3,"I-80, EXIT 223",Youngstown,OH,573,3.45233333,41.128699,-80.769393
64526,PILOT TRAVEL CENTERS #53,"I-40, EXIT 143",Hurricane Mills,TN,460,3.17566666,35.8824159,-87.8013188
64527,PILOT TRAVEL CENTERS #50,"I-71, EXIT 28",Pendleton,KY,415,3.759,38.4577391,-85.2990909
64528,Raceway #7007,SR-74 & SR-180,Shelby                                  ,NC,46,3.249,35.283744092227,-81.491681410872
64529,PILOT TRAVEL CENTERS #436,"I-40, EXIT 75",Amarillo,TX,585,3.26566666,35.195922,-101.737487
64530,PILOT TRAVEL CENTER #420,"I-20, EXIT 114",Madison,GA,16,3.859,33.560755,-83.4781318
64532,PILOT TRAVEL CENTER #4560,"I-75, EXIT 201",Jackson,GA,67,3.39566666,34.1194182,-83.7620147
64533,SHELL,US-287/US-81 & CR-718,Haslet,TX,637,2.89066666,32.967887983177,-97.41817101716
64534,CIRCLE K #4707045,"I-95, EXIT 32",Biddeford,ME,170,3.95733333,43.482127538509,-70.498987276998
64535,FLYING J TRAVEL PLAZA #628,"I-85, EXIT 160",Carnesville,GA,16,3.20566666,34.3469144,-83.3219121
64536,FLYING J TRAVEL PLAZA #640,"I-84, EXIT 173",Jerome,ID,785,3.90233333,42.649468,-114.442836
64537,FLYING J TRAVEL PLAZA #739,"I-35, EXIT 330B",Waco,TX,765,3.22066666,31.507287,-97.145928
64538,PILOT TRAVEL CENTERS #445,"I-94, EXIT 22 & US-20",Chesterton,IN,365,3.799,41.604698,-87.114726
64545,HOBO PANTRY #24,US-231 & SR-10,Brundidge                               ,AL,720,3.599,31.731695985297,-85.837844985462
64546,GRUB MART #13,"I-59, EXIT 205 & US-411/SR-25/SR-68",Centre,AL,587,3.349,34.158794936111,-85.669929087602
64554,FACKLER TEXACO TRUCK STOP,US-72 & CR-42,Fackler,AL,615,3.199,34.775516,-85.893544
64558,MR FUEL #1203,"I-20, EXIT 129",Meridian,MS,705,2.81233333,32.344466272518,-88.797733686046
64569,LOVES TRAVEL STOP #624,"I-65, EXIT 8B",Mobile,AL,715,3.20566666,30.742024,-88.110656
64571,PETRO STOPPING CENTER #331,"I-15, EXIT 54",Las Vegas,NV,910,3.734,36.280165795746,-115.031934117632
64572,CIRCLE K #2723730,US-43/SR-13/SR-69,Northport,AL,615,3.399,33.283718392914,-87.570663029558
64578,MARATHON,US-431/SR-1,Phenix City,AL,50,3.249,32.385191810483,-85.08055561704
64581,SNEAD SHELL,US-278 & SR-75,Altoona                                 ,AL,587,3.109,34.119704684298,-86.395228638498
64592,LOVES TRAVEL STOP #368,"I-65, EXIT 208 & CR-28",Clanton,AL,720,3.33733333,32.843571995778,-86.597219219709
64595,PILOT TRAVEL CENTER #425,"I-10, EXIT 192",Midway,FL,20,3.799,30.4853121,-84.4214149
64599,PONY EXPRESS TRAVEL PLAZA #6,"US-167/US-67, EXIT16 & SR-5",Cabot,AR,695,3.499,34.95142,-92.067031
64600,Caseys #4552,"I-40, EXIT 57",Clarksville,AR,645,3.244,35.45883770472,-93.485360369401
64610,KINGS RIVER COUNTRY STORE,US-412,Huntsville,AR,735,3.26566666,36.138975,-93.584103
64617,SHELL,"I-55, EXIT 48",Osceola,AR,435,2.999,35.700327654152,-90.049202642548
64647,HOOKS,I-16 EXIT 16,East Dublin,GA,85,3.399,32.549536,-82.878401
64648,QUICK FUEL #2203,"I-20, EXIT 14",Atlanta,GA,18,3.319,33.624527,-84.408192
64651,QUICK FUEL #2101,I-465,Indianapolis,IN,375,3.869,39.734424,-86.256233
64654,Fast Stop,"I-10, EXIT 177",Saint Gabriel                           ,LA,600,3.699,30.2587682,-91.0879792
64655,ONE9 #7937,"I-85/I-40, EXIT 132",Mc Leansville,NC,65,3.399,36.0588066388,-79.673851209746
64656,QUICK FUEL #2601,SR-27,Charlotte,NC,46,3.51233333,35.277728,-80.81418
64660,QUICK FUEL #1005,SR-59 & SR-164,Waukesha,WI,444,3.623,42.977257018433,-88.227662960173
64662,QUICK FUEL #1011,"I-94, EXIT 100",Milwaukee,WI,444,3.52066666,42.935421,-87.925964
64664,CIRCLE K #4701424,"I-74, EXIT 102",Morton,IL,280,3.599,40.622040574825,-89.460351434354
64671,FLYING J TRAVEL PLAZA #756,"I-94, EXIT 116 & CR-A",Black River Falls,WI,450,3.38233333,44.305708722479,-90.847396439611
64672,FLYING J TRAVEL PLAZA #655,"I-70, EXIT 123 & SR-3",Spiceland,IN,375,3.959,39.853684367623,-85.412174587323
64673,WESTVILLE TRUCKSTOP,US-6/US-421,Westville                               ,IN,365,3.58566666,41.541569196893,-86.897251481365
64674,ZANCO SHELL,"I-395, EXIT 87",Plainfield                              ,CT,175,4.399,41.67731,-71.918131
64675,Petro Mart #45,"I-70/US-40, EXIT 148 & US-54",Kingdom City,MO,392,2.939,39.054289757704,-91.894122310075
64676,PILOT TRAVEL CENTERS #460,"I-40, EXIT 140",Oklahoma City,OK,483,3.309,35.4619231,-97.6883289
64677,MOUNT VERNON FUEL CENTER,"I-75, EXIT 59 & US-25",Mount Vernon,KY,410,2.999,37.341565409365,-84.307299393803
64678,AINSWORTH FOUR CORNERS,US-218/SR-27 & SR-92,Ainsworth,IA,380,3.109,41.291373107252,-91.53359269329
64679,PILOT TRAVEL CENTERS #118,I-30 EXIT 121,Benton,AR,695,3.199,34.6083532,-92.5336671
64681,PILOT TRAVEL CENTERS #458,"I-10, EXIT 208",Eloy,AZ,930,3.479,32.7385212,-111.5494947
64682,FLYING J TRAVEL PLAZA #705,"I-40, EXIT 20 & US-283",Sayre,OK,483,3.18233333,35.291321627554,-99.639883730998
64683,QUIKTRIP #777,"I-20, EXIT 49",Atlanta,GA,18,2.97233333,33.765368219274,-84.522276288122
64684,MR FUEL #721,"I-465, EXIT 4 & SR 37",Indianapolis,IN,375,3.319,39.697490329369,-86.181726423461
64687,PILOT TRAVEL CENTER #421,"I-75, EXIT 326",Dalton,GA,285,3.28566666,34.6875726,-85.0001022
64689,FLYING J TRAVEL PLAZA #789,HWY 401,London,ON,200,4.46211176,42.9336,-81.175
64702,FLYING J TRAVEL PLAZA #846,HWY 9 & HWY 36,Hanna                                   ,AB,80,4.953094,51.619947017925,-111.847669972036
64706,CIRCLE K #2721571,"I-65, EXIT 69",Brewton,AL,715,3.399,31.206462220686,-87.308675613841
64712,SUNSTOP #650,US-431 & SR-210,Dothan,AL,20,3.41233333,31.21842649822,-85.360819811635
64713,GOOD TO GO,"I-65, EXIT 200",Enterprise                              ,AL,20,3.599,31.327957,-85.846356
64715,CIRCLE K #2709067,US-31/SR-6,Prattville,AL,720,3.499,32.438275557194,-86.472828000951
64718,CUZZS,US-43/SR-13,Thomasville,AL,720,3.53233333,31.990828148505,-87.75874699893
64719,CIRCLE K #2706697,"I-85, EXIT 77",Valley,AL,720,3.399,32.819347598431,-85.215085423928
64721,FLASH MARKET #17049,"I-40/US-63, EXIT 216 & US-49/SR-17",Brinkley,AR,695,3.179,34.911176452838,-91.195979398301
64723,CASHS #4470,US-65,Dumas,AR,655,3.209,33.868528298972,-91.480615461003
64724,TOBOS TRAVEL CENTER,"I-540, EXIT 58",Fayetteville                            ,AR,735,3.349,35.999212329862,-94.19661349173
64755,PILOT TRAVEL CENTERS #44,"I-70, EXIT 101",Boonville,MO,310,3.519,38.9400462,-92.7745996
64764,CORNER MARKET #62,SR-13/SR-789 & SR-64,Meeker,CO,800,3.729,40.021936008717,-107.958495983835
64765,CENEX,"I-76, EXIT 125",Sterling,CO,800,3.41566666,40.618890457428,-103.172915837869
64773,Sun Gas,US-301,Middletown,DE,243,2.999,39.484435370137,-75.72159205242
64775,SHORE STOP #287,US-13,New Castle,DE,243,3.309,39.621322,-75.642181
64777,4 POINTS MARKET,US-441/SR-7 & SR-804,Boynton Beach,FL,95,3.229,26.527746807098,-80.205316692686
64778,SUNSTOP #347,US-27,Branford,FL,75,3.699,29.955218,-82.927533
64779,SPEEDWAY #6530,US-50,Brooksville,FL,225,3.38233333,28.52276,-82.30367
64789,KROME EXXON,SR-997 & SR-994,Miami,FL,95,3.399,25.579693208253,-80.478141019343
64793,CIRCLE K #2721297,US-301,Middleburg,FL,75,3.399,30.063569,-81.908597
64795,QUICK FUEL #5101,"I-4, EXIT 79",Orlando,FL,140,3.36233333,28.505611142824,-81.422168508023
64798,RIVIERA TRUCKSTOP,SR-710,West Palm Beach,FL,95,3.779,26.770728,-80.087258
64803,MARATHON,"I-4, EXIT 3",Tampa,FL,225,3.42233333,27.963931098564,-82.546333592639
64804,SPEEDLANE,US-301 &SR-574,Tampa,FL,225,3.449,27.981593730996,-82.462850377444
64811,SUNSTOP #819,US-19,Americus,GA,15,3.699,32.136811983998,-84.265538836237
64815,BUENA VISTA GAS N GO,SR-26 & SR-41,Buena Vista,GA,10,3.299,32.317894484064,-84.518203178662
64819,CIRCLE K #4174,"I-285/SR-407, EXIT 53 & US-23/SR-42",Conley,GA,18,3.999,33.666193279411,-84.343658481516
64820,Mr Pips,US-84/SR-38,Donalsonville,GA,20,3.199,31.040510119738,-84.881971030453
64825,EXIT 10 AUTO AND TRUCK STOP,"I-185/SR-411, EXIT 19 & SR-315",Fortson                                 ,GA,50,3.399,32.66211613703,-84.982094192816
64831,CIRCLE K #2745072,US-341,Lumber City,GA,195,3.529,31.92917,-82.679621
64833,QWICKSERV,US-319 BUS & SR-133/SR-35/SR-33,Moultrie,GA,20,3.599,31.180614852896,-83.789146162471
64834,SUSIE Q #90,US-319 & SR-33,Moultrie,GA,10,3.799,31.183344503484,-83.789080029255
64840,BP,US-278/SR-6 & SR-101,Rockmart,GA,18,3.599,34.010823007678,-85.044201968724
64842,Circle K #2745128,US-301 & US-25,Statesboro,GA,195,3.199,32.442048491185,-81.784592308935
64843,A TO Z TRUCKSTOP,US-301/US-25/SR-73,Statesboro,GA,195,3.599,32.44983666847,-81.783405395185
64850,SHAKE RAG EXPRESS,US-1 & US-78,Wadley,GA,135,3.41566666,33.439372006543,-82.023782991815
64856,KUM & GO #1056,"I-35, EXIT 56",Bevington,IA,320,3.099,41.367382097599,-93.780777443931
64857,CHARITON FOOD SHOP,US-34,Chariton,IA,320,3.369,41.013675,-93.308197
64859,QUICK FUEL #2901,"I-35/I-80, EXIT 136",Des Moines,IA,320,3.13733333,41.649304737003,-93.606306903547
64860,BP TRUCK PLAZA,US-61/US-151,Dubuque                                 ,IA,335,3.489,42.405969085365,-90.744563616253
64862,218 FUEL EXPRESS,US-218 & US-18,Floyd,IA,433,3.489,43.120942997337,-92.73889301938
64863,FT MADISON FAST BREAK,US-61,Fort Madison,IA,345,3.399,40.623404,-91.377233
64868,MEDIAPOLIS FAST BREAK,US-61,Mediapolis,IA,345,3.349,41.007494,-91.17064
64871,STEWART ROAD FAST BREAK,CR-X61,Muscatine                               ,IA,270,3.299,41.391168,-91.073411
64873,CUBBYS #2301,"I-29, EXIT 112",Onawa,IA,319,3.149,42.029487924495,-96.135392351751
64874,OSCEOLA TRAVEL PLAZA,"I-25, EXIT 33 & US-34",Osceola,IA,320,3.31233333,41.026424265844,-93.79456147364
64875,CASEYS #2598,"SR-163, EXIT 42",Pella,IA,320,3.199,41.3896795,-92.9063571
64876,PILOT TRAVEL CENTER #238,"I-29, EXIT 10",Percival,IA,319,3.799,40.690215,-95.792181
64877,CASEYS #3900,"US-218, EXIT 80 & SR-22",Riverside,IA,380,3.17066666,41.4793887512,-91.582476702977
64880,CASEYS #2487,US-71/SR-9,Spirit Lake,IA,440,3.38233333,43.430607284964,-94.940877961732
64881,SPARKYS ONE STOP #16,US-71 & SR-3,Storm Lake                              ,IA,527,3.23233333,42.74879919493,-95.151188408561
64883,KUM & GO #1046,"I-80, EXIT 46 & CR-M47",Walnut,IA,486,3.109,41.49870011094,-95.222152031596
64884,SAPP BROS TRAVEL CENTER,US-61 & SR-78,Sioux City,IA,527,3.649,41.087799016893,-91.183369705073
64886,WEVER JUNCTION,US-61 & CR-X50,Wever,IA,345,3.399,40.717454012817,-91.227630009515
64887,COUNCIL FOOD AND FUEL,US-95,Council,ID,785,3.589,44.737117008649,-116.432921959289
64888,NOMNOM #21,US-95 & SR-13,Grangeville,ID,970,3.90733333,45.925723451686,-116.119407493316
64892,JACKSONS FOOD STORE #3,US-95,Wilder,ID,785,3.579,43.6740033,-116.9115733
64894,CIRCLE K #4701251,"I-55, EXIT 160B & SR-9",Bloomington,IL,280,3.499,40.488227859214,-88.992872663558
64902,DOWNS TRAVEL MART,"I-74, EXIT 142",Downs,IL,368,3.499,40.392666,-88.87208
64907,FREEDOM OIL #77,"I-74, EXIT 112 & SR-117",Goodfield                               ,IL,368,3.659,40.628597917762,-89.275020653215
64913,Circle K #4701331,US-136 & US-67,Macomb,IL,345,3.499,40.455851881046,-90.617758962613
64914,Martinsville Food and Fuel,"I-70, EXIT 136",Martinsville,IL,510,3.489,39.360430258087,-87.877127968308
64920,KWIK STAR #1530,"I-88/SR-110, EXIT 76 & SR-251",Rochelle,IL,520,3.499,41.898891710163,-89.068512520319
64928,SPEEDWAY #1432,"I-294, EXIT 22",Willow Springs,IL,293,3.859,41.755061842229,-87.873160741526
64929,KARTAR TRUCK STOP,"I-74, EXIT 32 & SR-17",Woodhull,IL,270,3.599,41.180679671635,-90.334803680583
64930,THORNDALE SHELL,"I-290, EXIT 5",Wood Dale,IL,290,3.459,41.966955,-87.978803
64933,MCCLURE OIL #66,US-33/US-27,Decatur,IN,370,3.699,40.827984704548,-84.937762937034
64938,FAMILY EXPRESS #41 (DISCOUNT AVAILABLE),US-52,Lafayette,IN,375,3.43233333,40.462097,-86.840543
64939,FAMILY EXPRESS #27 (DISCOUNT AVAILABLE),US-421,Medaryville,IN,365,3.649,41.08302,-86.891538
64946,MORNING STAR AUTO TRUCK PLAZA,"I-69, EXIT 334 & US-6",Waterloo                                ,IN,370,3.699,41.439500846405,-85.052717425591
64949,PETES #36,US- 54 & US-169,Iola,KS,400,3.20566666,37.922122999058,-95.379651009748
64950,CASEYS #2957,US-73 & US-36,Hiawatha,KS,400,3.15066666,39.840785018094,-95.527083992738
64952,AMPRIDE,US-160,Johnson                                 ,KS,525,3.399,37.539356903454,-101.83431653477
64961,SAC AND FOX TRUCK STOP,US-75,Powhattan,KS,553,2.984,39.703221,-95.729696
64963,FLINT HILLS ONE STOP,US-50,Strong City,KS,553,2.919,38.400637,-96.533774
64964,U PUMP IT,US-83 & US-56,Sublette                                ,KS,525,3.679,37.474822987558,-100.870940965075
64969,ALLSTAR FOOD MART,SR-55,Campbellsville                          ,KY,415,3.159,37.320358,-85.35667
64980,DOUBLE KWIK MARKET #1044,SR-15/SR-7/SR-160,Isom                                    ,KY,255,3.749,37.19453608139,-82.91135069719
64982,FAS MART #5260,SR-9 & US-68/US-62/SR-10,Maysville,KY,312,3.364,38.642741492317,-83.829105796213
64984,DOUBLE KWIK MARKET #1062,"I-75, EXIT 104",Nicholasville,KY,410,3.499,37.928925,-84.550529
64990,LAKE COUNTRY OUTDOORS,SR-127,Russell Springs,KY,410,3.199,37.029614,-85.07732
64994,E Z STOP,SR-555 & SR-9002,Willisburg,KY,410,3.379,37.832466139963,-85.167749987773
64996,AVONDALE TRUCK STOP,SR-90,Westwego                                ,LA,725,3.449,29.9119578,-90.2085186
64998,CM BAYOU VISTA,US-90,Morgan City,LA,725,3.399,29.684633207902,-91.09516903826
64999,I 220 TRAVEL PLAZA,"I-270, EXIT 17A & US-80/US-79",Bossier City,LA,766,2.99233333,32.54794658746,-93.632893736303
65000,SILVERS TRAVEL CENTER,"I-10, EXIT 109",Breaux Bridge                           ,LA,690,3.369,30.297752,-91.918157
65002,FOOD N FUN #11,US-90 & SR-92-1,Broussard,LA,600,3.30233333,30.098379096062,-91.941545536714
65005,USA TRAVEL CENTER,"I-20, EXIT 103/US-80",Calhoun                                 ,LA,719,3.21566666,32.515574143124,-92.4153983132
65006,GOLDMINE TRUCKSTOP,US-190,Eunice                                  ,LA,730,3.199,30.502796582604,-92.405104654945
65007,GOLDEN GROVE TRUCK PLAZA,SR-641 & SR-3125,Gramercy,LA,725,3.419,30.069296993347,-90.685437969251
65008,BIG WHEELS TRAVEL CENTER,"US-90, EXIT 204 & SR-316",Gray,LA,725,3.499,29.683480627455,-90.751283191107
65011,PLANTATION TRUCK PLAZA,SR-311 & SR-664,Houma,LA,725,3.11566666,29.591043996434,-90.742169036876
65017,Y NOT STOP MANSURA,SR-1,Mansura,LA,730,3.399,31.074622,-92.053535
65019,Hwy 31 Truck Stop,SR 31,Saint Martinville                       ,LA,730,3.329,30.223314170944,-91.872051948156
65021,OPELOUSAS 190 TRUCK STOP,US-190,Opelousas,LA,600,2.87066666,30.532093,-92.129475
65022,CM RACELAND,SR-1,Raceland,LA,725,3.299,29.7273,-90.5995
65023,SHOP RITE #85,"I-10, EXIT 87 AT MILE 87",Rayne,LA,600,3.149,30.252000302623,-92.271961134659
65025,ELSIE AUTO AND TRUCK PLAZA,SR-1,Shreveport                              ,LA,766,2.949,32.625505,-93.887863
65026,TA ST Rose #06480,US-61,Saint Rose,LA,725,3.22566666,38.68421,-89.55453
65027,STARKS TRUCK STOP,SR-12,Starks,LA,690,3.599,30.319054,-93.664928
65030,CASH MAGIC THIBODAUX,SR-1,Thibodaux,LA,725,3.399,29.773577,-90.815305
65033,PILOT TRAVEL CENTERS #457,"I-75, EXIT 135",Beaverdam,OH,411,3.33066666,40.8334812,-83.9647285
65036,WAVERLY TRUCKSTOP,"I-20, EXIT 157 & SR-577",Delhi,LA,719,2.964,32.433116609432,-91.416665269722
65037,CIRCLE K #2707783,"I-20, EXIT 114 & SR-617",West Monroe,LA,719,2.95733333,32.513819576253,-92.157566166978
65048,Irving,SR-2,Westminster,MA,34,3.749,42.545443,-71.911967
65059,ROYAL FARMS #111,"I-95, EXIT 57",Baltimore,MD,22,3.209,39.27310654394,-76.553740364757
65062,AC & T BIG POOL,"I-70, EXIT 12 & SR-56",Big Pool,MD,70,3.659,39.628747968823,-78.015765334351
65064,A C AND T SHARPSBURG PIKE,"I-70, EXIT 29A & SR-65",Hagerstown,MD,70,3.799,39.612517737973,-77.730859896561
65066,HURLOCK CITGO,SR-392 & SR-331,Hurlock                                 ,MD,194,3.259,38.629056191365,-75.860684502805
65067,SUNOCO,US-301,Newburg,MD,60,3.379,38.366292,-76.968122
65069,CIRCLE K #4707056,"I-95, EXIT 75",Auburn,ME,170,3.899,44.037200310223,-70.269202448965
65074,CIRCLE K #4707004,"I-95, EXIT 244 & SR-157",Medway,ME,170,3.50233333,45.605859319284,-68.521522940898
65075,CIRCLE K #4707017,"I-95, EXIT 48",Portland,ME,170,3.74233333,43.678373536948,-70.325725457065
65083,SUNOCO,"I-75, EXIT 34B",Riverview                               ,MI,325,3.639,42.174075067453,-83.243795419624
65084,BEACON & BRIDGE #19,US-131 & SR-115,Cadillac,MI,260,3.279,44.205227584674,-85.412061906146
65086,FRED MOORE BP,"I-94, EXIT 257",Casco                                   ,MI,325,4.099,42.810149007588,-82.632506193377
65088,Circle K #2746528,US-41/SR-28 & SR-95,Champion,MI,360,3.819,46.497259007998,-87.920063039251
65091,WYOMING FUEL PLAZA,"I-94, EXIT 210A",Dearborn,MI,325,3.599,42.328584433829,-83.158161479036
65092,BP,"I-94 & US-12, EXIT 210",Dearborn,MI,325,3.199,42.326537017863,-83.160879017394
65094,MARATHON,"I-75 & SR-32, EXIT 282",Gaylord                                 ,MI,287,3.799,45.027394385555,-84.68763329307
65108,PICKLEMANS ONE STOP-ZEPHYR,ST 28,Newberry,MI,360,3.699,46.350936,-85.509414
65113,NORTHWIND TRAVEL CENTER,"US-131, EXIT 153 & US-10",Reed City,MI,456,3.499,43.888558,-85.523868
65121,BP TRAVEL CENTER AND TRUCK PLAZA,"I-275, EXIT 20",Belleville,MI,325,4.199,42.2499463,-83.4446148
65127,PITSTOP MOBIL MART,"I-196, EXIT 72",Wyoming,MI,456,3.549,42.929935387685,-85.736022023064
65129,HOLIDAY STATIONSTORE #2746345,"I-94, EXIT 103/US-52 & SR-29",Alexandria,MN,250,3.499,45.889345411803,-95.376605255933
65132,PETES PLACE SOUTH,US-71 & US-2,Bemidji,MN,355,3.41566666,47.49144668574,-94.920787408445
65135,CIRCLE K #3819,SR-7,Clara City,MN,432,3.33233333,44.934439336125,-95.313328299482
65136,HOLIDAY STATIONSTORE #2746422,"I-35, EXIT 253B",Duluth,MN,334,3.499,46.756814,-92.144636
65141,KWIK TRIP #619,US-14 & ST-57,Kasson,MN,515,3.549,44.02042,-92.74686
65142,HOLIDAY STATIONSTORE #2746376,"I-35W, EXIT 36 & CR-23",Circle Pines,MN,448,3.549,45.157204,-93.16435
65153,7Fleet #46516,"I-75, EXIT 164",Waite Park,MN,250,3.459,45.5589402,-94.2240295
65162,Petro Mart #15,I-270 EXIT 33,Saint Louis                             ,MO,540,2.904,38.767157083102,-90.205588462024
65165,AMERIMART # 11,US-61,Jackson,MO,275,3.299,37.4387925,-89.6364244
65171,SIGNAL FOOD STORE #110,US-60 & SR-5,Mansfield,MO,535,3.02566666,37.115859392619,-92.576322570712
65177,KUM & GO #0497,US-60/SR-413 & CR-M,Republic,MO,535,3.079,37.115987974521,-93.474076309547
65178,WILD BILLS TRAVEL CENTER,US-65 & SR-14,Ridgedale                               ,MO,535,3.199,36.500894,-93.222643
65180,TREX MART #11,"I-29, EXIT 65 & US-59",Savannah,MO,400,2.999,39.968813979052,-94.974465032562
65188,GAS MART,"US-78, EXIT 14 & SR-309",Byhalia,MS,435,2.97233333,34.854163493973,-89.688864035848
65192,CIRCLE K #2723396,US-49,Collins,MS,620,3.879,31.622187,-89.541624
65194,CIRCLE K #2723401,US-98 BYP/SR-44 & SR-13,Columbia,MS,620,3.33233333,31.236467790434,-89.824511487887
65197,SINGH PETRO,US-11,Ellisville                              ,MS,620,3.059,31.34207009421,-89.283952313171
65198,CIRCLE K #2723437,US-49,Florence,MS,760,2.89566666,32.15525,-90.123594
65204,SHELL GAS MART,US-82,Mathiston,MS,576,3.36566666,33.540901,-89.133776
65212,Taters #2,US-98 & SR-29,New Augusta,MS,620,3.31566666,31.200513197668,-89.037806172407
65213,CIRCLE K #2723390,US-98,New Augusta,MS,620,3.199,31.201277,-89.041258
65214,NEWTON CROSSING,"I-20, EXIT 109 & SR-15",Newton,MS,705,3.249,32.341154160603,-89.137427187123
65216,STUCKEYS EXPRESS,US-43S,Pelahatchie                             ,MS,760,3.199,32.3131496,-89.7989654
65221,CEFCO #544,"I-55/US-51, EXIT 81",Terry,MS,760,2.899,32.131457961292,-90.286933412957
65223,SHELL EXPRESS MART,SR-7 & SR-315,Water Valley,MS,435,3.06566666,34.169241983522,-89.641185016204
65225,CIRCLE K #2723402,US-49,Wiggins,MS,620,3.509,30.827452,-89.135883
65234,COUNTRY MART,US-13/SR-11,Bethel,NC,205,3.00733333,35.854515943154,-77.350067782232
65241,CIRCLE K #2723474,US-70,Goldsboro,NC,205,3.54066666,35.411076,-78.035424
65246,DOBBS PLACE,"I-95, EXIT 17",Lumberton                               ,NC,245,3.159,34.622273,-79.055369
65250,CIRCLE K #2723473,US-70,Morehead City,NC,245,3.649,34.740352,-76.811598
65251,SPEEDWAY #8277,US-17 & SR-43,New Bern,NC,245,3.26566666,35.112668017444,-77.097183026884
65252,SPEEDWAY #6964,SR-125 & SR-11/SR-42,Oak City,NC,205,3.19733333,35.96528639829,-77.304523064431
65267,CIRCLE K #2720939,"I-795/US-264, EXIT 43A & US-301",Wilson,NC,205,3.049,35.646438386911,-78.010466458045
65268,SPEEDWAY #6931,"I-40, EXIT 195 & SR-109",Winston Salem,NC,65,3.609,36.097950901082,-80.228612961595
65270,INTERSTATE CENEX,"I-94, EXIT 1 & SR-16",Beach,ND,273,3.499,46.933015210988,-104.007687682289
65273,SIMONSON TRAVEL CENTER,"I-29, EXIT 141 & US-2",Grand Forks,ND,341,3.539,47.934013,-97.096916
65274,CENEX C STORE,US-2 & SR-3,Rugby                                   ,ND,452,3.399,48.354792519638,-99.998826319351
65282,HEBRON SINCLAIR,US-81,Hebron,NE,413,3.284,40.175537,-97.57491
65283,CUBBYS #2107,US-20/SR-15,Laurel,NE,470,3.139,42.430846844775,-97.096008883277
65284,Caseys #4526,"I-80, EXIT 237",Lexington,NE,330,3.05733333,40.741429581521,-99.737361699999
65287,AM ENERGY,"I-80, EXIT 248",Overton                                 ,NE,330,2.899,40.691959792681,-99.537314500889
65289,SHOEMAKERS SOUTH,US-77,Roca,NE,413,3.349,40.697926,-96.704438
65290,ESSENTIAL FUEL #3,ST 71,Scottsbluff,NE,475,3.599,41.870024,-103.669534
65292,CUBBYS #117,SR-2 & SR-50,Syracuse                                ,NE,319,3.319,40.671871379331,-96.17915079751
65293,TRAILS WEST SINCLAIR,US-34 & SR-25,Trenton,NE,475,3.499,40.18271838789,-101.01304699714
65294,PRIME STOP,ST 35                         ,Wayne                                   ,NE,470,3.244,42.236007,-96.999044
65296,CIRCLE K #4707214,"I-93, EXIT 12S & I-89 & SR-3A",Bow,NH,170,4.199,43.171795207621,-71.52707183339
65299,EPPING FUELING CENTER,SR-27 & SR-125,Epping,NH,125,4.029,43.036403205728,-71.069186735465
65308,SUNOCO,SR-17,East Rutherford                         ,NJ,115,3.19233333,40.828570249358,-74.093114372806
65310,Edison Fuel Stop,US-1,Edison,NJ,115,3.159,40.508255,-74.3901549
65314,Union 76,"I-55, EXIT 50A",Richwood,NJ,150,3.399,39.718612494646,-75.156744875726
65315,SUNOCO- RICHARD STOCKTON PLAZA #7009,NJ TURNPIKE MILE POST 58.7 ,Trenton,NJ,115,3.899,40.2205724,-74.7597087
65319,PHILLIPS 66,US-30,Clementon,NJ,150,3.199,39.812204234114,-74.984876348079
65320,PILOT #891,"I-80, EXIT 27B",Ledgewood,NJ,105,4.099,40.891008601052,-74.696018154422
65328,THIND TRAVEL PLAZA,SR-20,North Bergen                            ,NJ,115,3.259,40.767886,-74.044849
65329,UTE MOUNTAIN TRAVEL CENTER,US-160 & US-491,Towaoc                                  ,CO,810,3.45733333,37.089283017949,-108.732690973549
65332,BETTY ROSS TRUCK STOP /BP,US-130 & SR-73,Pennsauken,NJ,150,3.329,39.98364500235,-75.017891011675
65334,SUNOCO,US 22 WEST,Phillipsburg                            ,NJ,115,3.329,40.694848,-75.159709
65335,CONOCO,US-22,Phillipsburg,NJ,90,3.359,40.675341191613,-75.14034904426
65338,SWIFT FUEL STOP,"I-78, EXIT 13",Newark                                  ,NJ,115,3.879,40.752528715298,-74.191666615285
65339,US GAS & DIESEL,US-46,Ridgefield,NJ,115,3.229,40.843885927324,-74.006877447063
65343,ENRITE,"I-287, EXIT 4",South Plainfield,NJ,115,3.999,40.552246528159,-74.410874156424
65345,SOUTH BRUNSWICK VALERO,US-130,North Brunswick                         ,NJ,115,3.16566666,40.435264816915,-74.505695764512
65350,Phillips 66,"I-295, EXIT 1",Vineland                                ,NJ,150,3.359,39.502045,-74.991562
65351,RIGGINS TRUCK PLAZA,"I-55, EXIT 26",Vineland,NJ,150,3.269,39.422553773358,-75.022840610788
65353,SUNOCO- GROVER CLEVELAND TRAVEL PLAZA #7014,"NORTH NJ TNPK, EXIT 11",Woodbridge,NJ,115,3.899,40.553642,-74.28237
65359,ROAD RUNNER TRAVEL CENTER,"I-25, EXIT 156",Lemitar,NM,580,3.299,34.15688,-106.920599
65360,Roswell #60,US-285,Roswell                                 ,NM,593,3.36566666,33.3931306,-104.5227615
65361,BLACK MESA TRAVEL CENTER,"I-25, EXIT 252",Algodones,NM,580,3.269,35.428454,-106.387246
65365,CHEVRON #381125,US-95,Hawthorne,NV,966,4.079,38.534937,-118.629082
65373,CHAMPLAIN PETERBILT FUEL MART,"I-87, EXIT 43",Champlain,NY,39,3.799,44.995021,-73.45833
65377,PETROL 9 W,US-9W,Glenmont,NY,12,3.699,42.624761048899,-73.777165010085
65379,MIRABITO #74,"SR-79 N/I-88E, EXIT 6",Harpursville                            ,NY,12,4.659,42.186548918138,-75.639631281524
65381,NATIVE PRIDE,"I-90, EXIT 58 & US-20",Irving,NY,38,2.899,42.547789616185,-79.111720526338
65383,M AND M ALLEGANY JUNCTION,"I-86/SR-17, EXIT 23 & US-219/US-219 BUS",Limestone,NY,38,3.129,42.088932987344,-78.63027402136
65386,MIRABITO #73,"I-88, EXIT 12",Otego,NY,12,3.999,42.381080268035,-75.185929320154
65387,MAPLEFIELDS,SR-22 & SR-442,Peru,NY,235,3.799,44.576035018347,-73.524534010107
65392,CIRCLE K #4707622,"I-90, EXIT 41",Seneca Falls,NY,220,3.999,42.966737391288,-76.856067698809
65395,BELLSTORES #132,US-30 & SR-60,Ashland,OH,249,3.499,40.785508989722,-82.262895974453
65398,QUICK FUEL #2306,"I-480, EXIT 12",Brookpark,OH,305,3.669,41.420147562804,-81.791131030208
65400,NORTHSIDE FUEL STOP,US-30 & SR-19,Bucyrus,OH,411,3.50733333,40.826581991663,-82.982685958493
65406,MOBIL,"I-90/SR-2, EXIT 182B",Cleveland,OH,305,3.76566666,41.579178775512,-81.543601488674
65411,CLARKS PUMP N SHOP #10,SR- 32,Jackson,OH,315,3.699,39.030899,-82.636985
65415,SPEEDWAY #9314,US-20 & SR-21,Massillon,OH,249,3.48233333,40.719137629849,-81.522686389436
65423,BARNEYS CONVENIENCE MART #15,"I-75, EXIT 195 & I-90, EXIT 64 & SR-795",Rossford,OH,550,3.599,41.565245852133,-83.572684392986
65426,CIRCLE K #4705357,US-23 & SR-316,Ashville,OH,315,3.089,39.712964240686,-82.954743691895
65431,QUICK MART AND MORE,US-22 & SR-43,Steubenville,OH,573,3.639,40.391492988165,-80.72625197504
65441,HUTCH'S #103,SR-6 & SR-66,Elk City,OK,483,2.969,35.411669111537,-99.404924558199
65444,TXB #24 dba Kwik Chek Food Stores,US-70,Hugo,OK,253,2.969,34.030427024699,-95.738444747934
65445,QWIK CHEQUE,US-70 & SR-37,Idabel,OK,253,3.199,33.895687179545,-94.828198145893
65451,Petes #15,US-169 & SR-88,Oologah                                 ,OK,560,3.159,36.437889992463,-95.7091309669
65457,THACKERSVILLE TRAVEL PLAZA,"I-35, EXIT 1",Thackerville                            ,OK,253,2.93233333,33.739735,-97.161237
65463,FLYING J CARDLOCK #825,"HWY 403, EXIT 41",Brantford,ON,430,4.59452716,43.170252,-80.216108
65469,PETRO-CANADA,BURLINGTON & PARKDALE/WINDEMER,Hamilton                                ,ON,430,3.59147696,43.256759416897,-79.78346556415
65476,PETRO-CANADA,"HWY 401, EXIT 186",London                                  ,ON,200,3.31285191,42.932602,-81.195594
65484,FLYING J #865,HWY 1/HWY 401,Pickering,ON,720,4.45292033,43.838963016793,-79.070170968338
65490,PILOT TRAVEL CENTERS #422,"I-85, EXIT 41 & US-29",Newnan,GA,18,3.699,33.322459649445,-84.777240489971
65494,FLYING J TRAVEL PLAZA #633,"I-20, EXIT 138",Union Point,GA,135,3.859,39.9021188,-84.1923681
65496,FLYING J #463,HWY 402 EXIT 25,Wyoming,ON,620,4.45521463,42.987292,-82.116618
65513,GETGO #3602,"I-76, EXIT 146 & I-99, EXIT 1 & US-220",Bedford                                 ,PA,14,4.09233333,40.052872984695,-78.518089958708
65514,ONVO TRAVEL PLAZA,"I-78, EXIT 13 & SR- 501",Bethel,PA,70,3.34733333,40.478066,-76.295922
65518,KWIK FILL #239,ST 51,Crescent                                ,PA,165,3.799,40.563677,-80.227605
65521,RUTTERS #17,US-15 & SR-234,East Berlin,PA,70,4.294,39.9376058533,-76.97854395134
65522,TURKEY HILL #950324,US-322 & SR-23/SR-897,East Earl,PA,208,3.78566666,40.118363979328,-76.047991037391
65523,SAC SHOP #512,US-30,Everett                                 ,PA,14,4.099,40.026278,-78.447453
65524,SAC SHOP #514,I-76/I-70 & US-30,Everett                                 ,PA,14,4.099,39.999461486004,-78.238462963253
65525,SHELL,"I-95, EXIT 46A & US-1",Fairless Hills,PA,160,3.899,40.195330687888,-74.811347191182
65527,SUNOCO SERVICE STATION,"I-81, EXIT 5",Greencastle,PA,70,3.899,39.783934337327,-77.713689570765
65530,7-ELEVEN #40284,"I-76, EXIT 19/247",Hershey,PA,70,3.96733333,40.208228,-76.574515
65532,PILOT TRAVEL CENTERS #1,"I-80,  EXIT 173",Mill Hall,PA,14,4.01566666,41.034399,-77.516158
65533,LIBERTY EXXON,US-15 & SR-414,Liberty,PA,138,3.699,41.560421009343,-77.116443969829
65537,SHEETZ #048,US-22,Nanty Glo,PA,14,3.51733333,40.450218,-78.838033
65538,WELMART,"SR-28, EXIT 16",Natrona Heights                         ,PA,165,4.19233333,40.66580407094,-79.715959877584
65549,T&C MINI MART,SR-33 & SR-191,Stockertown,PA,90,3.699,40.755422986464,-75.268255022945
65552,A PLUS MINI MARKET,US-1 & SR-132,Feasterville Trevose                    ,PA,160,3.899,40.150444740703,-75.002161099231
65556,RUTTERS #60,US-30 & SR-116,York,PA,70,4.249,39.800680585928,-76.983125370054
65572,CIRCLE K #2705377,"I-20, EXIT 22 & US-1",Aiken,SC,135,3.129,33.667513779025,-81.673727260856
65573,SPEEDWAY/7fleet #4587,US-501,Aynor,SC,205,3.124,33.990183,-79.199228
65578,CIRCLE K #2723355,US-52,North Charleston,SC,42,3.399,32.8322248,-79.9529407
65587,HOT SPOT #2022,US-25/US-76,Honea Path,SC,30,2.909,34.447157687716,-82.393425843862
65588,SPEEDWAY #2836,US-17,Johns Island,SC,42,3.069,32.803257,-80.110452
65593,CIRCLE K #2723441,"I-82, EXIT 73 & SR-773",Prosperity,SC,210,3.11566666,34.215524350962,-81.482411996961
65594,PILOT #4567,I-77 EXIT 77,Rock Hill,SC,46,3.149,34.914048259465,-80.981404580331
65598,LEES QUICK STOP,US-52 & SR-45,Saint Stephen,SC,42,3.41566666,33.405209634248,-79.925612087683
65603,JET TRUCK PLAZA,"I-29, EXIT 47",Beresford                               ,SD,530,3.159,43.083233,-96.792744
65604,SHELL,"I-29, EXIT 132",Huron                                   ,SD,455,3.359,44.371895,-98.175326
65608,ZIP TRIP #81,"I-29, EXIT 62 & US-18",Lennox,SD,530,3.204,43.301421214501,-96.798243530466
65614,281 TRAVEL CENTER,US-281,Wolsey,SD,571,3.089,44.486617886125,-98.498875023849
65622,QUICK STOP #34,US-11/SR-1,Bristol                                 ,TN,405,3.299,36.57914140816,-82.311987729288
65624,Sudden Service #61,SR-149 & SR-46,Cumberland City,TN,460,3.564,36.383370992906,-87.632271986283
65625,Chevron,US-64,Fayetteville,TN,460,3.754,35.157417,-86.595168
65629,CASEYS GOODSTOP #4036,"I-40, EXIT 355",Kingston,TN,405,3.164,35.873676114205,-84.459002801762
65639,SPEEDWAY #7138,"I-24, EXIT 70 & SR-102",Smyrna,TN,460,3.049,35.93379274598,-86.530168490513
65641,ALLSUPS CONVENIENCE STORE #2331,I-20 & FM 600,Abilene,TX,575,2.87566666,32.490605317285,-99.723119707649
65652,CIRCLE K #2706343,"I-20, EXIT 428",Fort Worth,TX,630,2.969,32.695138227504,-97.482583964544
65659,ALLSUPS CONVENIENCE STORE #2169,US-287,Chillicothe,TX,770,2.89566666,34.256191,-99.509813
65666,FUEL CITY #2,"I-30, EXIT 45B/I-35E",Dallas,TX,630,2.96566666,32.770922583421,-96.813882485411
65667,ALLSUPS CONVENIENCE STORE #2103,US-287/US-81,Decatur,TX,630,2.899,33.225798,-97.591001
65671,SUPER STOP #22,SR-87 & SR-12,Orange,TX,610,3.439,30.274408701935,-93.783530198868
65673,PILOT #894,US-57 & US-277,Eagle Pass,TX,693,3.899,28.709103497075,-100.46499743148
65674,VALLEY MART #09,US-277,Eagle Pass,TX,740,3.199,28.7060416,-100.5004951
65678,ONE9 #1300,US-287 & SR-34,Ennis,TX,630,2.869,32.300579609489,-96.638994913846
65683,ALLSUPS CONVENIENCE STORE #2225,US-60,Friona,TX,585,2.999,34.638407,-102.735163
65686,CEFCO #2004,"I-35 , EXIT 499",Vernon,TX,770,2.86066666,34.161821,-99.298379
65690,CIRCLE G TRUCK STOP,US-183 & SR-97,Gonzales,TX,595,2.799,29.515966679702,-97.4607194161
65691,CIRCLE K #2704037,US-90/SR-97 & US-183,Gonzales,TX,595,2.904,29.496172419515,-97.452960441566
65721,Paradise RV & Truck Park,US-287/US-81,Alvord,TX,770,2.81566666,33.341379,-97.679409
65724,STRIPES 7FLEET #42427,US-385 & SR-191,Odessa,TX,710,3.289,31.883488623252,-102.380209717275
65728,RIVER MART,US-281/SR-241,Pharr,TX,639,3.349,26.095258038257,-98.206605233066
65738,CIRCLE K #2741499,SR-35 & FM-1069,Rockport,TX,625,2.80566666,28.029209318584,-97.082296589893
65755,CIRCLE K #2723373,US-11 & SR-622,Atkins,VA,185,3.349,36.864871181019,-81.435758788807
65759,XPRESS STOP,US-522 & SR-694,Cross Junction,VA,60,3.33233333,39.382241367745,-78.31378733104
65761,NEW DIXIE MART #15,US-58 & SR-671,Franklin,VA,180,3.099,36.665994602566,-76.958733013346
65762,7-ELEVEN #34516,"I-66, EXIT 6",Front Royal,VA,60,3.52566666,38.959841401555,-78.190406249873
65764,LEESBURG CITGO,US-15,Leesburg,VA,60,3.499,39.108,-77.550635
65765,FOSTERS CONVENIENCE STORE,US-29 & SR-685,Rustburg,VA,185,3.599,36.832988013901,-79.380633979747
65767,STATELINE FOOD MART #69,US-23,Pound,VA,44,3.599,37.157365843727,-82.618760234964
65770,JOLLEY #136,"I-89, EXIT 21",Alburgh                                 ,VT,39,3.539,44.9785611,-73.2990074
65771,CITGO,"I-91, EXIT 3 & US-5",Brattleboro,VT,12,3.67233333,42.897116576444,-72.55096497308
65789,BEAR CREEK CITGO,US-45 & SR-76/SR-22,Bear Creek,WI,360,3.439,44.531422506334,-88.747074496349
65791,EDGAR TRAVEL CENTER,SR-29 & CR-H,Edgar,WI,395,3.559,44.944243014298,-89.963971772214
65793,KWIK TRIP #921,SR-13 & SR-21,Friendship,WI,420,3.274,44.024848315876,-89.81056249226
65794,BP,"I-43, EXIT 180",Green Bay,WI,360,3.349,44.4628228,-87.9582629
65796,ADDISON STATION,"I-41/US-41, EXIT 68 & CR-K",Hartford,WI,444,3.149,43.369725584719,-88.299052057181
65800,BP,US-45,Kewaskum,WI,444,3.219,43.476318791008,-88.209806472751
65804,KWIK TRIP #628,US-45,Larsen,WI,582,3.43233333,44.199267,-88.680388
65805,HI WAY HOP BP,"I-42/US-41, EXIT 85 & SR-67",Lomira,WI,444,3.099,43.587079421953,-88.430929110903
65806,SHELL,US-41 & SR-67,Lomira,WI,444,3.389,43.587233300129,-88.430557906828
65809,KWIK TRIP #399,SR-21 & SR-80,Necedah,WI,395,3.249,44.026169513364,-90.073724915308
65810,HIGHWAY HARRY'S,I-90/I-94 EXIT 61 & SR-80,New Lisbon,WI,420,3.17233333,43.88248049602,-90.148300468059
65812,PLAINFIELD PLAZA,SR-73 & I-39,Plainfield,WI,395,3.29066666,44.213866979915,-89.524733978102
65813,KWIK TRIP #683,"I-39, EXIT 92 & US-51",Portage,WI,420,3.249,43.575106991257,-89.469871991067
65814,Kracheys BP Truck Stop,US-18 & SR-35,Prairie Du Chien,WI,420,3.574,43.01178140706,-91.071926937938
65817,TREGO TRAVEL CENTER,US-53 & CR-E,Trego,WI,545,3.58233333,45.896725904148,-91.828021794477
65818,KWIK TRIP #1048,"I-90, EXIT 12",West Salem,WI,515,3.31733333,43.891529394994,-91.077788203206
65820,KWIK TRIP #673,"I-90 & SR-19, EXIT 131",Windsor,WI,420,3.254,43.194585979541,-89.345034020648
65822,RSTORE #4499,US-45 & SR-29,Wittenberg,WI,395,3.15566666,44.823849212762,-89.123194212617
65824,CHANEYS SERVICE STATION,US-30 & SR-2,Chester                                 ,WV,165,3.799,40.615703994695,-80.558480471633
65828,PAR MAR FOOD STORE #52,US-50 & CR-50/16,West Union,WV,430,4.099,39.286461681727,-80.73319562745
65831,Hat Six Travel Center,"I-25/US-87, EXIT 182 & SR-253/SR-256",Evansville,WY,790,3.999,42.847631639494,-106.216842018967
65835,SOUTHSIDE TRAVEL CENTER,US-20/SR-789,Thermopolis,WY,790,3.799,43.651347201816,-108.204569590537
65836,PILOT TRAVEL CENTERS #434,"I-35W, EXIT 65",Fort Worth,TX,630,3.264,32.957702,-97.3075764
65837,PILOT TRAVEL CENTERS #455,"I-71, EXIT 140",Marengo                                 ,OH,315,3.719,40.370833,-82.829724
65842,AM PM TRAVEL CENTER,US-1/SR-4,Blythe,GA,135,3.599,33.297982161768,-82.255599902467
65847,ROAD RANGER #132,"I-57, EXIT 240",Champaign,IL,280,3.449,40.179306293437,-88.246585532285
65848,Mobil,I-475,Flint,MI,342,3.199,43.033149,-83.655728
65849,PS FOOD MART #1034,"I-94, EXIT 110 & US-27",Marshall,MI,431,3.549,42.292329,-84.963015
65857,PILOT TRAVEL CENTERS #199,"I-20, EXIT 33",Haughton,LA,745,3.14566666,32.5448753,-93.5156761
65858,SPEEDWAY #6661,"I-94, EXIT 40  & US-20 & US-35",La Porte,IN,465,3.599,41.69267289885,-86.804896419311
65859,SPEEDWAY #6662,US-20 & SR-15,Bristol,IN,465,3.549,41.667376985619,-85.821363984524
65860,LOVES TRAVEL STOP #283,"E I-30 & FM 549, EXIT 70",Rockwall,TX,630,3.109,32.919272609483,-96.418363860072
65862,PILOT TRAVEL CENTERS #396,"I-81, EXIT 213",Staunton                                ,VA,185,3.659,38.0199023,-79.141345
65863,VALERO,SR-31,Clinton,NJ,115,3.359,40.687232511762,-74.934056323485
65866,FLYING J TRAVEL PLAZA #710,"I-81, EXIT 219",New Milford,PA,200,4.17566666,41.822574,-75.682379
65868,7-ELEVEN #36073,"I-77, EXIT 54 & US-21",Statesville,NC,46,2.879,35.847191887637,-80.858702588472
65873,PILOT TRAVEL CENTER #4619,"I-81 & I-77, EXIT 77",Wytheville,VA,185,3.55066666,36.937223811139,-80.990980975791
65880,MR FUEL DBA ONE9 #1245,"I-55, EXIT 52 & SR-16",Litchfield,IL,574,3.299,39.178100255839,-89.655313007254
65883,FLYING J TRAVEL PLAZA #647,"I-64, EXIT 25 & US-41",Haubstadt,IN,340,3.959,38.1755604,-87.552005
65885,LOVES TRAVEL STOP #299,"US-75, EXIT 48 & SR-455",Anna,TX,630,3.19733333,33.339620133158,-96.587269772055
65897,PETRO-CANADA,61ST AVE SE & 52ND ST SE,Calgary,AB,50,3.84818769,50.998975020367,-113.958681958708
65901,PETRO-CANADA,"TCH-16, EXIT 383",Edmonton                                ,AB,80,3.92467152,53.599933,-113.605586
65909,7-Eleven/7FLEET #40496,"I-81, EXIT 47 & SR-12",Watertown,NY,220,4.149,44.001586019994,-75.92008696679
65912,ATOKA FUEL,US-75/US-69/SR-3,Atoka,OK,569,3.179,34.386435647964,-96.128155774645
65914,CASEYS #2732,US-30 & US-284/SR-2,Grand Island,NE,330,3.149,40.908689365864,-98.383369623495
65915,Marathon,"I-94/US-52, EXIT 346 & CR-17",West Fargo,ND,341,3.029,46.890732646433,-96.90403820998
65917,CUMBERLAND CORNER MART,SR-90 & US-127,Albany,KY,410,3.574,36.754626104028,-85.136936411791
65919,QUICK FUEL #5001,US-78/SR-4,Memphis,TN,435,3.02566666,35.035557,-89.911804
65921,PETRO-CANADA,"TCH-2, EXIT 450 & HWY 126",Moncton,NB,600,3.93248441,46.096511416182,-64.793459775296
65935,MAIN ST JUNCTION,SR-14 & SR-15,Louisville                              ,MS,705,3.099,33.124438381346,-89.086178806185
65939,PETRO-CANADA,"TCH-1, EXIT 366",Kamloops                                ,BC,800,4.36937586,50.659751,-120.394251
65962,CIRCLE K #2705937,US-301/SR-35 & SR-50,Dade City,FL,225,3.33233333,28.507872693477,-82.170405612407
65969,PILOT  #1105,SR-29 & SR-182,Bunkie,LA,730,3.21233333,30.78874998297,-92.180118976245
65974,BEACON & BRIDGE #13,"US-127, EXIT 117",Ithaca                                  ,MI,342,3.649,43.293471293172,-84.582981448399
65978,KWIK TRIP #623,US-61,Minnesota City,MN,515,3.399,44.077495,-91.731677
65983,SPEEDWAY #6967,"US-17, EXIT 227 & SR-32",Edenton,NC,130,3.287,36.075437298588,-76.614732130906
65989,DANCING EAGLE,"I-40, EXIT 108",Casa Blanca                             ,NM,580,3.359,35.033482392972,-107.470864342186
66014,BIG D TRAVEL CENTER,SR-12 & SR-183,Irving,TX,630,2.95566666,32.836848410236,-96.915019283497
66015,LOVES TRAVEL STOP #298,"I-35, EXIT 39 & SR-44",Encinal,TX,693,3.589,28.046110006378,-99.351202745754
66016,FLYING J TRAVEL PLAZA #660,"I-64, EXIT 185 & SR-180",Catlettsburg,KY,255,3.76566666,38.365119,-82.697252
66017,FLYING J TRAVEL PLAZA #626,"I-95/SR-9, EXIT 305 & SR-206",Saint Augustine,FL,75,3.449,29.756525092798,-81.30666544982
66020,LOVES TRAVEL STOP #221,I-70 EXIT 160,Zanesville,OH,315,3.48233333,39.968413677918,-81.897582726346
66021,LOVES TRAVEL STOP #238,"I-65, EXIT 116 & SR-480",Shepherdsville,KY,415,3.599,37.971487872848,-85.709683510622
66022,PILOT TRAVEL CENTER #459,"I-10, EXIT 133",Avondale,AZ,930,3.587,33.456407,-112.274322
66023,SAPP BROS TRAVEL CENTER,"I-29, EXIT 10 & SR-2",Percival,IA,486,3.789,40.689228079603,-95.784216809917
66024,LOVES TRAVEL STOP #239,"I-81/US-11, EXIT 84 & SR-619",Max Meadows,VA,185,3.545,36.950992009114,-80.881466968396
66025,SPACE AGE TRAVEL CENTER,"I-84, EXIT 183 & SR-207",Hermiston,OR,935,3.33233333,45.84077686809,-119.289071224299
66026,FLYING J TRAVEL PLAZA #643,"I-70 & I-57, EXIT 160",Effingham,IL,510,3.499,39.100056788465,-88.575050182908
66029,Roady's Lucky Deuces,"I-10, EXIT 92 & SR-95",Duson,LA,600,3.03566666,30.245246750078,-92.193143983797
66030,Colfax Travel Center,"I-80, EXIT 159 & SR-117",Colfax,IA,320,3.149,41.673274997439,-93.242068421459
66031,WILCO FAST BREAK,US-61/US-24,Palmyra,MO,494,3.119,39.787613,-91.516663
66034,FAS MART #5134,"I-72, EXIT 144 S",Decatur,IL,280,3.499,39.9106891,-88.8857124
66035,ROAD RANGER #136,"I-90, EXIT 147",Cottage Grove,WI,420,3.544,43.000632706528,-89.196723573909
66036,FLYING J TRAVEL PLAZA #602,"I-65, EXIT 264",Birmingham,AL,615,3.559,33.5620988,-86.8306827
66037,TA PRESCOTT TRAVEL CENTER,"I-30, EXIT 44",Prescott,AR,635,3.50233333,33.802494,-93.380938
66038,FLYING J #1043,"I-15, EXIT 113",Idaho Falls,ID,825,3.699,43.44063610879,-112.119153039019
66039,LOVES TRAVEL STOP #237,"I-20, EXIT 171 & US-65",Tallulah,LA,760,3.259,32.3891065048,-91.199482740462
66040,LOVES TRAVEL STOP #272,"I-40 & DW (RANCH RD), EXIT 59",Kingman,AZ,910,3.85566666,35.197630382701,-113.905803968155
66041,PILOT TRAVEL CENTERS #195,"I-84, EXIT 104 & US-97",Wasco,OR,935,3.86566666,45.671096009049,-120.834529884548
66042,FLYING J TRAVEL PLAZA #707,"I-80, EXIT 78",Brookville,PA,14,4.034,41.1733817,-79.0976531
66043,LOVES TRAVEL STOPS #216,US-67 & US-287,Midlothian,TX,630,3.199,32.4825621,-97.0109796
66044,TA TAMPA TRAVEL CENTER,"I-4, EXIT 10",Seffner,FL,225,3.39566666,27.982762,-82.277671
66045,FLYING J TRAVEL PLAZA #698,"I-71, EXIT 69",Jeffersonville,OH,315,3.399,39.646085,-83.537722
66046,PETRO STOPPING CENTER #345,I-69 EXIT357,Fremont,IN,550,3.899,41.74824,-84.993219
66050,PILOT TRAVEL CENTERS #130,"I-77, EXIT 145",Richfield,OH,305,3.799,41.2759638,-81.6274399
66051,Caseys #4419,I-165 EXIT 5,Bowling Green,KY,460,3.02566666,36.953231194257,-86.495952689437
66054,LOVES TRAVEL STOP #220,"I-25/US-87, EXIT 7 & SR-212",Cheyenne,WY,795,3.709,41.116674867395,-104.768066923274
66055,WINDMILL BP,"US-20, EXIT 208 & SR-14",Holland                                 ,IA,320,3.599,42.461891007825,-92.768752962709
66056,PILOT TRAVEL CENTERS #114,"I-40, EXIT 320",Crossville,TN,405,3.24566666,35.9863208,-85.0124438
66057,ROAD RANGER #205,"I-90, EXIT 1",South Beloit,IL,290,3.469,42.495825103163,-88.993086756037
66059,TIME OUT TRAVEL CENTER,"I-40, EXIT 432-B",Newport,TN,405,2.96566666,35.972392,-83.247941
66061,FLYING J TRAVEL PLAZA #709,"I-80, EXIT 173",Mill Hall,PA,14,4.01566666,41.028604,-77.522787
66062,FLYING J TRAVEL PLAZA #716,"I-29, EXIT 83",Sioux Falls                             ,SD,530,3.899,43.598994203237,-96.770545642668
66065,LOVES TRAVEL STOP #321,"SR 770 & I-75 , EXIT 29",Corbin,KY,410,3.599,36.97674720873,-84.110916193626
66068,HOLIDAY STATIONSTORE #2746262,I-175 EXIT 394,Sault Sainte Marie,MI,287,3.799,46.490272827702,-84.371892663711
66069,128 NEWTON GAS,"I-95, EXIT 20A/SR-128 & SR-9",Newton Lower Falls                      ,MA,34,4.299,42.316008936623,-71.239815811582
66070,TAURO,"SR-78, EXIT 3",Phillipsburg,NJ,90,3.34233333,40.668134960527,-75.136305301415
66072,GENES GO TRUCK STOP,"I-10/US-83, EXIT 456 & US-377",Junction                                ,TX,740,3.289,30.510367,-99.774852
66073,EXXON,"I-24 & HUSBAND ROAD, EXIT 11",Paducah                                 ,KY,460,3.15733333,37.01436619601,-88.592016998954
66074,HEARTLAND XPRESS,US-67 & SR-M,Poplar Bluff,MO,275,3.199,36.729345990685,-90.463452986657
66075,CORNER MART #349,"I-26, EXIT 54 & SR-72",Clinton                                 ,SC,210,3.099,34.480420152422,-81.880637312081
66078,Amoco,I-40 EXIT 447,Hartford,TN,405,3.099,35.815621531174,-83.142545319517
66083,KANGAROO CROSSING,SR-35,Kosciusko,MS,705,3.199,33.061334,-89.572518
66090,ROAD RANGER #267,US-281,Pharr,TX,639,3.564,26.093263,-98.201832
66091,KEYSVILLE SAV U TIME,US-360,Keysville                               ,VA,180,3.399,37.0396712,-78.4814501
66093,KWIK TRIP #414,"I-90, EXIT 209A & US-63/SR-30",Stewartville,MN,515,3.55733333,43.85560302454,-92.487962232284
66099,NEW JERSEY TRUCK STOP DIESEL ONLY,"I-95, EXIT 15E & US-9/US-1",Kearny,NJ,79,3.759,40.7284012,-74.1039963
66100,CIRCLE K #2723692,"I-26, EXIT 213",North Charleston,SC,42,3.399,32.869772217076,-80.008023993589
66103,TERRIBLE HERBST #243,I-95 & SR-164,Searchlight,NV,910,3.83233333,35.46557034791,-114.918118488768
66106,FLYING J TRAVEL PLAZA #509,"I-15, EXIT 112",Beaver,UT,910,3.689,39.687072,-111.834716
66109,QUARTERS TRAVEL PLAZA,"I-49, EXIT 23 & US-167 /SR-744",Opelousas                               ,LA,730,3.184,30.574668606508,-92.065434146734
66110,LOVES TRAVEL STOP #479,"I-29, EXIT143",Sioux City,IA,527,3.64233333,42.434626,-96.380028
66111,CROSSROADS EXPRESS,US-36 & US-83,Oberlin                                 ,KS,475,3.089,39.828068287963,-100.534263970579
66113,7-ELEVEN #39467,"I-95, EXIT 16E",Jersey City,NJ,115,3.259,40.750501,-74.060319
66114,LOVES TRAVEL STOP #235,"I-29 & US-169, EXIT 44",Saint Joseph,MO,400,3.33233333,39.724252214527,-94.788689117315
66115,FLYING J TRAVEL PLAZA #697,"I-80, EXIT 234B",Hubbard,OH,573,3.459,41.18294,-80.5710514
66116,ONVO TRAVEL PLAZA - HARFORD,"I-81, EXIT 217 & SR-547",Harford,PA,200,3.589,41.78689600983,-75.684601001295
66117,ONVO TRAVEL PLAZA PINE GROVE,"I-81, EXIT 32",Pine Grove,PA,70,3.539,41.398093716074,-79.225224016028
66119,FLYING J TRAVEL PLAZA #645,"I-270 & SR-11, EXIT 6",Granite City,IL,540,3.599,38.7599182,-90.0653174
66120,LOVES TRAVEL STOP #306,"I-40/SR-66, EXIT 412",Dandridge,TN,405,3.689,36.016724142304,-83.415563382091
66121,ROAD RANGER #226,"I-65, EXIT 99",Greenwood,IN,375,3.60066666,39.612088648559,-86.072665309697
66122,ROAD RANGER #139,"I-57, EXIT 212",Tuscola,IL,280,3.229,39.7887752957,-88.26587323933
66123,ROAD RANGER #225,"I-80, EXIT 56",Princeton,IL,290,3.449,41.400002755495,-89.465925288806
66125,LOVES TRAVEL STOP #249,"I-55, EXIT 109",Williamsville,IL,318,3.399,39.961422737391,-89.552616546976
66126,LOVES TRAVEL STOP #209,"I-20, EXIT 3 & US-80 & SR-169",Greenwood,LA,745,3.134,32.443401707543,-93.981606976121
66131,SPEEDWAY #3446,"I-95, EXIT 10 & SR-440",Edison,NJ,115,3.58566666,40.528416007538,-74.336981533252
66133,LOVES TRAVEL STOP #228,"I-4, EXIT 44",Polk City,FL,225,3.461,28.157882476407,-81.79777987761
66134,CIRCLE K #2721591,"I-10, EXIT 10 & US-29/SR-95",Pensacola,FL,155,3.22233333,30.504333251734,-87.263232039204
66135,CIRCLE K #2721592,"I-10, EXIT 5 & US-90 ALT",Pensacola,FL,155,3.22233333,30.534340302886,-87.332304241171
66136,CHOCTAW TRAVEL PLAZA #638,US-270 & US-59 & US-112,Poteau,OK,645,3.299,34.895498605862,-94.603013868724
66137,CIRCLE K #2721594,"I-10, EXIT 263",Slidell,LA,725,3.17066666,30.250577473936,-89.762711949189
66138,LOVES TRAVEL STOP #307,"I-75, EXIT 201",Jackson,GA,18,3.38566666,33.209030708822,-84.062896610485
66139,LOVES TRAVEL STOP #305,"I-81, EXIT 291 & SR-651",Toms Brook,VA,60,3.649,38.964396398032,-78.435776484402
66141,QUICK FUEL #5102,"SR-826, EXIT NW 58TH ST",Miami,FL,95,3.389,25.828482683139,-80.21081179103
66142,QUICK FUEL #5106,SR-589 & SR-580,Tampa,FL,225,3.49233333,27.996487290597,-82.546093995937
66149,QUICK FUEL #5105,"I-75, EXIT W BRANDON BLVD",Tampa,FL,225,3.50066666,27.941823094823,-82.330290129717
66152,Flying J Travel Plaza #656,"I-65, EXIT 95 & CR-500",Whiteland,IN,375,3.959,39.5496961,-86.0368272
66155,7-ELEVEN #36575,"I-35, EXIT 248",Pflugerville,TX,595,2.899,30.443363515484,-97.667655576345
66156,7-ELEVEN #36567,SR-6 & SR-21,Bryan,TX,670,3.144,30.697024218131,-96.358081463891
66167,PETRO-CANADA,HWY-2 & HWY-19/HWY-625,Nisku                                   ,AB,80,3.73656513,53.337847997126,-113.549860414839
66172,Timewise Food Store #163,"I-35, EXIT 8",Laredo                                  ,TX,693,2.93566666,27.612406,-99.522689
66173,TIMEWISE FOOD STORE #160,"I-10, EXIT 661",Flatonia                                ,TX,740,3.199,29.69525,-97.103816
66174,TIMEWISE FOOD STORE #162,"I-10, EXIT 456",Junction                                ,TX,740,3.099,30.509196,-99.772857
66176,PILOT #6996,"I-40, EXIT 364",Warsaw,NC,245,3.47233333,34.995597502819,-78.134505337326
66177,PILOT #6978,"I-74/I-73/US-220, EXIT 44 & SR-211",Candor,NC,65,3.999,35.297206805692,-79.727016631387
66178,LOVES TRAVEL STOP #284,I-69C/US-281 & FM-2812,Edinburg,TX,639,3.11066666,26.385774505277,-98.145436340961
66179,LOVES TRAVEL STOP #246,I-80 EXIT 46,Fernley,NV,966,3.91566666,39.616118185377,-119.2680495205
66182,CIRCLE K #2706708,"I-185, EXIT 10",Midland,GA,50,3.339,32.033971,-101.987704
66183,CHEVRON CURB STORE,SR-35 & SR-21,Forest                                  ,MS,705,3.569,32.376324018639,-89.479154026825
66184,HENRIETTA TRUCK STOP,"I-390, EXIT 12 & I-90, EXIT 46",Henrietta,NY,190,3.899,43.048066097101,-77.647784602214
66185,TIGERMART OF BUFFALO,"I-45, EXIT 178 & US-79",Buffalo,TX,670,3.599,31.448787,-96.07702
66186,STRIPES #40813,US-281 & SR-285,Falfurrias,TX,625,3.08733333,27.226383801189,-98.141048726691
66190,PETRO-CANADA,HWY 1 EXIT 44,Coquitlam                               ,BC,800,4.63022827,49.227658436,-122.824536049
66193,PETRO-CANADA,ST 97,Fort Nelson                             ,BC,850,4.81388394,58.804982,-122.696781
66195,MOBIL,"I-495, EXIT 26 & SR-62",Berlin,MA,34,3.699,42.381486968956,-71.635712878568
66196,EXXON TIGER MART,"I-35, EXIT 386",Italy,TX,630,3.12233333,32.19183979658,-96.901268268424
66198,CIRCLE K #2703117,"I-20, EXIT 11",Graniteville,SC,135,3.159,33.60853320965,-81.84084474214
66203,PETRO-CANADA,TCH-16 & HWY-97,Prince George                           ,BC,850,4.57373432,53.897439988282,-122.768331003733
66217,PETRO-CANADA,I-16,Hinton                                  ,AB,80,3.79237641,53.3966,-117.601214
66219,PETRO-CANADA,HWY-3,Lethbridge                              ,AB,50,3.92380534,49.717050217931,-112.894368485731
66221,ROAD RANGER #236,"I-43, EXIT 38",East Troy,WI,420,3.08233333,42.789428624177,-88.385269041402
66223,7-ELEVEN #36548,SR-83,Laredo,TX,693,2.999,27.573854,-99.472223
66224,ROAD RANGER #235,"I-90, EXIT 36",Hampshire,IL,290,3.369,42.149499,-88.511679
66225,ROAD RANGER #140,"I-39, EXIT 72",Mendota,IL,520,3.339,41.551637634496,-89.060010908234
66227,Pilot Travel Center #482,"I-57, EXIT 95",Mount Vernon,IL,574,3.359,38.3126307,-88.9609356
66229,LOVES TRAVEL STOP #308,"I-40, EXIT 86 & SR-226",Marion,NC,210,3.739,35.658263550446,-81.962117288244
66230,PETRO COLBY TRUCKSTOP,"I-70, EXIT 53 & SR-25",Colby                                   ,KS,525,3.599,39.365700473156,-101.054652647123
66235,LOVES TRAVEL STOP #291,"I-75, EXIT 95 & SR-627",Richmond,KY,410,3.599,37.843463405894,-84.328160120327
66236,LOVES TRAVEL STOP #309,"I-80, EXIT 332 & SR-14",Aurora,NE,330,3.289,40.86032768808,-97.996461334978
66237,ROUTE 66 TRAVEL CENTER,"I-40, EXIT 140",Albuquerque,NM,580,3.359,35.029069,-106.949312
66238,BETTY BEAVERS TRUCKSTOP,"I- 90, EXIT 29",Canajoharie,NY,12,3.599,42.906954938677,-74.563745049585
66239,Hola,US-27/SR-80/SR-25,South Bay                               ,FL,95,3.419,26.680993281215,-80.745137332613
66241,PUMP & PANTRY #29,US-30,Central City,NE,330,3.33733333,41.10727,-98.01619
66242,PUMP & PANTRY #23,"US-34, EXIT 4TH AVE",Holdrege,NE,330,3.449,40.437556,-99.367598
66243,CIRCLE K #4707000,SR-9,Baileyville,ME,170,3.899,45.12351,-67.348045
66244,STRIPES #40809,"I-37, EXIT 56",George West,TX,625,3.044,28.340324170797,-98.029250229295
66247,GULF OIL #5045,I-90 EXIT 83,Charlton                                ,MA,34,3.909,42.144839,-71.989203
66248,CIRCLE K #4707046,"I-95, EXIT 6",Scarborough,ME,170,3.909,43.584261,-70.361665
66249,CIRCLE K #4707206,SR-125,Epping,NH,170,3.76733333,43.048304396718,-71.057104278051
66250,SPEEDWAY #6973,US-1,Wake Forest,NC,177,2.949,36.012911,-78.516687
66252,CIRCLE K #4707023,US-1A,Holden,ME,170,3.73233333,44.764196,-68.706115
66255,CIRCLE K #4707217,US-2 & SR-16,Gorham,NH,170,3.75066666,44.387908893886,-71.172837645657
66257,LOVES TRAVEL STOPS #310,"I-80/US-30, EXIT 173",Wamsutter,WY,795,3.759,41.672591089215,-107.984020285759
66258,CIRCLE K #4707208,"I-93, EXIT 23",New Hampton,NH,170,3.659,43.615329516279,-71.64399473721
66259,CEFCO #48,"I-35, EXIT 304",Temple,TX,765,2.96566666,31.152599223513,-97.325034782645
66261,CIRCLE K #2723123,"I-95, EXIT 71",Dunn,NC,205,3.14233333,35.268250940785,-78.617878719766
66263,One9 SPEEDWAY #6753,"I-78, EXIT 1",Fleetwood,PA,208,3.83233333,40.485697,-75.8401
66266,7-ELEVEN #40508,"I-80, EXIT 90",Elkhart,IN,465,3.999,41.651156,-85.964767
66267,TA DEMOTTE TRAVEL CENTER,"I-65, EXIT 230",Demotte,IN,365,3.44733333,41.16604845989,-87.168401012769
66272,MOOSETRACKS #752,"I-85, EXIT 113",High Point,NC,63,3.114,35.921677,-79.933587
66273,PETRO STOPPING CENTER,"I-59, EXIT 181 & US-77",Gadsden                                 ,AL,615,3.999,33.992834,-86.084461
66274,FLYING J TRAVEL PLAZA #692,"I-80, EXIT 352 & US-93",Wells,NV,835,3.709,41.099170409655,-114.958273030332
66278,PILOT TRAVEL CENTERS #394,"I-84, EXIT 6",Newburgh,NY,32,4.359,41.521343,-74.112885
66279,PETRO-CANADA,ST 11A & TAYLOR DRIVE,Red Deer,AB,80,3.79237641,52.317545997127,-113.837822961545
66284,JOLLEY #150,"I-89, EXIT 19",Saint Albans,VT,39,3.539,44.793311345099,-73.069095964619
66285,QUIKTRIP #787,"I-675, EXIT 5",Ellenwood,GA,18,3.109,33.608969792444,-84.29543767793
66286,CASEYS #4205,"I-40/75, EXIT 374",Knoxville,TN,405,3.099,35.907396523969,-84.14034552759
66290,ABBYLAND TRUCK STOP,"SR-29, EXIT 127",Curtiss,WI,395,3.46233333,44.943647683214,-90.438664830319
66292,LOVES TRAVEL STOP #311,"I-20, EXIT 9",Waco,GA,18,3.39066666,33.6911521,-85.1917971
66293,One9 #254,"I-24, EXIT 169",Wildwood,GA,285,3.099,34.97753920731,-85.417208478515
66294,FLYING J TRAVEL PLAZA #667,"I-69, EXIT 81SB / I-96, EXIT 9",Grand Ledge,MI,406,3.959,42.7871898,-84.677572
66295,LOVES TRAVEL STOPS #432,"I-94/I-41,  EXIT 322 & SR-100",Oak Creek,WI,444,3.879,42.873064974729,-87.917723566255
66299,XTRA MART #10093,SR-146,Millbury,MA,175,3.649,42.208254984483,-71.780551909652
66300,PILOT TRAVEL CENTERS #149,"I-40, EXIT 42 & SR-222",Stanton                                 ,TN,435,3.509,35.462217600142,-89.405158818134
66301,KWIK TRIP #743,US-10 & SR-114,Menasha,WI,582,3.50733333,44.207639812589,-88.340253964225
66303,KWIK TRIP #787,US-51 & CR-JJ,Schofield,WI,395,3.41566666,44.905665,-89.605414
66307,CM ST HELENA,SR-16,Amite,LA,600,3.399,30.679327373097,-90.648891896088
66310,FLYING J #620,"I-70, EXIT 49",Smithton                                ,PA,165,4.109,40.166837973878,-79.736694741378
66313,LOVES TRAVEL STOP #313,"I-55, EXIT 58  & SR-80",Matthews,MO,275,3.27733333,36.759255010057,-89.538858993696
66314,PS FOOD MART #1042,"US-23, EXIT 17",Dundee,MI,325,3.599,41.961933186562,-83.672706761542
66315,SPEEDWAY #6748,"I-94, EXIT 34 & US-421",Michigan City,IN,465,3.68233333,41.607287972149,-86.895756824347
66316,CASEYS #4204,SR-168,Knoxville                               ,TN,405,3.259,35.892128393486,-83.902855063325
66317,LOVES TRAVEL STOP #314,I-24 EXIT 89,Christiana,TN,460,3.46233333,35.722800678963,-86.322383519389
66318,ROAD RANGER #242,"I-44, EXIT 163",Saint Robert,MO,540,3.264,37.835955195326,-92.09814468646
66319,ROAD RANGER #211,I-90 & RIVERSIDE BLVD,Loves Park,IL,520,3.469,42.31917548567,-88.964691417741
66320,SPEEDWAY #8772,"I-69, EXIT 168 & SR-53",Imlay City,MI,342,3.779,43.0249040717,-83.071202506044
66322,LOVES TRAVEL STOP #318,"I-57, EXIT 83 & CR-42",Ina,IL,574,3.389,38.154640194328,-88.912059881429
66323,PILOT TRAVEL CENTERS #905- TOWN PUMP,"I-90, EXIT 109",Milltown                                ,MT,820,3.609,45.644935,-109.24725
66328,LOVES TRAVEL STOP #320,"I-16/SR-404, EXIT 49 & SR-257",Dublin,GA,85,3.33233333,32.496701585389,-82.975470884977
66329,CIRCLE K #2723438,"I-85, EXIT 96",Gaffney,SC,210,3.199,35.10870437603,-81.60623715925
66332,PWI #172,"I-45, EXIT 258",Palmer,TX,630,2.77566666,32.422836,-96.658824
66334,Hucks Travel Center #052,"I-24/I-69, EXIT 40 & US-641/US-62/SR-93",Kuttawa                                 ,KY,490,3.699,37.074743546201,-88.120191874246
66337,ZIP TRIP #60,"I-25, EXIT 299 & US-16/SR-196",Buffalo,WY,836,3.58066666,44.354782353265,-106.690471871751
66338,SHELL,"I-30, EXIT 160 & US-271/SR-49 & US-67",Mount Pleasant                          ,TX,723,3.899,33.153304383457,-94.972476250312
66339,PILOT TRAVEL CENTERS #873,US-27,Miami,FL,176,3.699,25.7601418,-80.4804421
66341,7-ELEVEN #218,"I-44, EXIT 4",Harrold,TX,770,2.68733333,34.081562,-99.031605
66342,ONE9 #398,"I-75, EXIT 109",Vienna,GA,10,3.109,32.090718203044,-83.763458316538
66346,PILOT TRAVEL CENTER #247,"I-74, EXIT 39 & SR-32",Crawfordsville,IN,375,3.899,40.04703700079,-86.814566034272
66348,PIT STOP,I-40 EXIT 221,Wheatley                                ,AR,695,2.999,34.928833,-91.112301
66349,CIRCLE K #2741796,"I-40, EXIT 5",Little Rock,AR,695,3.36566666,34.715313143311,-92.192236791315
66352,KWIK TRIP #871,"US-41, EXIT 124 & SR-76",Oshkosh,WI,582,3.29066666,44.094491873589,-88.546376194176
66353,MOTOMART #3361,"I-55, EXIT 129",Perryville                              ,MO,540,2.989,37.708197050131,-89.889991308131
66355,CIRCLE K #2723439,"I-26, EXIT 5",Campobello,SC,30,3.13233333,35.138517929235,-82.106227068404
66357,LOVES TRAVEL STOP #351,"I-80 & E 8TH RD, EXIT 81",Utica,IL,290,3.389,41.367750014815,-89.010188974911
66361,SHADY NOOK,US-61/US-49,Lyon,MS,655,3.999,34.234026,-90.530257
66362,TA FLORENCE TRAVEL CENTER,"I-95, EXIT 164 & US-52",Florence,SC,46,3.32566666,34.229819338876,-79.799063824955
66363,LOVES TRAVEL STOP #178,"US-35/KS TPKE, MM 26",Belle Plaine,KS,570,3.329,37.366335,-97.322505
66364,SHELL,"I-4, EXIT 64",Plant City,FL,225,3.44733333,27.981897,-82.122134
66365,LIBERTY,US-202,Ringoes,NJ,230,3.399,40.4906,-74.8614
66368,PETRO STOPPING CENTER #371,"I-90, EXIT 41",Waterloo,NY,190,4.19566666,42.965321,-76.845502
66369,LOVES TRAVEL STOP #319,"I-74, EXIT 61",Pittsboro,IN,375,3.889,39.87995598746,-86.470942221612
66370,SPEEDWAY #6979,US-301,Wilson,NC,177,3.129,35.695316,-77.94012
66371,RAPIDES STATION TRUCK STOP,"I-49, EXIT 94",Boyce                                   ,LA,730,3.099,31.365271,-92.586364
66372,CEFCO #54,"I-35, EXIT 292",Belton,TX,765,2.95233333,31.01644205531,-97.481952763629
66374,BROOKSHIRE BROS #6111,US-259,Nacogdoches,TX,618,3.369,31.633117460401,-94.648713469926
66376,SUBS AND GRUBS,"I-63, EXIT 39",Jonesboro,AR,435,3.389,35.800132345238,-90.621982256474
66377,QUIKTRIP #873,"I-35W, EXIT 42",Fort Worth,TX,630,2.97566666,32.623802521532,-97.321311364121
66382,STATELINE CONOCO,"I-35, EXIT 114",Eagleville,MO,320,3.549,40.573531230932,-93.939978665665
66383,TENAHA EXPRESS MART,US-96 & US-84,Tenaha,TX,618,3.299,31.943493,-94.245097
66385,TA EXPRESS MINDEN,"I-20, EXIT 52",Minden,LA,745,3.114,32.571135667758,-93.20602209144
66386,SPEEDWAY #4631,US-220,Bassett,VA,185,3.41566666,36.747608,-79.937325
66388,Gas n Go,"I-75, EXIT 117 AT MILE 117",Pinehurst,GA,85,3.099,32.19324541526,-83.747956496359
66391,FLYING J CARDLOCK #824,HWY 43 & W MOUNTAIN RD,Whitecourt,AB,80,4.84528971,54.137102,-115.695687
66392,MISSILE MART #10,"I-40, EXIT 161",El Dorado,AR,635,3.499,33.208575,-92.720879
66393,VILLAGE PANTRY #5210,"I-74, EXIT 206",Oakwood,IL,280,3.179,40.127168990202,-87.77415054489
66396,CIRCLE K #2723988,"I-55, EXIT 61 & SR-38",Kentwood,LA,600,3.299,30.936447706446,-90.523718065007
66399,CIRCLE K #2723672,"I-59/I-20, EXIT 128",Birmingham,AL,615,3.699,33.549949717122,-86.776144120422
66400,PWI #640,"I-10/US-95, EXIT 5",Ehrenberg,AZ,900,3.359,33.623492847152,-114.435810918947
66404,QUICK FUEL #5302,"I-635, EXIT 14",Garland,TX,637,3.08733333,32.884537047231,-96.698967856531
66405,FLYING J FUEL STOP #668,"I-75, EXIT 151",Saginaw,MI,260,3.489,43.448213109294,-83.890503363809
66406,LOVES TRAVEL STOPS #317,"I-95, EXIT 4 & SR-629",Skippers,VA,180,3.789,36.6055472,-77.560595
66407,CIRCLE K #2723668,SR-35,Fort Payne,AL,615,3.649,34.438941,-85.756513
66410,SIBLEY FOOD FUEL,US-72/SR-20 & CR-150,Courtland                               ,AL,615,3.399,34.685247407614,-87.308971838704
66416,DUCK THRU FOOD STORE #18,US-13,Winton,NC,130,3.56233333,36.390546,-76.936534
66418,FLYING J CARDLOCK #818,HWY 16,Edson,AB,80,4.73244636,53.570035997002,-116.488934156526
66420,PILOT TRAVEL CENTER #911,I-90 EXIT 47,Superior,MT,820,3.559,47.192407791687,-114.893348027855
66422,PLAQUEMINE TRUCK STOP,ST 1                          ,Plaquemine                              ,LA,600,3.999,30.287987282844,-91.238821509274
66424,CIRCLE K #2741652,"I-10, EXIT 139",Phoenix,AZ,930,3.369,33.462892119798,-112.163224943992
66425,CLARK OIL #31,"I-10, EXIT 44",Biloxi                                  ,MS,620,2.849,30.448875712508,-88.931376424062
66428,SHELL,US-167,Hensley,AR,695,3.589,34.484189,-92.348679
66437,PILOT #4596,"I-81, EXIT 4",White Pine,TN,405,3.699,36.106879966695,-83.337873586778
66439,JACK FLASH,I-55,Farmersville                            ,IL,574,3.199,39.44502,-89.648566
66440,BP CONNECT #4701,I-55,Chicago,IL,290,3.569,41.71393,-87.616889
66447,CIRCLE K #4701207,"U-55, EXIT 220",Dwight,IL,399,3.349,41.116023526435,-88.420334805408
66448,HAMMOND TRAVEL CENTER,"I-55, EXIT 31B & US-190/SR-3260",Hammond,LA,600,3.099,30.503699,-90.500449
66449,CITGO,"I-55, EXIT 67",Blytheville                             ,AR,435,3.389,35.933105415676,-89.874686375182
66451,EZ MART #304,M-57,Middleton                               ,MI,406,3.699,43.176767,-84.705138
66454,Fast Stop Shell,I-10,Reserve,LA,600,3.799,30.076532,-90.566079
66456,TEXACO #383124,SR-70,Saint James,LA,623,2.969,30.095717,-90.928614
66460,CASH MAGIC BROUSSARD NORTH,"I-49, EXIT 103",Broussard,LA,600,3.399,30.096915,-91.942874
66461,YESWAY #1167,US-62 & CR-41/CR-168,Ropesville,TX,700,3.04066666,33.411549410509,-102.158957515917
66465,Knapp Truck Stop,"I-64, EXIT 50 & SR-127",Nashville                               ,IL,574,3.299,38.435566641769,-89.370539381034
66470,CIRCLE K #9068,"I-65, EXIT 181",Millbrook,AL,720,3.21566666,32.4904283755,-86.411129232197
66472,DIAMOND #21,"I-65, EXIT 54",Atmore,AL,715,3.259,31.086028281477,-87.533622376077
66474,FAMCO EXPRESS,"I-690, EXIT 8",Syracuse,NY,235,3.299,43.136013361055,-76.079650290336
66475,SPEEDWAY #4346,SR-7,Calexico,CA,900,4.799,32.68564,-115.380152
66478,LOVES TRAVEL STOP #175,"I-70, EXIT 187",Tecumseh,KS,553,3.289,39.019531,-95.50889
66480,LOVES TRAVEL STOP #360,"I-65, EXIT 58 & SR-218 & SR-335",Horse Cave,KY,415,3.429,37.199858383834,-85.934976239658
66487,COMPASS,"I-55, EXIT 282",La Grange                               ,IL,290,3.749,41.796528428982,-87.816175648518
66488,HUCKS FOOD & FUEL #54,I-74,Farmer City                             ,IL,280,3.269,40.243998,-88.631827
66495,SUPER SAVER EXPRESS,"I-10, EXIT 21",Sulphur                                 ,LA,690,2.999,30.215610431954,-93.36166963205
66496,EXXON FUEL EXPRESS,"I-10/SR-8, EXIT 31 & SR-87",Milton,FL,155,3.999,30.620452,-86.965244
66502,SHOP RITE #82,"I-10, EXIT 64",Jennings                                ,LA,690,3.589,30.247161518852,-92.661453910885
66504,COUNTRY BOYS COUNTRY STORE,"I-10, EXIT 813",Hankamer,TX,610,2.86566666,29.841373,-94.646887
66507,ST IGNACE TRUCKSTOP,I-75,Saint Ignace                            ,MI,287,3.799,45.856104,-84.736306
66508,SAMS SUNOCO,I-75                          ,Toledo                                  ,OH,550,3.399,41.692416,-83.595317
66509,FOUR STAR FOOD MART,"I-75, EXIT 122",Lima,OH,411,3.144,39.110388,-84.565397
66512,MARATHON #1554,"I-75, EXIT 21",Newport                                 ,MI,325,3.399,42.003160008231,-83.314543023386
66513,SUNRISE STORE,"I-75, EXIT 212",West Branch                             ,MI,260,3.199,44.24566981456,-84.229253027948
66514,BIGFOOT TRAVEL CENTER,"I-75, EXIT 29",Hahira,GA,10,3.099,30.991477,-83.389692
66516,ADEL TRUCK PLAZA,"I-75, EXIT 39",Adel,GA,10,2.999,31.138574,-83.444919
66517,ADMIRAL PETROLEUM #5796,"I-75, EXIT 392",Sault Sainte Marie,MI,287,3.799,46.49214,-84.37405
66518,Racetrac #2622,"I-75, EXIT 60",Valdosta,GA,75,3.03233333,30.818319,-83.319302
66523,LOVES TRAVEL STOP #325,"I-75, EXIT 59 & SOUTHWELL BLVD",Tifton,GA,10,3.609,31.41621699157,-83.504455994584
66525,BP,"I-76, EXIT 6",Luna Pier                               ,MI,550,3.499,41.804621495113,-83.453813447606
66527,TA EXPRESS #648,"I-76, EXIT 90A",Brush,CO,800,4.099,40.266477,-103.621067
66528,GO MART FOOD STORE #99,US-50 & SR-14,Parkersburg,WV,430,3.489,39.258176907552,-81.555703068876
66529,7-ELEVEN #36076,"I-77, EXIT 73 & US-421",Hamptonville,NC,65,2.899,36.120918769553,-80.811144722816
66531,MIDWAY EXXON TRAVEL CENTER,"I-78, EXIT 16",Bethel                                  ,PA,70,3.359,40.487372,-76.245554
66532,PETRO PLAZA,"I-78, EXIT 17",Hampton,NJ,115,3.26566666,41.071195,-74.742762
66534,LOVES TRAVEL STOP #347,"I-70, EXIT 101 & SR-5",Boonville,MO,310,3.509,38.936371881951,-92.775407816644
66537,BECKS EXPRESS MART #26,"I-80, EXIT 19",Geneseo,IL,270,3.269,41.433119897415,-90.162668553885
66538,KUM & GO #0023,"I-80, EXIT 23",Neola,IA,486,3.15733333,41.443240746566,-95.607286390371
66539,SOUTH RIDGE FARM MARKET,"I-80, EXIT 6",Clyde                                   ,OH,550,3.399,41.288190713837,-82.959676206258
66547,OLD STONE JIFFY MART,"I-81, EXIT 321",Clear Brook,VA,60,3.599,39.258804499644,-78.100437933865
66548,YESWAY #1156,US-84 & SR-289,Lubbock,TX,700,2.95066666,33.529682989945,-101.819369989363
66550,CIRCLE K #2709663,"I-82, EXIT 730",Umatilla,OR,982,3.639,45.917962,-119.326803
66552,GEM STOP,I-84,Marsing,ID,785,3.58566666,43.54578,-116.851092
66553,JACKSONS FOOD STORE #83,"I-84, EXIT 304",Baker City,OR,982,3.599,44.782017,-117.814152
66556,PILOT TRAVEL CENTER #899- SLIP IN,I-85,South Hill,VA,180,3.959,38.0199023,-79.141345
66560,Sunoco,"I-85, EXIT 11",Townville,SC,30,3.199,34.528431511192,-82.841981043162
66562,TA EXPRESS FAIR PLAY,"I-85, EXIT 4",Fair Play,SC,16,3.209,34.506937518942,-82.961705368254
66564,SPEEDWAY #6954,US-70,High Point,NC,65,3.049,35.999123,-80.034712
66565,KWIK FILL #395,"I-86, EXIT 12",Jamestown,NY,240,4.469,42.123003880678,-79.235555444463
66571,LEXINGTON GULF,"I-128, NORTH MASS PIKE",Lexington                               ,MA,34,4.299,42.425683681391,-71.19507937273
66573,Brake Time Corner Market,"I-135, EXIT 14",Wichita,KS,570,3.299,39.012975,-99.88957
66579,GULF OIL LP #5010,"I-90, EXIT 2",Lee,MA,215,3.914,42.156506,-71.964223
66582,PWI #807,"I-15, EXIT 163 & SR-99",Fillmore,UT,835,3.374,38.972447534161,-112.323831196016
66584,MOAPA PAIUTE TRAVEL CENTER,"I-15, EXIT 75",Moapa,NV,910,3.33233333,36.688511558663,-114.66396990915
66586,CIRCLE K #4707609,US-20 & SR-12,Sangerfield,NY,235,4.099,42.913890584798,-75.378921206751
66588,CUBBYS #402,"I-90, EXIT 330",Mitchell                                ,SD,530,3.149,43.691103787668,-98.049914111133
66594,FRIENDLY GUS STORE #23,I-16/SR-19,Dublin,GA,85,3.399,32.351950315057,-82.795707074664
66595,GULF OIL LP #5040,"I-90, EXIT 9",Charlton,MA,34,3.909,42.156506,-71.964223
66597,BP,"I-16, EXIT 90 & US-1",Twin City                               ,GA,195,3.78233333,32.403723,-82.312224
66598,WOODSHED LL,I-166 & I-169,S Coffeyville,OK,307,3.099,36.998488,-95.620721
66601,LOVES TRAVEL STOP #323,"I-69, EXIT 264 & SR-18",Marion,IN,457,3.57566666,40.553414006975,-85.549793003849
66603,COFFEE CUP FUEL STOP #7,"I-90, EXIT 406 & SR-11",Brandon,SD,530,2.97733333,43.598643494682,-96.572210809771
66604,GALLOPS,"I-90, I-80, EXIT 40",La Porte,IN,370,3.549,41.68591,-86.737363
66606,BART INDUSTRIES,"I-91, EXIT 6",Bellows Falls                           ,VT,215,3.709,43.177533562208,-72.464215116305
66607,7-ELEVEN #37392,"I-93, EXIT 5",Londonderry,NH,34,3.799,42.913386764121,-71.368839490078
66608,CASEYS #2650,I-94/US-52 EXIT 135 & CR-173,Melrose,MN,522,3.179,45.665259133342,-94.811627723702
66612,STOP N GO #1709,"I-94, EXIT 105",Hixton                                  ,WI,295,3.23733333,44.3871681,-91.0026447
66613,LOVES TRAVEL STOP #362,"I-10, EXIT 7 & SR-3063",Vinton,LA,690,3.30566666,30.198108712328,-93.606998814767
66614,MARATHON,"I-94, EXIT 212A",Detroit,MI,325,3.699,42.336052115911,-83.127728487572
66615,KWIK TRIP #396,"I-94, EXIT 295",Waukesha,WI,444,3.399,43.047195431148,-88.204237959624
66618,CIRCLE K #2723378,I-95,Sumter,SC,42,3.159,33.90358,-80.379872
66620,Shell,"I-95, EXIT 130",Ashland,VA,180,3.264,37.76023,-77.454911
66622,DUNCAN TRUCK STOP,"I-95, EXIT 15",Jersey City                             ,NJ,115,3.409,40.724538113183,-74.071752398342
66624,Sunoco,"I-95, EXIT 25",Croydon                                 ,PA,160,3.659,40.086389,-74.906745
66625,EXIT 43 QUICK STOP,"I-95, EXIT 43",Richmond,ME,170,3.76566666,44.102488979453,-69.868215000852
66628,Chevron,"I-95, EXIT 5 & US-17",Hardeeville,SC,42,3.00733333,32.273363988974,-81.080619982016
66631,SPEEDWAY #3589,I-96,Lake Odessa,MI,342,3.599,42.8697281,-85.1516791
66632,SHELL FOOD MART AND TRUCKSTOP,I-985,Gainesville,GA,16,3.399,34.298772,-83.829629
66635,C  BARN,US-67,Park Hills,MO,540,3.049,37.862561,-90.49694
66637,BERKLYS TRAVEL CENTER,US-281,Round Mountain,TX,595,3.31566666,30.425076,-98.347774
66640,Kent Kwik #928,US-82/SR-6 & SR-5/SR-25,Brent,AL,615,3.099,32.964777584637,-87.168526596934
66643,DEERFIELD TRAVEL CENTER,"I-55, EXIT 8",Steele,MO,275,2.97566666,36.092733,-89.801565
66645,ALLSUPS #2390,"I-20/US-84, EXIT 270",Merkel,TX,575,2.87566666,32.466736475913,-99.980477538701
66648,CHEVRON,"I-20, EXIT 113",Bessemer,AL,615,3.099,33.42458009045,-86.956584973331
66649,CHOCTAW TRAVEL PLAZA #637,US-59 & CR-E1452,Heavener,OK,645,3.299,34.909702998078,-94.604769039249
66659,MARATHON,SR-37,Mitchell                                ,IN,415,3.599,38.735107,-86.492061
66664,CASEYS #3294,"I-380/SR-27, EXIT 43 & SR-150",Urbana,IA,380,3.449,42.246118985231,-91.890860922584
66667,CIRCLE K #4701408,"I-36, EXIT 99",Rochelle,IL,520,3.499,41.930098559641,-89.023751775617
66668,ACME TRUCK STOP,"I-4, EXIT 96",Orlando                                 ,FL,140,3.399,28.418979,-81.403552
66669,CIRCLE K #2726032,I-40,Jacksonville,FL,75,3.429,30.247112,-81.799048
66670,SPEEDWAY #7930,"I-40, 1126 N MAIN ST",Lillington,NC,63,3.759,35.413037,-78.807495
66671,CIRCLE K #2723686,US-72,Scottsboro,AL,285,3.26566666,34.64157,-86.050007
66673,MARATHON,SR-72,Huntsville,AL,615,2.979,34.771678,-86.516948
66676,HUTCH'S #118,"I-40, EXIT 108",Watonga,OK,483,3.099,35.841929,-98.419878
66678,NKS ROYAL TRUCKSTOP,"I-40, EXIT 16",Gallup,NM,580,3.119,35.503978,-108.835514
66680,BIG TOP TRAVEL CENTER,"I-20, EXIT 157",Delhi                                   ,LA,760,2.969,32.4571223,-91.4935559
66683,SUPERSTOP Shell,"I-40, EXIT 192",Stuttgart                               ,AR,695,3.41566666,34.509866,-91.557985
66689,ROSCOE TRAVEL PLAZA,"I-20, EXIT 235",Roscoe,TX,575,2.759,32.429912,-100.55297
66693,Allsup Marketplace #2400,"I-40, EXIT 356",San Jon,NM,585,3.059,35.111617010604,-103.33338134146
66705,7-ELEVEN,"I-44, EXIT 1/US-287",Wichita Falls,TX,770,2.76066666,33.909321827813,-98.533498239229
66709,CIRCLE K #2709343,"I-24, EXIT 169",Wildwood,GA,285,3.14566666,34.97753920731,-85.417208478515
66715,7-Eleven #34210,"I-25/US-87, EXIT 240 & SR-119",Longmont,CO,800,3.189,40.152603077828,-105.097007025405
66717,Fast Stop Travel Centers #1131,"I-25/US-87, EXIT 80",Wheatland,WY,795,3.499,42.076487935237,-104.968337370558
66718,Bartonville SHELL,"I-474, EXIT 6",Peoria,IL,368,4.299,40.650202,-89.652011
66720,MOUNTAIN ENERGY #126,"I-26, EXIT 13",Hendersonville,NC,210,2.84566666,35.394626,-82.505625
66721,USA SPEEDTRAC,"I-49US-167, EXIT 11",Grand Coteau,LA,730,3.399,30.4200200773,-92.054817824811
66725,SPEEDWAY #9662,I-264,Louisville,KY,415,3.029,38.27117,-85.613609
66728,CIRCLE K #2723706,"I-81/US-52, EXIT 72 & I-77, EXIT 41",Wytheville,VA,185,3.349,36.97051655368,-81.06789211347
66734,Marathon,"I-675, Exit 7",Ellenwood,GA,18,3.009,33.635670177852,-84.306919383705
66737,THE JUNCTION,US-59 & US-73,Atchison,KS,400,3.279,39.554362520368,-95.152938633763
66738,TREX MART #9,I-29,Dearborn                                ,MO,400,2.999,39.521949,-94.769909
66739,ZIP TRIP #64,I-29,Brookings                               ,SD,530,3.399,44.307945,-96.798558
66741,DEANS LANE VALERO,I-295,Monmouth Junction,NJ,230,3.14566666,40.412718704386,-74.522238218708
66742,DEEP WATER TRUCK STOP,"I-295, EXIT 2C",Penns Grove,NJ,230,3.279,39.684698129095,-75.481028595352
66746,CASEYS #4246,"I-30, EXIT 123",Bryant,AR,695,3.03233333,34.616260105687,-92.502933220023
66747,LOVES TRAVEL STOP #322,"I-90, EXIT 3",Roscoe,IL,290,3.789,42.451467901678,-88.994601149575
66749,BIG RIVER #18,"I-310 EXIT 2, & US-61",Saint Rose,LA,725,3.099,29.981009988105,-90.275110029744
66750,LOVES TRAVEL STOP #177,I-35,El Dorado,KS,336,3.25566666,37.646529,-95.4757949
66751,FAST N FRIENDLY,"I-35, EXIT 132",Emporia                                 ,KS,336,3.65733333,39.115917,-94.648444
66756,CASEYS #2550,"I-35, EXIT 33 & US-34",Osceola,IA,320,3.339,41.026424265844,-93.79456147364
66760,LOVES TRAVEL STOP #326,I-26 EXIT 154A,Orangeburg,SC,135,3.389,33.459567929557,-80.729215623626
66761,SPEEDWAY #4589,US-501 & SR-90,Conway,SC,205,3.064,33.8232885593,-79.012440923206
66762,EXXON TIGER MART #44,"US-45,  EXIT 249",Ennis,TX,637,3.099,32.313554502238,-96.600234520901
66763,SPEEDWAY #7998,US-52 & US-74,Wadesboro,NC,46,3.64566666,34.963676000463,-80.056827673715
66765,STRIPES #40736,US-77/US-83,Olmito,TX,598,2.999,26.027512,-97.531513
66767,SPRINT MART #49,"I-22/US-78, EXIT 87 & SR-811",Tupelo,MS,742,2.99233333,34.2863090913,-88.681475025785
66769,PETRO STOPPING CENTER #344,"I-95, EXIT 3",Kingsland,GA,75,3.649,30.7939041,-81.6664275
66771,FLYING J TRAVEL PLAZA #727,"I-69C/US-281, EXIT 8 & FM-1925",Edinburg,TX,639,3.084,26.337005207578,-98.155709302677
66773,STRIPES 7FLEET #42475,US-62,Hobbs,NM,700,3.459,32.700807,-103.136211
66774,Clark #4667,"I-80/I-90, EXIT 39 & SR-109",Delta,OH,550,3.699,41.573842141256,-84.009349589523
66775,GO MART,US-33 & CR-116,Rockbridge,OH,315,3.499,39.5976661982,-82.546681902626
66776,S&G #77,US-224 & US-23,Alvada,OH,411,3.259,41.081996015777,-83.401182984654
66778,LOVES TRAVEL STOP #169,"I-44, EXIT 179 & US-377/SR-99",Stroud                                  ,OK,560,3.144,35.749885091819,-96.662717832908
66780,DIAMOND #20,"I-65, EXIT 93 & SR-84",Evergreen,AL,720,3.399,31.419066201143,-87.006923845338
66784,Texaco #384529,US-80/SR-8 & SR-14,Selma,AL,720,3.299,32.433772199989,-87.060010119835
66785,WINFIELD TRUCK STOP,SR-129,Winfield,AL,615,3.659,52.963508,-114.416965
66786,Circle K #2741791,"I-40, EXIT 175 & SR-31",Lonoke,AR,695,3.139,34.785111276172,-91.899974892257
66787,TEXACO,"I-59, EXIT 67B",Hattiesburg                             ,MS,620,3.06566666,31.359287,-89.344405
66788,CIRCLE K #4703626,"I-75, EXIT 60 & SR-68",Sweetwater,TN,285,3.289,35.598569615661,-84.514160942888
66793,CIRCLE K #2723693,"I-526, EXIT 19 & SR-10-60",Charleston,SC,42,2.97566666,32.894805642795,-79.988699338273
66795,FUEL MART #645,"I-90, EXIT 353",Spencer                                 ,SD,530,3.499,43.66473537953,-97.591190847309
66796,ROYAL FARMS #109,US-13 & SR-404,Bridgeville,DE,243,3.259,38.75958199555,-75.593713007678
66799,SHELL DBA ONE9 #1403,"I-75/SR-93, EXIT 451 & US-129",Jasper,FL,10,3.244,30.447400663192,-82.931601492551
66800,CIRCLE K #2743950,I-35,San Antonio,TX,740,2.804,29.664194,-98.1701254
66801,SUNSTOP #330,"I-75, EXIT 460 & SR-6",Jennings,FL,75,3.299,30.517453292668,-83.059295477097
66802,MOBIL,US-27 & SR-66,Sebring                                 ,FL,140,3.459,27.429083910505,-81.418144973655
66803,Stripes,FM-2061 & FM-3072,Pharr,TX,639,3.16566666,26.126042085758,-98.216382590223
66804,PWI #586,"I-80, EXIT 104  & US-191",Rock Springs,WY,835,3.199,41.659656959276,-109.228517634287
66805,CIRCLE K #2723553,US-27,Ringgold,GA,285,3.07566666,34.965507,-85.194067
66807,QUICK FUEL #5303,"I-35E, EXIT 436A",Dallas,TX,637,3.04566666,32.85841999527,-96.889710039518
66809,CASEYS #3449,SR-78,Wapello,IA,380,3.349,41.08842,-91.185018
66810,QUICK FUEL #3145,SR-83,Bensenville,IL,290,3.539,41.992311,-87.950246
66812,FAMILY EXPRESS #47 (DISCOUNT AVAILABLE),"I-65, EXIT 201 & US-24/US-231",Remington,IN,375,3.55233333,40.76561381029,-87.118041784577
66813,MCCLURE OIL #59,I-69 EXIT 259,Gas City                                ,IN,457,3.639,40.482542081221,-85.549422958674
66815,MAXS #132,US-641 N,Murray,KY,490,3.399,36.662742327965,-88.304954408432
66816,CIRCLE K #4707082,"I-95, EXIT 132 & SR-139",Fairfield,ME,170,3.899,44.593645438828,-69.614452873177
66817,JOLLY TRUCK STOP,US-82/US-287,Wichita Falls,TX,770,2.899,33.869991,-98.347821
66819,ROAD RANGER #265,"I-88, EXIT 54",Dixon,IL,520,3.479,41.818704117005,-89.472840106801
66820,CM BREAUX BRIDGE,"I-10, EXIT 109",Breaux Bridge,LA,600,3.299,30.296260952284,-91.913377067523
66821,DENTON GOOSE CREEK,SR-404/SR-619,Denton                                  ,MD,194,3.259,38.888155525457,-75.824310918537
66822,WILD BILL'S,I-78,Sherman                                 ,MS,435,2.919,34.357472,-88.84191
66824,STRIPES #42435,US-87/US-277,San Angelo,TX,740,2.799,31.460546868677,-100.44413348096
66827,FLYING J #860,"QEW, EXIT 5",Fort Erie,ON,430,5.18842336,42.903925,-78.974714
66829,KINGSTON CARDLOCK,"HWY 401, EXIT 611",Kingston                                ,ON,410,3.45216443,44.229907,-76.480456
66831,PETRO-CANADA,HWY 17/ 69,Sudbury                                 ,ON,460,3.48541438,46.495587,-80.866676
66833,STRIPES #5148,US-281,Pharr,TX,639,3.399,26.0926479,-98.2000905
66834,ROAD RANGER #186,"I-39/US-51, EXIT 27 & SR-2/CR-2200",Minonk,IL,280,3.449,40.912773,-89.053831
66836,FLYING J TRAVEL PLAZA #786,HWY 16,Sherwood Park,AB,80,4.3981947,53.567264,-113.318181
66838,RUTTERS #96,US-322 & SR-655,Milroy,PA,14,4.05066666,40.668026013611,-77.603911989184
66843,FLYING J TRAVEL PLAZA #728,"I-10, EXIT 37",El Paso,TX,640,3.09233333,31.6633301,-106.2399313
66844,CIRCLE K #2706984,US-77 & CR-1356,Kingsville,TX,625,2.82233333,27.491471589306,-97.846644184481
66845,CIRCLE K #2723643,SR-431,Dothan,AL,20,3.58233333,31.271317,-85.447693
66846,CIRCLE K #2723664,US-280,Childersburg,AL,615,3.899,33.282291,-86.362116
66847,CIRCLE K #2723667,"I-20, EXIT 185 & SR-21",Oxford,AL,615,2.999,33.644984517514,-85.826013872179
66848,CIRCLE K #2723695,"I-55, EXIT 265",Senatobia,MS,435,3.199,34.621382984929,-89.95193211382
66850,Stripes,ST 77,Riviera,TX,625,3.12566666,27.303811,-97.815388
66853,LOVES TRAVEL STOP #327,US-77 & FM-1898,Kingsville,TX,625,3.15566666,27.530757318032,-97.840043603368
66854,TA WAPAKONETA TRAVEL CENTER,"I-75, EXIT 111",Wapakoneta                              ,OH,411,3.28233333,40.558452,-84.165325
66856,Speedway #4800,"I-94, EXIT 183",Clearwater,MN,453,3.199,45.367887731349,-93.976575302519
66858,LOVES TRAVEL STOP #328,"I-10, EXIT 162",Chandler,AZ,930,3.469,33.276819579942,-111.964340491506
66859,FLYING J TRAVEL PLAZA #791,HWY-11/HWY-12,Saskatoon,SK,575,4.51093964,52.1958257,-106.6685882
66862,LOVES TRAVEL STOP #330,I-40 EXIT 280 & SR-56,Baxter,TN,460,3.234,36.137030001794,-85.628622959195
66863,101 TRAVEL PLAZA,"I-40, EXIT 101 & SR-104",Cedar Grove,TN,435,2.999,35.75511499576,-88.514084996895
66865,FLYING J FUEL STOP #741,US-287/US-281/US-82 & SR-473,Wichita Falls,TX,770,3.12566666,33.831265004154,-98.487641434004
66867,KWIK STAR #212,"US-61, EXIT 156",Maquoketa,IA,335,3.624,42.043893515285,-90.662840561053
66868,STRIPES #40604,US-83,Mission,TX,639,2.88233333,29.714638,-99.762552
66869,SPEEDWAY #4630,US-220 BUS & CR-782,Ridgeway,VA,185,3.409,36.627825,-79.857694
66870,PETRO STOPPING CENTER NAPOLEON,"US-24/US-6/CR-3, EXIT 41",Napoleon,OH,550,3.70566666,41.371267527106,-83.988673135304
66874,FLYING J TRAVEL PLAZA #733,"I-27, EXIT 4 & US-82",Lubbock,TX,700,3.33233333,33.5930939,-101.8416622
66876,PILOT TRAVEL CENTERS #156,SR-1633 & SR-813 & SR-9004,Mortons Gap,KY,490,3.629,37.252423237945,-87.447124619519
66877,PILOT TRAVEL CENTER #916- TOWN PUMP,US-93 & US-12,Lolo,MT,820,3.609,46.756825804131,-114.0822566925
66878,PILOT TRAVEL CENTER #915- TOWN PUMP,"I-90, EXIT 455",Billings,MT,780,3.58066666,45.816900597624,-108.411523284218
66879,TA EXPRESS,"I-40, EXIT 101",Atkins,AR,695,3.34066666,35.218561735825,-92.827715041883
66880,LOVES TRAVEL STOP #324,I-80 EXIT 242 & SR 339,Mifflinville,PA,138,3.96566666,41.023632509645,-76.318969166055
66881,PLAZAGO TRUCKSTOP,US-50/SR-61 & SR-96/SR-14,South Hutchinson,KS,570,3.269,38.013404816395,-97.967729325391
66888,LOVES TRAVEL STOP #334,"I-84, EXIT 211 & US-30/SR-24",Heyburn,ID,785,3.89233333,42.604585571071,-113.685531597048
66890,CASEYS #4223,US-25E,Middlesboro,KY,405,3.489,36.641118999869,-83.70313149118
66892,LOVES TRAVEL STOP #336,"I-94, EXIT 112",Marshall,MI,385,3.649,42.2798619,-84.9303397
66893,ONE9 #1291,US-287 & CR-174,Bowie,TX,770,2.91233333,33.57514798342,-97.89461498982
66894,PILOT TRAVEL CENTERS #259,US-69,Muskogee,OK,560,3.32233333,35.78446,-95.401593
66895,TA Express Tonkawa,"I-35, EXIT 40 & US-60",Tonkawa,OK,500,3.294,36.69566,-97.350643
66897,FLYING J TRAVEL PLAZA #604,"I-65, EXIT 158",Hope Hull,AL,720,3.309,32.194234,-86.4196266
66898,PILOT TRAVEL CENTERS #384,"I-95, EXIT 58",Colonial Heights,VA,180,3.799,37.3114791,-77.3910834
66899,LOVES TRAVEL STOP #333,"I-77, EXIT 83",Fort Mill,SC,46,3.38066666,34.995592810788,-80.977522256861
66900,DODGE CITY PETRO #397,"I-65, EXIT 299 & SR-69",Hanceville,AL,615,3.919,34.051736682778,-86.869870585744
66902,CIRCLE K #4707239,SR-103,Warner,NH,170,3.93233333,43.2893274,-71.8339009
66905,CIRCLE K #4707212,SR-27,Raymond,NH,170,3.759,43.039255,-71.161443
66906,LOVES TRAVEL STOP #331,"I-45, EXIT 272",Hutchins,TX,630,3.10233333,32.624444,-96.693596
66908,CIRCLE K #2723708,"I-81, EXIT 77",Wytheville,VA,65,3.36566666,36.937263457541,-80.991229080125
66911,LOVES TRAVEL STOP #343,"I-20 & I-59, EXIT 165",Toomsuba,MS,705,3.009,32.438361711073,-88.435383536124
66912,LOVES TRAVEL STOPS #335,"I-15, EXIT 62 & SR-130",Cedar City,UT,910,3.649,37.678469107856,-113.061677876888
66914,FLYING J TRAVEL PLAZA #683,"I-95, EXIT 106",Kenly,NC,205,3.709,35.5741247,-78.145926
66915,CIRCLE K #2723716,"I-81, EXIT 84",Max Meadows,VA,185,3.46233333,36.95106917584,-80.879350281405
66918,MINIT MART #647,"I-39, EXIT 35 & SR-17",Wenona,IL,280,3.499,41.028215185693,-89.058044343691
66920,7-ELEVEN #35562,"I-85, EXIT 32",Charlotte,NC,46,3.379,33.89747767425,-78.589657833143
66921,LOVES TRAVEL STOP #338,"I-95/SR-405, EXIT 90 & SR-144",Richmond Hill,GA,195,3.364,31.916960017717,-81.286280034709
66922,LOVES TRAVEL STOP #339,"I-20, EXIT 115 & FM-1882",Odessa,TX,710,3.549,31.834755132705,-102.387470189254
66923,LOVES TRAVEL STOP #765,"I-85, EXIT 147",Commerce,GA,16,3.21066666,34.22797818745,-83.501640848129
66925,FLYING J TRAVEL PLAZA #714,"I-77, EXIT 73",Rock Hill,SC,46,3.399,34.856689,-81.005187
66927,PILOT TRAVEL CENTERS #41,I-64 EXIT 113 SE QUAD,Mount Sterling                          ,KY,410,3.769,38.0860482,-83.9002827
66928,FLYING J TRAVEL PLAZA #730,"I-35/US-83, EXIT 13",Laredo,TX,693,3.599,27.685291,-99.465036
66929,FLYING J TRAVEL PLAZA #642,"I-255,  EXIT 17",East Saint Louis                        ,IL,540,3.699,38.311515,-88.957477
66931,CASEYS #3896,"I-380, EXIT 35",Center Point,IA,380,3.449,42.173958887427,-91.784548383106
66932,CIRCLE K #4701444,US-34 & SR-164,Monmouth,IL,345,3.399,40.916937608699,-90.663167168695
66935,FRANCIS CREEK TRAVEL PLAZA,SR-41,Francis Creek,WI,444,3.384,44.197799,-87.728036
66937,LOVES TRAVEL STOP #341,"I-44, EXIT 189",Rolla,MO,540,3.30066666,37.980154401557,-91.71705188761
66939,KWIK TRIP #416,SR-172 & CR-GV,De Pere,WI,582,3.39066666,44.455749008085,-87.992663983252
66941,PILOT TRAVEL CENTERS #367,"I-30, EXIT 87 & 88",Caddo Mills,TX,630,3.169,33.0437582,-96.1774844
66942,MAVERIK COUNTRY STORE #612,"I-15, EXIT 362",Brigham City,UT,835,3.449,41.482664645506,-112.053063589377
66944,LOVES TRAVEL STOP #316,"I-95, EXIT 273 & US-1",Ormond Beach,FL,75,3.477,29.336071292862,-81.131020459924
66945,PILOT TRAVEL CENTERS #159,"I-64, EXIT 211",Providence Forge,VA,180,3.899,37.5001413,-77.0897132
66946,FLYING J TRAVEL PLAZA #788,TCH-1 & HWY-334,Headingley                              ,MB,900,4.62238967,49.876348577604,-97.407446694821
66947,FLYING J TRAVEL PLAZA #804,"HWY 101,  HWY 90",Winnipeg,MB,900,4.62102914,49.931483014856,-97.212115006232
66948,CIRCLE K #4707618,"I-481, EXIT 8 & CR-82",East Syracuse,NY,220,3.799,43.145732604306,-76.088932661667
66951,BERKLYS TRAVEL CENTER #3,US-377/US-87,Brady,TX,575,3.61566666,31.17622169535,-99.398889704587
66953,LOVES TRAVEL STOP #355,"I-65, EXIT 16",Memphis,IN,415,3.949,38.49233319223,-85.771777973776
66954,LOVES TRAVEL STOP #344,I-240 EXIT 21 & US-78/SR-4,Memphis,TN,435,3.249,35.08271671137,-89.949565879046
66955,LOVES TRAVEL STOP #349,"I-8, EXIT 3",Yuma,AZ,900,3.50233333,32.689468669222,-114.585122423865
66956,LOVES TRAVEL STOP #348,"I-69/I-24, EXIT 27 & US-62",Calvert City,KY,490,3.689,37.003109006678,-88.32687703349
66957,LOVES TRAVEL STOP #346,I-65 EXIT 46 & SR-99,Columbia,TN,460,3.789,35.64296064396,-86.894536352418
66958,FLYING J FUEL STOP #813,HWY 2,Airdrie                                 ,AB,50,4.59452716,51.250387217701,-114.001232476629
66959,PILOT TRAVEL CENTERS #388,"I-20 & I-59, EXIT 151",Meridian,MS,705,2.979,32.344859401856,-88.764021698741
66961,CIRCLE K #2707020,"I-4, EXIT 32 & US-98/SR-700/SR-35",Lakeland,FL,225,3.414,28.045286537341,-81.948962122715
66962,PILOT TRAVEL CENTER #242,"I-74, EXIT 109",Shelbyville,IN,375,3.999,39.5836852,-85.8168165
66963,SPARTA TRAVEL CENTER,"I-90, EXIT 28",Sparta,WI,420,3.179,43.9434501,-90.7691739
66964,PILOT TRAVEL CENTERS #239,US-30/US-23,Upper Sandusky,OH,411,3.899,40.8339428,-83.2454267
66965,EATONTON TRAVEL CENTER,US-441/US/129/SR-24,Eatonton,GA,67,3.249,33.295223509582,-83.379023028283
66966,LOVES TRAVEL STOP #352,I-71 EXIT 65,Jeffersonville,OH,315,3.42233333,39.61788299486,-83.609927344571
66967,FLYING J #461,"HWY-401, EXIT 56 & HWY-42",Tilbury,ON,620,4.46276974,42.261106,-82.433862
66968,FLYING J TRAVEL PLAZA #675,US-136 & SR-27,Wayland,MO,345,3.30566666,40.394294304025,-91.572825616027
66972,PETRO STOPPING CENTER #339,"I-90, EXIT 272",Spokane,WA,970,3.959,47.591313,-117.560404
66973,FLYING J TRAVEL PLAZA #835,HWY 59 & WARMAN RD,Winnipeg                                ,MB,900,4.6295456,49.890832016194,-97.071898000814
66976,FLYING J FUEL STOP #799,"HWY 1, LICKMAN EXIT",Chilliwack                              ,BC,800,4.73383969,49.146767,-122.00539
66977,FLYING J TRAVEL PLAZA #827,HWY 1,Abbotsford                              ,BC,800,4.74186729,49.076850829985,-122.430658504736
66978,FLYING J FUEL STOP #805,HWY 27 & ALBION RD,Etobicoke,ON,720,4.45521463,43.744385016032,-79.607750028189
66979,FLYING J CARDLOCK #820,HWY 40 S,Grande Prairie,AB,80,5.00988347,55.163688,-118.821862
66981,FLYING J CARDLOCK #830,ALASKY HWYN & 17TH ST,Dawson Creek,BC,80,5.17697241,55.759487749781,-120.250470477895
66983,FLYING J FUEL STOP #801,HWY 97 SOUTH,Prince George                           ,BC,850,4.95673973,53.860084204998,-122.72228735267
66984,FLYING J TRAVEL PLAZA #807,HWY 401,Mississauga,ON,720,4.45390331,43.618590683872,-79.71203282321
66986,FLYING J CARDLOCK #832,HWY 1,New Westminster,BC,800,5.18842336,49.238019252185,-122.923350812912
66987,LOVES TRAVEL STOP #354,"US-78 & I-20, EXIT 172",Thomson,GA,135,3.849,33.511940889765,-82.498511607991
66988,FLYING J CARDLOCK #821,HWY-3 & HWY-4,Lethbridge,AB,50,4.62000927,49.726659995376,-112.631688971367
66991,FLYING J TRAVEL PLAZA #793,HWY 1,Calgary,AB,50,4.59317483,50.9482185,-113.9806042
66992,FLYING J CARDLOCK #814,HWY 1,Calgary,AB,50,4.59216111,51.075,-114.005
66993,PILOT TRAVEL CENTER #198,US-30 & US-31,Plymouth,IN,465,3.859,41.349623394827,-86.273526840971
66994,PILOT TRAVEL CENTERS #303,US-24/US-6 & SR-108,Napoleon                                ,OH,550,3.71066666,41.408047984079,-84.132017970147
66995,PILOT TRAVEL CENTERS #322,"I-86, EXIT 37",Bath,NY,190,4.499,42.377631,-77.363764
66997,LOVES TRAVEL STOP #289,"I-20, EXIT 49 & SR-531",Minden,LA,745,3.149,32.581200654618,-93.247755169043
67007,FLYING J TRAVEL PLAZA #795,HWY 2,Nisku                                   ,AB,80,4.3981947,50.0530486,-110.7326567
67008,TA ST LOUIS EAST TRAVEL CENTER,"I-55, EXIT 18",Troy,IL,574,3.379,38.729093,-89.883221
67009,PILOT TRAVEL CENTER #407,"I-35, EXIT 194",Clear Lake,IA,433,3.659,43.145133,-93.358466
67011,FLYING J CARDLOCK #844,HWY 16,Yorkton                                 ,SK,550,4.90932581,51.22489287226,-102.515855491132
67014,FLYING J FUEL STOP #803,HWY 1 EAST,Portage La Prairie                      ,MB,900,4.61898985,49.973544357649,-98.230040079641
67016,FLYING J CARDLOCK #842,HWY 11,Regina,SK,550,4.73244636,50.46409,-104.562691
67018,FLYING J CARDLOCK #822,HWY 16,Lloydminster,AB,80,4.56431296,53.27800412362,-110.043227826396
67019,FLYING J CARDLOCK #829,HWY 3,Creston                                 ,BC,50,5.15026093,49.117685559956,-116.531314120418
67020,FLYING J CARDLOCK #828,HWY 95A,Cranbrook,BC,50,5.02096483,49.537083,-115.752697
67024,FLYING J FUEL STOP #811,HWY-1,Moose Jaw,SK,550,4.62238967,50.416364879164,-105.510437969418
67027,FLYING J FUEL STOP #806,HWY 11,Kapuskasing,ON,460,5.28836504,49.399549856827,-82.376897346729
67030,LOVES TRAVEL STOP #337,"I-90 & I-35, EXIT 11",Albert Lea,MN,515,4.089,43.683712987082,-93.321265975629
67031,FLYING J CARDLOCK #798,HWY 91,Delta,BC,800,5.1758301,49.163223557689,-122.944121836597
67034,LOVES TRAVEL STOP #356,"I-75, EXIT 167",North Baltimore,OH,550,3.34733333,41.170089506764,-83.64892473995
67037,LOVES TRAVEL STOP #332,I-71 EXIT 204,Burbank,OH,305,3.689,40.997133387681,-81.999279285991
67038,PILOT TRAVEL CENTER #260,US-82/SR-520 & SR-300,Albany,GA,10,3.799,31.580032613864,-84.087784403976
67039,ROAD RANGER #145,"I-44, EXIT 275",Fenton,MO,540,3.359,38.5435,-90.439983
67040,FLYING J TRAVEL PLAZA #603,US-431/SR-210 & US-231/SR-1,Dothan,AL,20,3.999,31.244998346663,-85.371804547204
67041,CIRCLE K #4707040,"I-95, EXIT 133 & US-201",Skowhegan,ME,170,3.72566666,44.601759498288,-69.598408234119
67044,PILOT #1212,"I-10, EXIT 45",Salome,AZ,930,3.959,33.630492568834,-113.769487545068
67047,Circle K #2746490,"I-90, EXIT 332",Mitchell,SD,455,3.064,43.691452482969,-98.015009882697
67049,FLYING J TRAVEL PLAZA #785,"HWY 2, EXIT 240",Calgary                                 ,AB,50,4.59452716,50.9482185,-113.9806042
67051,PILOT TRAVEL CENTERS #208,"I-44, EXIT 257",Pacific                                 ,MO,540,3.324,38.486989,-90.758125
67053,TA LAREDO TRAVEL CENTER,"I-35/US-83, EXIT 13",Laredo,TX,693,3.649,27.759551,-99.437126
67054,LOVES TRAVEL STOP #436,"I-80, EXIT 118",Salt Lake City,UT,835,3.777,40.764950794476,-111.955514574815
67055,FLYING J TRAVEL PLAZA #641,I-15,Mccammon,ID,825,3.749,42.6597039,-112.205366
67056,Arco,US-2 & US-59,Erskine,MN,355,3.399,47.660849517053,-95.983317520462
67057,PILOT TRAVEL CENTERS #146,"I-90, EXIT 12",Castleton On Hudson,NY,12,3.999,42.4979767,-73.6741506
67058,PILOT TRAVEL CENTERS #368,"I-72, EXIT 144",Decatur                                 ,IL,280,3.499,39.90752,-88.895653
67060,PILOT TRAVEL CENTERS #151,"I-5, EXIT 99NE",Olympia,WA,977,4.599,46.9535007,-122.9349976
67063,PILOT TRAVEL CENTERS #330,"I-35, EXIT 184 SW",New Braunfels,TX,740,3.399,29.67644,-98.156041
67064,LOVES TRAVEL STOP #385,"I-40, EXIT 101 & US-281",Hinton,OK,483,3.38566666,35.530001006802,-98.35066101437
67065,TA GREENWOOD TRAVEL CENTER,"I-20, EXIT 5 & US-79",Greenwood,LA,745,3.16566666,32.443200751414,-93.952205732443
67066,LOVES TRAVEL STOP #361,"I-80, EXIT 168",Newton,IA,320,3.76233333,41.682586503701,-92.994819685831
67067,LOVES TRAVEL STOP #377,"I-76/US-6, EXIT 31 & SR-52",Hudson,CO,800,3.459,40.07613279569,-104.645115293614
67069,FLYING J TRAVEL PLAZA #621,"I-70, EXIT 359 & US-24",Limon,CO,800,3.874,39.27512,-103.708707
67070,CASEYS #4225,"SR-155N, EXIT 26-A",Nashville,TN,460,3.06233333,36.1682332,-86.869284
67071,FAS MART #5154,"I-270, EXIT 3 & SR-3",Hartford,IL,574,3.279,38.8202353594,-90.098917278768
67073,PILOT TRAVEL CENTERS #81,"I-79, EXIT 99",Portersville,PA,165,4.259,40.9643308,-80.1409047
67075,CM FOREST GOLD,SR-16,Amite,LA,600,3.399,30.71273951517,-90.574154060494
67076,CASH MAGIC LUCKY MAGNOLIA,SR-63/SR-16,Denham Springs,LA,600,3.399,30.485987464464,-90.94358719359
67077,CASH MAGIC BROUSSARD SOUTH,US-90,Broussard,LA,600,3.399,30.081179,-91.940567
67078,CASH MAGIC SILVER FOX,SR-63/SR-16,Denham Springs,LA,600,3.399,30.485987464464,-90.94358719359
67081,LOVES TRAVEL STOP #376,"I-85/SR-403, EXIT 28 & SR-54/SR-100",Hogansville,GA,18,3.689,33.225760626105,-84.934713712765
67082,PILOT TRAVEL CENTERS #179,"I-81, EXIT 5-B",Hagerstown,MD,22,3.959,39.629796,-77.78278
67085,PILOT TRAVEL CENTERS #210,"I-287, EXIT 66 & SR-17",Mahwah,NJ,105,3.899,41.103834950355,-74.16777751459
67086,SPEEDWAY #7945,SR-24,Swansboro,NC,205,3.699,34.696759,-77.139454
67087,SPEEDWAY #8189,"I-40, EXIT 408 & SR-210 & US-117",Rocky Point,NC,245,3.60566666,34.440941676427,-77.873291086689
67088,PILOT #4580,"I-26, EXIT 82",Prosperity,SC,30,3.42566666,34.239303681394,-81.462991704655
67090,LOVES TRAVEL STOP #373,US-69 & PLATTER RD,Calera,OK,253,3.229,33.910554993856,-96.460045974916
67091,SPEEDWAY #7903,SR-211,Raeford,NC,63,3.699,35.036904196892,-79.330489708931
67092,SPEEDWAY #8288,US-64 & SR-149,Plymouth,NC,177,3.20733333,35.835346405318,-76.765898362159
67094,SPEEDWAY #7943,US-64/SR-49 & US-220,Asheboro,NC,65,3.54233333,35.685962492454,-79.830139186154
67095,SPEEDWAY #8297,US-17 & US-17 BYP,Chocowinity,NC,205,3.13233333,35.500416995725,-77.103116073228
67096,SPEEDWAY #6997,I-95/US-301,Fayetteville,NC,63,3.39566666,35.04358,-78.956358
67097,SPEEDWAY #8298,SR-11/SR-55,Kinston,NC,205,3.353,35.258758503261,-77.581049214219
67101,SPEEDWAY #7974,US-601 & SR-24/SR-27,Midland,NC,46,3.429,35.249138560233,-80.573235394254
67103,SPEEDWAY #8225,US-13/US-17 & US-64,Williamston,NC,205,3.849,35.843920295985,-77.055456990868
67106,PILOT TRAVEL CENTER #4656,"I-295, EXIT 3-A & US-460",Disputanta,VA,180,3.57233333,37.193432984498,-77.328728994973
67107,SPEEDWAY/7fleet #4595,US-501 & SR-544,Conway,SC,205,3.089,33.804112786336,-79.01655922598
67108,SPEEDWAY/7fleet #4594,SR-90,Longs,SC,205,3.309,33.855011,-78.815203
67109,SPEEDWAY #4676,US-13/SR-32,Suffolk,VA,130,3.799,36.728215951118,-76.583275199546
67113,COLUMBUS WEST TRAVEL CENTER,"US-151, EXIT 118",Columbus,WI,420,3.119,43.3533943,-89.0370184
67114,SPEEDWAY #1415,"I-57, EXIT 306 & US-45/US-52",Kankakee,IL,280,3.339,41.120831369515,-87.869092264686
67115,CIRCLE K #3912,"I-24/SR-27, EXIT 155 & SR-28",Jasper,TN,285,2.889,35.050406408254,-85.629777772327
67117,MCCLURE OIL #65,US-31 & SR-38,Cicero                                  ,IN,375,3.889,40.107978060205,-86.159675255266
67118,ABELS QUIK SHOP #20,US-36 & CR-437,Hannibal,MO,540,3.06566666,39.71341881422,-91.445892169814
67119,EASTWAY TRUCKSTOP,SR-80,Somerset,KY,410,3.599,37.163692077132,-84.34747755069
67120,LOVES TRAVEL STOP #379,"I-10 & CR 255, EXIT 262 SW",Lee,FL,20,3.789,30.523182155453,-83.299915348026
67121,BETTY BEAVERS TRUCKSTOP,"I-88, EXIT 12 & CR-48",Otego                                   ,NY,12,3.819,42.375619589427,-75.192074342839
67122,WORKMANS TRAVEL CENTER,"I-540, EXIT 24 & SR-282",Alma,AR,735,3.37233333,36.2553794,-94.1531512
67125,LOVES TRAVEL STOP #370,I-80 EXIT 234,Hubbard,OH,573,3.46566666,41.176434069422,-80.568206754758
67126,PILOT TRAVEL CENTERS #366,"I-40, EXIT 85 CHRISTMASVILLE RD",Jackson,TN,435,3.509,35.685565567429,-88.779866429409
67127,LOVES TRAVEL STOP #381,"I-65, EXIT 322 & CR-55",Falkville,AL,615,3.849,34.368202297188,-86.902320201929
67129,PILOT TRAVEL CENTERS #920,"I-70, EXIT 54",Colby,KS,525,3.649,39.364639,-101.032478
67130,Pilot Travel Center #473,"I-55, EXIT 248 & US-6",Channahon                               ,IL,290,3.399,41.457726217252,-88.196426612308
67133,LOVES TRAVEL STOP #365,I-80 EXIT 352,Wells,NV,835,3.71566666,41.099968749422,-114.960175575991
67137,PILOT TRAVEL CENTERS #485,"I-80, EXIT 173",Winnemucca                              ,NV,966,3.77066666,40.9313725,-117.8042668
67138,Kum N Go #0561,US-65 & SR-744,Springfield,MO,535,2.899,37.238922620769,-93.224852463801
67139,LOVES TRAVEL STOP #383,I-71 EXIT 55 & SR-1039,Sparta,KY,415,3.749,38.693567214666,-84.934075348622
67140,Maverik Country Store #5069,I-35 EXIT 133,Ellsworth,IA,320,3.09566666,42.30770622849,-93.569028519521
67141,KUM & GO #0022,"I-80, EXIT 182 & SR-146",Grinnell,IA,320,3.19733333,41.730239935785,-92.727237404652
67143,ALL AMERICAN STORES #7,US-30,Fort Wayne,IN,370,3.559,41.178868,-85.135971
67149,HOOPS TRAVEL CENTER,I-39 & SR-21,Coloma,WI,395,3.18233333,44.035175910236,-89.529049736228
67150,Maverik Country Store #5119,"US-30, EXIT 150",Ames,IA,320,3.08233333,42.0265523,-93.6199304
67151,CASEYS #2523,"SR-163, EXIT 29 & SR-14",Monroe,IA,320,3.199,41.512478995841,-93.101231964818
67155,PILOT #1219,"I-70, EXIT 61",Vandalia,IL,540,3.699,38.968272410426,-89.134904721031
67158,GOLDEN GATE AUTO TRUCK PLAZA,"I-80 , EXIT 32",Sparks,NV,966,3.539,41.101547,-114.957772
67160,LOVES TRAVEL STOP #378,"I-77, EXIT 132 ",Ripley,WV,44,3.621,38.759536540873,-81.69375153264
67162,PILOT TRAVEL CENTER #495,"I-80 , EXIT 201",Brooklyn,IA,380,3.699,41.697933,-92.359057
67163,LOVES TRAVEL STOP #358,"I-78, EXIT 23",Hamburg,PA,208,3.85733333,40.516362067021,-76.108939184481
67164,FLYING J TRAVEL PLAZA #510,"I-15 , EXIT 188",Scipio,UT,835,3.689,39.687072,-111.834716
67165,SOMERSET TRAVEL CENTER,"I-76 , EXIT 110",Somerset,PA,14,4.219,40.020964,-79.084846
67166,Circle K #4705726,US-33,Carroll,OH,315,3.24566666,40.574416,-81.088316
67167,LOVES TRAVEL STOP #372,"I-84, EXIT 374",Ontario,OR,982,3.689,44.050593444545,-116.979225090845
67168,LOVES TRAVEL STOPS #455,"I-70, EXIT 145",Ellis,KS,525,3.689,38.94738,-99.560988
67169,JD ORANGEBURG,US-301/US-601/SR-4,Orangeburg,SC,135,3.34233333,33.483131782888,-80.915310657462
67170,FAST TRACK #410,"I-10, EXIT 258",Madison                                 ,FL,20,3.749,30.395520460077,-83.358593013954
67174,KWIK STAR #419,"US-218, EXIT 218",Charles City,IA,433,3.539,43.039069725012,-92.66793840979
67175,KWIK STAR #428,SR-9,Cresco,IA,515,3.524,43.371153447385,-92.115204468331
67178,KWIK STAR #701,US-63,Denver,IA,565,3.499,42.671352,-92.337251
67182,KWIK STAR #817,US-52 & SR-24,Calmar,IA,565,3.579,43.182715318716,-91.864620704141
67185,KWIK TRIP #385,SR-19/SR-3,Northfield,MN,451,3.499,44.459606089676,-93.161823407536
67186,KWIK TRIP #424,SR-15 & CR-26,Fairmont,MN,425,3.399,43.652110990906,-94.44741096089
67192,KWIK TRIP #464,US-63,Rochester,MN,515,3.54066666,44.0926016,-92.510071
67193,KWIK TRIP #609,SR-16 & SR-43,Rushford,MN,515,3.499,43.805546003303,-91.753151031096
67195,KWIK TRIP #646,US-169 & CR-53,Blue Earth,MN,425,3.324,44.009716218374,-93.783343666328
67196,KWIK TRIP #753,US-14 & SR-42,Eyota,MN,515,3.61566666,44.020187932063,-92.248918533605
67200,KWIK TRIP #319,SR-13,Spencer,WI,395,3.47566666,44.75358,-90.29143
67202,KWIK TRIP #328,US-53 & SR-95,Blair,WI,295,3.23733333,44.301580914437,-91.267422508107
67204,KWIK TRIP #337,SR-65,New Richmond,WI,451,3.499,45.10375,-92.536938
67206,KWIK TRIP #352,US-53,Chippewa Falls,WI,295,3.40733333,44.921458,-91.368553
67207,KWIK TRIP #354,SR-26,Watertown,WI,420,3.37233333,43.207075,-88.70834
67208,KWIK TRIP #363,US-14 & CR-O,Richland Center,WI,420,3.389,43.315191088857,-90.350579177193
67209,KWIK TRIP #386,SR-64,Merrill,WI,395,3.499,45.178999,-89.65294
67211,KWIK TRIP #392,SR-49/SR-23,Ripon,WI,582,3.39066666,43.846244842296,-88.836951376081
67219,KWIK TRIP #455,US-8 & SR-27,Ladysmith,WI,295,3.27233333,45.465080102657,-91.111106887046
67220,KWIK TRIP #456,"US-18/151, EXIT 79 & CR-PB",Verona,WI,420,3.579,42.973098352476,-89.518777831205
67221,KWIK TRIP #457,"I-41/US-41, EXIT 116 & SR-44/SR-91",Oshkosh,WI,582,3.29066666,43.987813140043,-88.582379316287
67223,KWIK TRIP #476,"US-53, EXIT 140",Rice Lake,WI,295,3.43233333,45.470730009823,-91.757734439267
67226,KWIK TRIP #494,US-53 & SR-35,Onalaska,WI,515,3.33566666,43.941848992343,-91.25657096098
67229,KWIK TRIP #740,SR-15,Hortonville,WI,582,3.509,44.336064,-88.630999
67230,KWIK TRIP #750,US-14/US-61/SR-35,La Crosse,WI,515,3.299,43.824637549899,-91.239953890003
67233,KWIK TRIP #807,US-10,Brillion,WI,582,3.36566666,44.182622,-88.065182
67234,KWIK TRIP #847,SR-33 & SR-82/SR-80,Wonewoc,WI,395,3.499,43.681001106129,-90.266038463575
67235,FLYING J TRAVEL PLAZA #507,I-35,Jarrell,TX,765,3.22066666,28.4532317,-99.238399
67237,OUTPOST TRAVEL CENTER,US-79 & CR-111,Minden,LA,745,3.13233333,32.683131,-93.192392
67239,RELAY STATION,SR-1,Shreveport,LA,745,3.13233333,32.358607,-93.637768
67241,RELAY STATION 3,SR-175,Frierson,LA,745,3.259,32.2139046,-93.7057776
67242,SPEEDWAY #6940,"I-77, EXIT 85 & SR-268",Elkin,NC,65,2.859,36.248040213445,-80.851724658126
67243,LOVES TRAVEL STOP #386,"I-40, EXIT 9 & SR-95",Lake Havasu City,AZ,910,3.92233333,34.482938806906,-114.349335109609
67245,SPEEDWAY #4582,US-378,Conway,SC,205,3.089,33.859749,-79.056348
67246,SPEEDWAY #7941,US-17 & SR-24,Jacksonville,NC,245,3.32566666,34.739865816543,-77.451213829895
67247,CIRCLE K #4707512,"I-93, EXIT 47",Methuen,MA,170,3.799,42.729759,-71.210215
67248,SPEEDWAY #6962,"I-40, EXIT 303",Garner,NC,177,2.92066666,35.725335503928,-78.585463914312
67255,LOVES TRAVEL STOP #393,"I-55, EXIT 13",Mccomb,MS,620,3.239,31.188497218709,-90.483634914791
67262,PILOT TRAVEL CENTER #497,"I-20, EXIT 165",Lincoln,AL,615,3.109,33.593137,-86.1598036
67264,CIRCLE K #4707016,US-1,Princeton,ME,170,3.88233333,45.22232,-67.569361
67265,CIRCLE K #4707048,US-2,Lincoln,ME,170,3.73233333,45.36222,-68.515595
67269,ONVO TRAVEL PLAZA - GOULDSBORO,"I-380, EXIT 13 & SR-507",Gouldsboro,PA,200,3.58566666,41.231915196978,-75.496231976662
67271,KWIK TRIP #330,US-169 & SR-25,Belle Plaine,MN,451,3.379,44.623720605465,-93.763727466289
67272,PILOT TRAVEL CENTER #922- TOWN PUMP,US-2 & SR-40,Columbia Falls                          ,MT,820,3.649,48.370664910586,-114.241008094624
67273,LOVES TRAVEL STOP #396,I-26 EXIT 76,Newberry,SC,30,3.41566666,34.291780793365,-81.543436697589
67274,KWIK STAR #790,"US-20, EXIT 275 & SR-13",Manchester,IA,335,3.56233333,42.485569211537,-91.457876833613
67275,KWIK TRIP #481,US-61,Red Wing                                ,MN,451,3.324,44.5677,-92.624773
67279,LOVES TRAVEL STOP #391,"I-74, EXIT 123",Saint Paul,IN,375,3.989,39.451970635791,-85.627632834921
67281,PARKERS SURRENCY #208,US-341/SR-27 & SR-121,Surrency,GA,195,3.58566666,31.725410312286,-82.196949926297
67282,RUTTERS #65,"I-81, EXIT 14 & US-11",Chambersburg,PA,70,4.399,39.937771013909,-77.660896022646
67283,PILOT #4597,"I-40, EXIT 258/SR-53",Gordonsville,TN,460,3.24566666,36.181301830913,-85.976849018262
67284,LOVES TRAVEL STOP #390,"I-80, EXIT 179",North Platte,NE,475,3.45566666,41.105545055663,-100.722967045159
67285,CASEY'S #4504,"I-35, EXIT 159 & CR-C47",Dows,IA,433,3.299,42.673649984726,-93.45827002705
67292,LOVES TRAVEL STOP #304,"I-59, EXIT 174",Steele,AL,615,3.989,33.932340402534,-86.194740069685
67293,KWIK TRIP #367,SR-33/CR-A,Fox Lake,WI,582,3.24566666,43.565812268566,-88.935287084039
67294,MAPLEFIELDS,"I-87, EXIT 42/SR-11",Champlain,NY,300,3.799,44.979826,-73.454266
67296,LOVES TRAVEL STOP #340,"I-15, EXIT 64 & US-93",Las Vegas,NV,910,3.689,36.382918188542,-114.890844604266
67297,BAR-B,I-20 EXIT 370 & FM-919,Gordon                                  ,TX,637,2.93233333,32.552110052323,-98.369992723256
67298,SPEEDWAY #5360,US-42,London,OH,315,3.099,39.949905,-83.382786
67302,KUM & GO #0187,"I-90, EXIT 87",Sherburn,MN,440,3.18733333,43.666069260923,-94.728111709809
67303,KUM & GO #0615,"I-29, EXIT 15",Elk Point,SD,527,3.07233333,42.668032471779,-96.667079161139
67304,JACKRABBIT JUNCTION,"SR-60, EXIT 51 & CR-A22",Sibley                                  ,IA,521,3.26566666,43.404084985798,-95.719880003352
67305,RELAY STATION,"I-20, EXIT 3",Bethany,LA,745,3.12233333,32.397687,-94.005205
67306,150 QUICK STOP,US-150/SR-605,Bardstown,KY,415,3.17233333,37.784910270664,-85.399053239277
67307,CMS FUELING CENTER,I-69 EXIT 153 AT MILE 153,Lapeer                                  ,MI,342,3.899,43.034933,-83.360843
67308,FUEL STAR,SR-48,New Orleans,LA,619,3.279,29.952180547346,-90.180015367281
67311,HOLIDAY STATIONSTORE #2746409,US-53 & CR-13,Duluth,MN,334,3.499,46.756814,-92.144636
67312,RHODES 101 STOP #790,"I-55, EXIT 91",Scott City                              ,MO,275,3.424,37.242694800348,-89.56733242701
67313,Majors 660 Diboll Truck Plaza,US-59,Diboll                                  ,TX,610,2.83233333,31.1871259,-94.7816985
67316,LOVES TRAVEL STOP #302,US-287 & US-412,Boise City,OK,585,3.40233333,36.726066612977,-102.48411257867
67321,LOVES TRAVEL STOP #388,"I-55, EXIT 246 & SR-35",Batesville,MS,655,3.46066666,34.320232750163,-89.94863125585
67322,LOVES TRAVEL STOP #398,"US-78, EXIT 81 & SR-178",Tupelo,MS,435,3.88233333,34.315488932719,-88.789394091235
67323,PUMP & PANTRY #13,US-281/SR-92,Saint Paul,NE,330,3.30733333,41.208379432731,-98.451492282384
67325,LOVES TRAVEL STOP #225,"I-65, EXIT 93 & US-84",Evergreen,AL,720,3.339,31.419066201143,-87.006923845338
67327,FLYING J #796,"QEW 2, EXIT 401",Red Deer                                ,AB,80,4.74116815,52.268182,-113.81121
67328,FLYING J #792,TCH 1 & HWY-542,Brooks                                  ,AB,50,4.7314019,50.571527420809,-111.935304194659
67329,LOVES TRAVEL STOP #387,"I-85, EXIT 4",Fair Play,SC,16,3.21233333,34.504908,-82.961337
67331,LOVES TRAVEL STOP #227,"I-20 /I-59, EXIT 100 & SR-216",Mc Calla,AL,615,3.159,33.281869005077,-87.092849494467
67333,PILOT #880,"I-84, EXIT 1",Montague,NJ,105,3.999,41.737144,-122.62403
67334,KWIK TRIP #338,US-51,Plover,WI,395,3.299,44.453486,-89.540674
67335,TOP STOP MARKET,"I-24, EXIT 111",Manchester,TN,285,3.01566666,35.4867314,-86.0712438
67336,LOVES TRAVEL STOP #342,"I-37, EXIT 72 & US-281",Three Rivers,TX,740,3.169,28.520479251778,-98.180358833437
67337,KWIK TRIP #422,"I-94, EXIT 322",Oak Creek,WI,444,3.744,42.876782792774,-87.937400489517
67338,HUTCH'S #114,US-81,Enid,OK,337,2.999,36.360451,-97.890923
67340,MCCLURE,I-74 EXIT  34,Crawfordsville                          ,IN,375,3.61566666,40.081204110794,-86.910854236647
67341,CASEYS #3898,"US-151, EXIT 49 & CR-E34",Anamosa,IA,380,3.359,42.107692882236,-91.292095796194
67342,One9 #1414,"I-81, EXIT 128",Elliston,VA,185,3.24233333,37.232034655114,-80.238052941698
67343,EAGLE EXPRESS,US-41,Peshtigo,WI,360,3.399,45.0495338,-87.7967005
67344,DODGE CITY SHELL,"I-65, EXIT 299",Hanceville,AL,615,3.95233333,34.051095735019,-86.866327155182
67345,STEELE SERVICE STATION,"I-59, EXIT 174",Steele,AL,587,3.889,33.934765,-86.195152
67348,LOVES TRAVEL STOP #389,I-90 EXIT 241,Conneaut,OH,305,3.849,41.917993534604,-80.566122798669
67350,DE PERE SUPER STORE,US-41,De Pere,WI,360,3.25566666,44.4529162,-88.0931506
67356,PRIDE CONVENIENCE STORE,"I-91, EXIT 8 & US-20",Springfield,MA,100,3.559,42.13958,-72.56012
67357,LOVES TRAVEL STOP #353,"I-29, EXIT 62",Fargo,ND,341,3.52566666,46.829917769357,-96.839371145122
67358,KWIK TRIP #453,SR-35/SR-65,River Falls,WI,451,3.44733333,44.850734908121,-92.605770069314
67359,SAGE HILL TRAVEL CENTER,"I-15, EXIT 89 & US-91",Blackfoot                               ,ID,825,3.569,43.161948259521,-112.374496264077
67360,BP,"I-95/SR-405, EXIT 49 & SR-251",Darien                                  ,GA,195,3.539,31.399951109396,-81.448004252658
67361,SUMNER TRUCK STOP,SR-167,Sumner,WA,977,4.299,47.196493571736,-122.238619889224
67362,TA Glenrio,"I-40, Exit 369 & SR-392",San Jon,NM,585,3.899,35.171206558669,-103.10210384573
67364,KWIK TRIP #373,"I-94, EXIT 295",Waukesha,WI,444,3.45733333,43.047195431148,-88.204237959624
67365,KWIK TRIP #491,US-151,Manitowoc,WI,582,3.38233333,44.095939,-87.657435
67366,KWIK TRIP #499,"I-43, EXIT 57",New Berlin,WI,444,3.49066666,42.949325811319,-88.113094554558
67367,KWIK TRIP #757,US-14/US-61/SR-27,Viroqua,WI,515,3.359,43.556276409733,-90.88929870283
67368,KWIK TRIP #653,"I-39, EXIT 87 & US-51/SR-16",Portage,WI,420,3.274,43.538340980582,-89.457822514689
67369,KENOSHA TRAVEL PLAZA,"I-94, EXIT 340/US-41 & SR-142",Kenosha,WI,444,3.719,42.614993007209,-87.952168997355
67370,CIRCLE M #43,US-441/US-23/SR-15,Rabun Gap                               ,GA,30,3.549,34.877891560696,-83.397020110265
67371,PARAMOUNT TRAVEL PLAZA,"I-30, EXIT 46 & SR-19",Prescott,AR,635,3.379,33.829754348299,-93.394228975938
67380,MILLERS TRAVEL CENTER,"I-80, EXIT 1",Wendover,UT,835,3.599,40.735579,-114.042107
67381,ENMARKET #875,US-78 & US-21,Branchville,SC,195,3.26566666,33.25282001088,-80.815337021283
67382,CORNER PANTRY TRAVEL PLAZA,SR-79 & SR-40,Hermosa,SD,506,3.299,43.839696600959,-103.199555875361
67383,FRIENDSHIP FOOD MART #96,SR-101/SR- 2,Sandusky,OH,550,3.529,41.420296,-82.758008
67389,COUCHE-TARD,"H-20, EXIT 145",Saint-Liboire,QC,300,4.74186729,45.651107,-72.759029
67391,SHOEMAKERS SHELL TRAVEL CENTER,I-80 EXIT 395 AT MILE 395,Lincoln,NE,413,3.349,40.813599,-96.70261
67393,LOVES TRAVEL STOP #280,"I-10, EXIT 114",Buckeye,AZ,930,3.569,33.435652740516,-112.58515585681
67394,Circle K #2745133,US-23 & SR-38,Waycross,GA,75,3.399,31.207902809236,-82.361197174695
67395,KUM & GO #0267,"I-80, EXIT 267 & SR 38",Tipton,IA,380,2.98233333,41.643788507974,-91.111117029149
67396,Q C MART,US-61 & CR-E63,Welton,IA,270,3.699,41.901924303687,-90.590366232484
67397,EXPRESS LANE #51,I-80 EXIT 93 ROUTE 71,Ottawa                                  ,IL,290,3.599,41.340761995723,-88.840468940625
67398,CASEYS #3998,SR-13 & HWY-C,Lowry City                              ,MO,400,3.249,38.151664979827,-93.722671965939
67400,SPEEDWAY #3547,I-75 & 696,Lima,OH,411,3.499,40.83322888279,-83.961351273563
67401,QUIKTRIP #973,"I-45, EXIT 272",Hutchins,TX,630,2.88233333,32.618546487308,-96.692348995686
67402,TA EXPRESS HOT SPRINGS,US-395/US-18 & SR-79,Hot Springs,SD,506,3.299,43.399624597933,-103.396990515011
67404,Meskwaki Travel Plaza,HIGHWAY 30 E,Tama,IA,486,3.234,41.99845,-92.674641
67405,ANTELOPE TRUCK STOP,"I-80, EXIT 386",Burns                                   ,WY,795,3.199,41.158169944078,-104.346777206855
67406,GETGO #3701,"I-99, EXIT 23",East Freedom                            ,PA,14,4.099,40.367443292365,-78.434233072216
67408,STOCKTON TRAVEL CENTER,US-20/SR-78,Stockton                                ,IL,520,3.599,42.3579101,-89.998413
67409,XTRA MART #7025,SR-146,Sutton,MA,175,3.649,42.161074,-71.737417
67410,STRIPES #40532,US-83 & US-277,Carrizo Springs,TX,740,3.349,28.521119201799,-99.857274834
67411,LOVES TRAVEL STOP #226,"I-25, EXIT 104",Pueblo,CO,803,3.619,38.335521435576,-104.618731412613
67414,PILOT TRAVEL CENTERS #590,"I-94, EXIT 100",Alexandria,MN,250,3.46566666,45.8614833,-95.4226149
67416,CASEYS #4025,US-61/SR-92,Muscatine                               ,IA,380,3.299,41.420784276334,-91.044492881107
67417,QUIKTRIP #444,"I-10 EXIT, 139",Phoenix,AZ,930,3.369,33.462892119798,-112.163224943992
67418,KUM & GO #0080,"US-218/SR-27, EXIT 80 & SR-22",Riverside,IA,380,3.09733333,41.4793887512,-91.582476702977
67419,LOVES TRAVEL STOP #359,"I-75, EXIT 283",Cartersville,GA,18,3.55566666,34.115164384855,-84.735747581322
67420,LOVES TRAVEL STOP #369,I-40 EXIT 163 & SR-48,Dickson,TN,460,3.17566666,35.989950609389,-87.488575236634
67421,LOVES TRAVEL STOP #375,US-79/SR-6 & FM-485,Hearne,TX,670,3.489,30.896644983858,-96.601568039787
67422,KUM & GO #0137,"I-80, EXIT 237",Tiffin,IA,380,3.099,41.694175103569,-91.662617556589
67423,FIRELAKE GRAND TRAVEL PLAZA,"I-40, EXIT 178 & SR-102",Shawnee,OK,483,2.899,35.380935,-97.055986
67424,FLORIDA 595 TRUCK STOP,"I-595/SR-84, EXIT 9 & US-441",Fort Lauderdale,FL,64,3.769,26.092759771696,-80.148742364827
67425,LITTLEFIELD EXPRESS #15,"US-67, EXIT 55 & SR-258",Bald Knob,AR,695,3.309,35.325575123573,-91.561352946194
67426,Spearville Truck Stop,"I-56, 126 RD",Spearville                              ,KS,570,3.46566666,37.85605,-99.752416
67427,CASEYS #2907,I-57 & I-62,Charleston,MO,275,3.044,36.920931989756,-89.318422986808
67428,CONOCO,"I-95, EXIT 12",Carteret                                ,NJ,79,3.499,40.59264784019,-74.235032647618
67429,7-ELEVEN #40396,"NJTP, EXIT 8A",Monroe Township,NJ,115,3.559,40.348247764749,-74.473681033313
67431,SPARKYS ONE STOP #32,I-30 & CR 33,Carroll,IA,320,3.23233333,42.065131,-94.843276
67432,PILOT TRAVEL CENTER #471,US-27 & US-17,Haines City,FL,140,3.569,28.117064,-81.638755
67434,SHELL FOOD MART,"I-35, EXIT 54",Cameron,MO,400,2.99066666,39.751109222008,-94.21960231394
67435,7 ELEVEN #40122,I-95 MM2,Newark,DE,160,3.459,39.67498,-75.680897
67436,7-ELEVEN #40069,"I-81, EXIT 29",Shippensburg,PA,70,3.42233333,40.061596558477,-77.478862727646
67437,CANDIA FIRST STOP,"SR-101, EXIT 3",Candia                                  ,NH,170,3.899,43.038743532101,-71.30636035994
67438,LOVES TRAVEL STOPS #363,"I-75, EXIT 358 & SR-326",Ocala,FL,225,3.329,29.25943090927,-82.137676979944
67439,LOVES TRAVEL STOP #380,US-287/SR-114,Rhome,TX,630,3.161,33.045506784267,-97.453871576099
67440,PILOT TRAVEL CENTERS #503,"I-79, EXIT 146 & CR-77",Morgantown,WV,165,4.059,39.537822217465,-79.994024587792
67442,PILOT #4598,I-75 EXIT 56,Niota,TN,285,3.599,35.550898791432,-84.564318435356
67443,PILOT #4599,"I-24, EXIT 135",Monteagle,TN,285,3.33566666,35.230719032375,-85.82866395
67453,PETRO-CANADA,HWY 63 N,Fort Mcmurray                           ,AB,85,3.8132543,56.722809931766,-111.381713387472
67455,PETRO-CANADA,HWY 16 E,Lloydminster                            ,AB,80,3.96039416,53.344322571747,-110.685869489347
67459,PETRO-CANADA,HWY 43,Valleyview                              ,AB,80,3.96039416,55.059684343421,-117.281078154899
67460,PETRO-CANADA,HWY 1,Abbotsford                              ,BC,800,4.23106887,49.076850829985,-122.430658504736
67463,PETRO-CANADA,"HWY 1, EXIT 109 N",Chilliwack                              ,BC,800,4.31463179,49.168011145508,-121.785872180244
67469,PETRO-CANADA,HWY 1 N,Brandon                                 ,MB,900,3.73656513,49.886322,-99.940402
67476,PETRO-CANADA,"HWY 401, EXIT 275 N",Kitchener                               ,ON,430,3.43010883,43.38839304,-80.40252906
67477,PETRO-CANADA,HWY 7 N,Brampton                                ,ON,720,3.39643942,43.732964,-79.824692
67478,PETRO-CANADA,HWY 601 N,Dryden                                  ,ON,900,3.97950166,49.793370480072,-92.825118694245
67484,PETRO-CANADA,HWY 1 & HWY 207,Dugald                                  ,MB,900,3.73656513,49.820010005413,-96.935929030616
67500,PETRO-CANADA,HWY 63,Fort Mcmurray                           ,AB,85,3.98155204,56.722809931766,-111.381713387472
67503,PETRO-CANADA,HWY-43,Grande Prairie                          ,AB,80,3.87609333,55.170658326125,-118.929251903553
67506,PETRO-CANADA,"HWY 2, EXIT 268",Calgary,AB,50,3.86725552,51.159217,-114.010912
67508,PETRO-CANADA,HWY-15 ,Fort Saskatchewan                       ,AB,80,3.92467152,53.728996680307,-113.157512038825
67540,PETRO-CANADA,"HWY-97, SMITH AVE EXIT",Quesnel                                 ,BC,850,4.60163996,52.994227151583,-122.504744044975
67543,PETRO-CANADA,HWY 97,Fort St John,BC,850,4.35113072,56.237438386303,-120.848646388863
67550,PETRO-CANADA,QEW EXIT 88/89,Hamilton                                ,ON,430,3.58883539,43.2580783,-79.7824356
67556,PETRO-CANADA,"HWY 401, EXIT 611",Kingston                                ,ON,410,3.76502588,44.285729,-76.570386
67560,PETRO-CANADA,"HWY-401, EXIT 320 & HWY-8",Milton                                  ,ON,970,3.39469036,43.526086,-79.91263
67566,CIRCLE K,"HWYY 407, EXIT 48",Mississauga,ON,720,3.22831391,43.540220552156,-79.747191327395
67568,PETRO-CANADA,"HWY 403, EXIT 109",Burlington                              ,ON,970,3.31187682,43.292940355341,-79.892164490006
67570,PETRO-CANADA,"HWY-401, EXIT 328 & HWY-3",Hornby,ON,970,3.4296031,43.576090951,-79.824404218
67571,PETRO-CANADA,"HWY 401, EXIT 14",Windsor,ON,620,3.31114588,42.247736653,-82.95222547
67603,FLYING J #862,"HWY 401, EXIT 268",Ayr,ON,200,4.45521463,44.266568,-76.967634
67612,FLYING J TRAVEL PLAZA #914- TOWN PUMP,"I-90, EXIT 96 & US-93/SR-200",Missoula,MT,820,3.609,46.950654670116,-114.134812816875
67613,KWIK STAR #490,"US-20, EXIT 225 & SR-27/SR-58",Cedar Falls,IA,565,3.524,42.447426584864,-92.466049847001
67614,KWIK TRIP #622,US-14 & CR-5,Byron,MN,515,3.574,44.028190844085,-92.648200222202
67615,KWIK TRIP #844,US-63,Lake City,MN,515,3.549,44.443214,-92.275591
67616,KWIK TRIP #887,"US-41, EXIT 139 & SR-15",Appleton,WI,582,3.30233333,44.291813373083,-88.465831004538
67617,Twice Daily Convenience Store #8046,"I-24, EXIT 31 & SR-249",Joelton,TN,460,3.349,36.347346760105,-86.932517819
67618,7-ELEVEN #40441,I-80 MM 21E,West Unity,OH,550,3.66233333,41.605306,-84.408019
67619,7-ELEVEN #40442,"I-80, MM 21W",West Unity,OH,550,3.66233333,41.605306,-84.408019
67620,LOVES TRAVEL STOP #452,"I-35, EXIT 70",Pauls Valley,OK,253,3.649,34.70298176068,-97.242192062885
67621,FLYING J TRAVEL PLAZA #925- TOWN PUMP,"I-15, EXIT 277",Great Falls,MT,815,3.63566666,47.470225,-111.358462
67622,LOVES TRAVEL STOP #454,"I-5/US-12, EXIT 72",Chehalis,WA,977,4.589,46.547310112497,-122.876932800828
67623,LOVES TRAVEL STOP #301,"I-90, EXIT 2",Post Falls,ID,970,3.74566666,47.711161,-117.004099
67624,LOVES TRAVEL STOP #300,I-70 EXIT 304,Bennett,CO,800,3.32566666,39.738403469254,-104.429593449246
67625,LOVES TRAVEL STOPS #453,"I-10, EXIT 130 & US-231",Cottondale,FL,20,3.589,30.753030196122,-85.381757713962
67626,KWIK TRIP #316,SR-15 N/SR-22 E,Hutchinson,MN,451,3.279,44.943952742985,-94.367926039891
67627,PILOT TRAVEL CENTER #4556,"I-75, EXIT 329",Wildwood,FL,225,3.319,28.874043,-82.095079
67628,LOVES TRAVEL STOP #394,"I-65,EXIT 230",Demotte,IN,365,3.51233333,41.142081425077,-87.265438252805
67629,KWIK TRIP #681,"I-94, EXIT 205",Saint Michael,MN,451,3.29733333,45.219968080231,-93.599454281504
67630,KWIK TRIP #630,US-151/SR-32/SR-57,Chilton,WI,582,3.36566666,44.024028004179,-88.162361235746
67634,54 TRUCK STOP,US-54,Mullinville                             ,KS,357,3.46566666,37.580808,-99.475012
67635,LOVES TRAVEL STOP #456,I-280 EXIT 1B,Perrysburg,OH,550,3.76066666,41.538630870663,-83.463247787118
67636,LOVES TRAVEL STOP #258,"I-35, EXIT 183",Ottawa,KS,336,3.263,38.574031031542,-95.271981502266
67637,Power Gas & Truck Stop,US-1/US-9/US-46 & SR-5,Palisades Park                          ,NJ,115,3.219,40.845415792822,-74.007458618846
67641,DANIEL BOONE TRAVEL CENTER,US-23 /US-421/US-58 & SR-871,Duffield,VA,405,3.55733333,36.711759500537,-82.792445422519
67642,GO MART FOOD STORE #103,SR-16 & CR 50/39,Ellenboro                               ,WV,44,3.699,39.266956993037,-81.057171021149
67643,QUALITY MART #62,I-77 EXIT 82,Jonesville,NC,65,2.859,36.240844657811,-80.818613583308
67644,PARKERS #31 (DISCOUNT AVAILABLE),US-80/SR-26 & US-280,Ellabell,GA,195,3.03233333,32.197096004243,-81.438163975923
67645,CIRCLE K #2721416,US-441 & SR-20,Gainesville,FL,75,3.899,29.748796988162,-82.392524034899
67647,BUCHS TRUCK STOP,SR-7,Steubenville                            ,OH,542,3.69233333,40.403636,-80.621196
67650,VIRGINIA FAST STOP,SR-78 & SR-125,Virginia,IL,318,3.759,39.953574002699,-90.207686838791
67651,SIMMONS,US-60/SR-21,Ellsinore,MO,275,3.424,36.933395724116,-90.812905951785
67652,ON THE GO TRAVEL CENTER,"I-435, EXIT 8",Kansas City,KS,400,3.999,39.0514972,-94.794201
67655,CIRCLE K #2706627,"I-10, EXIT 261",Slidell,LA,725,3.189,30.225062298603,-89.780483112405
67656,KWIK TRIP #888,US-10/US-49 & SR-54,Waupaca,WI,395,3.45733333,44.353647997767,-89.111890880909
67657,KWIK TRIP #463,US-52/SR-60,Zumbrota,MN,515,3.524,44.267610805781,-92.653961684292
67658,MIRABITO #41,I-81 EXIT 13,Tully                                   ,NY,12,4.299,42.231688,-75.916641
67664,CEFCO #16,SR-171,Godley,TX,637,2.98233333,32.451892,-97.538766
67665,ALL STAR,US-75 N,Sabetha                                 ,KS,553,3.499,39.960812449886,-95.788220536045
67666,5 STAR TRUCK STOP,"I-44, EXIT 137",Oklahoma City,OK,483,2.879,35.591317440827,-97.434582966249
67668,ADVENTURE TRUCK PLAZA,SR-3185 & SR-3107,Thibodaux,LA,623,3.399,29.784137983706,-90.859368998026
67669,CHEVRON DBA ONE9 #1271,SR-86,Thermal,CA,900,4.259,33.401877230777,-116.045343613226
67676,VALERO,"I-530/US-65, EXIT 34 & SR-365",White Hall,AR,695,3.16566666,34.262077449477,-92.10525282291
67677,BIGGAS TRUCK STOP,US-190/SR-6 & FM-2818,Bryan,TX,670,3.199,30.727658481676,-96.425224615459
67678,7-ELEVEN #40301,I-90/I-80,Genoa,OH,550,3.66233333,41.523470435151,-83.360131902886
67682,CASEYS #2739,1323 E MAIN ST,Beloit,KS,336,3.359,39.459231020631,-98.091636234006
67683,CASEYS #2734,"I-80, EXIT 222",Cozad,NE,330,3.03233333,40.843510715671,-99.983979156033
67684,CASEYS #2490,"I-35, EXIT 124 & US-69",Story City,IA,320,3.06233333,42.18577227604,-93.570023759112
67685,CASEYS #2792,"I-380/US-218, EXIT 13",Cedar Rapids,IA,380,3.499,41.893422779928,-91.671613411577
67686,CASEYS #2956,"I-315/US-81, EXIT 40",Hesston,KS,570,3.199,38.14253337026,-97.414383770408
67690,CEFCO #64,ST RT 14,Mexia,TX,765,3.099,31.662423149513,-96.499086426626
67695,MOREHEAD TRUCKSTOP,"I-64, EXIT 133 & SR- 801",Morehead,KY,255,3.599,38.182074105452,-83.55558166446
67697,FLORENCE TRAVEL PLAZA,"I-95, EXIT 150",Timmonsville                            ,SC,42,3.999,34.064848,-79.951076
67698,FRONTIER TRAVEL CENTER,US-12 & US-85,Bowman,ND,807,3.53233333,46.178600004026,-103.409888922893
67699,GAP FARMS TRAVEL CENTER,"I-20, EXIT 69 & SR-151",Arcadia                                 ,LA,590,3.249,32.562848102563,-92.91099088402
67701,MARATHON,"I-94, EXIT 331",Casselton,ND,341,3.31566666,46.874457137414,-97.208417897935
67702,SPEEDWAY #6539,US-41/SR-45 & SR-52,Land O Lakes,FL,225,3.49566666,28.321548182667,-82.503085528735
67703,SPEEDWAY #6880,CR-611,Clearwater,FL,225,3.37733333,27.98173852302,-82.709075895269
67705,CITGO,US-1,North Brunswick,NJ,115,3.18566666,40.431639,-74.514832
67706,SPEEDWAY #3495,US-1/9,Elizabeth,NJ,115,3.599,40.674448,-74.198203
67707,SPEEDWAY #3503,"I-95, EXIT 13 & I-278/US-1/US-9",Linden,NJ,115,3.429,40.625529120068,-74.215010811909
67711,HOUMA COTEAU TRAVEL PLAZA,I-90/SR-20,Houma                                   ,LA,725,3.06233333,29.631437,-90.704941
67712,CASEYS #3810,"I-29, EXIT 132 & US-14",Volga,SD,530,3.279,44.311679179925,-96.760540221241
67715,HUTCH'S #109,"I-40, EXIT 38",Elk City                                ,OK,483,2.969,35.390985519364,-99.400851314284
67716,HWY 19 SCALE,"SR-19/I-35, EXIT 66",Gaylord                                 ,MN,425,3.46566666,44.546742244125,-94.253568060335
67718,SUNSTOP #622,SR-52 & SR-167,Hartford,AL,715,3.599,31.096632206392,-85.708693436211
67720,REFUEL #1046,"I-20, EXIT 116 & US-15",Bishopville,SC,42,3.309,34.194519800409,-80.280346714135
67721,J AND D COUNTRYSIDE MARTHON,SR-76 & SR-173,Poplar Grove                            ,IL,520,3.499,42.371203006418,-88.851544022957
67723,JET FOOD STORE #80,US-221/SR-135 & SR-206,Douglas                                 ,GA,10,3.45733333,31.488106689177,-82.859675494423
67724,LOVES TRAVEL STOP #458,"I-44, EXIT 88",Strafford,MO,416,3.37233333,37.27252676278,-93.116138191072
67726,SPEEDWAY #7909,"US-264, EXIT 73",Greenville,NC,205,3.13233333,35.623163115523,-77.250677802251
67727,SPEEDWAY #7907,US-264 & SR-33,Greenville,NC,205,2.944,35.653410668894,-77.370015453811
67728,SPEEDWAY #7905,SR-43 & SR-118,Vanceboro,NC,205,3.37566666,35.312308019638,-77.161169972811
67729,SPEEDWAY #6981,US-301 BYP,Rocky Mount,NC,177,3.43233333,35.94456,-77.77683
67732,Quik Pik,US-275 & SR-9,West Point,NE,470,3.21566666,41.860881183232,-96.710913906205
67734,TROTTER TRUCK PLAZA,ST 11,Ord,NE,330,3.299,41.603019,-98.929332
67735,Fast Fuel,US-81/SR-3,Kingfisher,OK,483,3.19066666,35.860845891085,-97.932624026524
67736,SPEEDWAY #9855,I-10 EXIT 49,Fabens,TX,640,3.23566666,31.521087786663,-106.132992694525
67738,SUPER JACK TRUCK STOP,US-84,Brookhaven,MS,620,3.11566666,31.552654,-90.385529
67739,STRIPES #40819,SR-359,Orange Grove,TX,625,3.06566666,27.996663731914,-97.90716895992
67742,STRIPES 7FLEET #42514,"I-20, EXIT 138",Midland,TX,710,3.459,31.984968575544,-102.035877017055
67743,STRIPES 7FLEET #42506,US-380 & US-277,Haskell,TX,575,3.539,33.157550000193,-99.728208025791
67744,STRIPES #40715,SR-107,La Villa,TX,639,3.169,26.29364,-97.929265
67745,STRIPES #40628,"I-2, EXIT 134 & US-83",Mission,TX,639,3.259,26.212222718733,-98.344917901952
67746,STRIPES #40598,I-2/US-83,Mission,TX,639,2.869,26.22167684564,-98.372795691172
67747,STRIPES 7FLEET #42424,US-87/US-190,Brady,TX,740,3.599,31.146270743853,-99.332951970932
67748,STRIPES 7FLEET #42428,"I-20 EXIT, 115",Odessa,TX,710,3.069,31.820010603224,-102.376806226514
67749,STRIPES 7FLEET #42436,I-20 EXIT 134,Midland,TX,612,3.06566666,31.967884411324,-102.094023501198
67750,STRIPES #40729,FM-511 & FM-802,Brownsville,TX,598,2.999,25.938793009119,-97.407121992394
67753,STRIPES #40892,SR-359 & SR-16,Hebbronville,TX,625,3.28566666,27.306665879351,-98.678412036355
67754,Refuel #185,US-220,Stokesdale,NC,65,3.699,36.283929116218,-79.939659485758
67755,BLUE WATER #12,"I-526, EXIT 23",Charleston,SC,42,3.23233333,32.878120112171,-79.92972521612
67757,KEITH'S SUPERSTORE,"I-59, I-20, EXIT 160",Meridian,MS,705,3.049,32.394856748071,-88.580996391625
67758,CLARKS PUMP N SHOP #47,SR-10/SR-9,Vanceburg,KY,312,3.599,38.582834791797,-83.358615734564
67762,CEFCO #2008,US-83/US-62 & US-287,Childress,TX,770,2.91566666,34.434581019187,-100.226110005857
67763,SHELL,US-72,Mount Pleasant,MS,435,3.399,34.959759,-89.528529
67764,NINNEKAH TRUCK STOP,US-277/US-81 & SR-19,Ninnekah,OK,483,3.229,34.95681570608,-97.952292877227
67766,STOP IN Food Store #8143,US-221/US-460 & SR-607,Montvale,VA,185,3.36566666,37.382308,-79.72809
67768,SHELL,US-60 & SR-657,Lewisport,KY,487,3.499,37.923785004729,-86.895405969999
67769,PETRO-CANADA,HWY 1,Whitehorse,YT,503,3.92582703,60.589474357636,-134.777055785599
67771,DUCK THRU FOOD STORE #26,"I-95, EXIT 154 & SR-308 & SR-11/SR-42",Lewiston Woodville                      ,NC,177,3.399,36.12345816157,-77.177759326815
67772,STEVES SHELL,"I-55, EXIT 42",Brookhaven                              ,MS,620,3.199,31.602956960714,-90.465944798707
67774,7-ELEVEN #39329,I-278/US-1,Linden,NJ,79,3.37566666,40.625552340472,-74.24168021381
67777,CIRCLE K #2721270,"I-95, EXIT 358B, SR-105",Jacksonville,FL,75,3.34233333,30.406857579263,-81.642631413868
67779,REATA PETROLEUM,I-76 & BARLOW RD,Fort Morgan                             ,CO,800,3.439,40.263210013631,-103.772722987352
67782,SAMS MART #45,"I-40, EXIT 24 & SR-209",Waynesville,NC,405,3.599,35.571078618789,-82.957196674755
67783,RUTTERS #4,US-30 & SR-1016/2011,Wrightsville                            ,PA,70,3.989,39.984297033605,-76.538148927869
67784,HAVANA CONVENIENCE,US-136,Havana                                  ,IL,368,3.799,40.297116772,-89.990740362782
67787,PWI #109,"I-20, EXIT 126",Midland,TX,710,2.999,31.9087684,-102.2205239
67789,BEAR RIVER VALLEY CO OP,SR-13/SR-83,Corinne                                 ,UT,835,3.419,41.551601,-112.111173
67791,KINGSPORT TRUCK STOP,"I-81, EXIT 63",Kingsport,TN,405,3.899,36.508454366243,-82.429467653609
67792,CUBBYS #113,US-20/US-275,Oneill                                  ,NE,470,3.22566666,42.457215252782,-98.63572466573
67793,PILOT TRAVEL CENTERS #131,"I-35, EXIT 34",Osceola                                 ,IA,320,3.439,41.0404893,-93.7956567
67794,ROAD RANGER #181,"I-55, EXIT 90",Springfield,IL,318,3.409,39.710044460624,-89.643502321949
67795,ROAD RANGER #263,"I-80, EXIT 93",Ottawa,IL,520,3.339,41.376537386944,-88.774563684798
67797,CHEVRON,US-71 & SR-179,Coushatta                               ,LA,745,3.15566666,32.024388900969,-93.339883858962
67798,SUNSTOP #631,SR-231/SR-53 & SR-123,Ozark,AL,20,3.599,31.426776680828,-85.620066796253
67801,SUNOCO,"I-275, EXIT 42/SR-747",Cincinnati                              ,OH,407,3.099,39.304674064318,-84.465321569314
67804,SUNSTOP #616,US-84/SR-134 & CR-1,Daleville,AL,20,3.399,31.198232206396,-85.791435495606
67806,84 QUICK STOP,I-84,Brookhaven                              ,MS,620,3.149,31.57913,-90.440702
67811,QUICK FUEL #5301,SR-360,Grand Prairie,TX,637,3.024,32.792723,-97.054475
67813,LEROY TRUCK PLAZA,"I-74, EXIT 149",Le Roy,IL,280,3.479,40.337985,-88.768403
67815,LOVES TRAVEL STOP #254,"I-70, EXIT 59 & SR-39",Mooresville,IN,375,3.929,39.578563451333,-86.479916489612
67818,LOVES TRAVEL STOP #457,"I-30/US-67/US-70, EXIT 128",Little Rock,AR,695,3.24233333,34.665314728834,-92.405039130395
67819,BREW #31,US-71/US-18,Spencer,IA,440,3.46566666,43.126424360296,-95.141764553636
67820,CIRCLE K #2723487,US-17 & SR-211,Supply,NC,245,3.289,34.017750709957,-78.274174742928
67821,FAS MART #5261,SR-9 & SR-57,Tollesboro,KY,410,3.35233333,38.554232995284,-83.584803996414
67822,SPINX #178 (DISCOUNT AVAILABLE),"I-385, EXIT 42 & I-85, EXIT 51B & US-25",Travelers Rest,SC,210,3.19233333,35.159672017455,-82.474189296397
67823,FLASH MARKET #17032,"I-555/US-63, EXIT 29 & SR-69",Trumann,AR,435,3.40733333,35.6736875,-90.5526178
67824,CIRCLE K #2723641,US-231/SR-87/SR-10/SR-53 & CR-21,Troy,AL,720,3.799,31.792501998969,-85.977735009965
67826,VALLEN MART,US-14,Volga,SD,566,3.319,44.324671,-96.909422
67827,GAS N GO,US-280/SR-27 & SR-520,Richland                                ,GA,10,3.199,32.086901805404,-84.676360471489
67829,KWIK TRIP #721,SR-19 & SR-73,Marshall,WI,420,3.49733333,43.1675050143,-89.064115038637
67832,Sprint Mart #45,US-278/US-45,Tupelo,MS,742,3.189,34.315074,-88.706044
67833,PETES #05,US-59 & US-400,Parsons,KS,307,3.299,37.366684995297,-95.258542986241
67835,CIRCLE K #2723782,"I-40, EXIT 38 & US-421",Greensboro,NC,65,3.08233333,35.974840403865,-79.725737982788
67837,PILOT TRAVEL CENTER #1054,US-183 & SR-21,Buda,TX,740,3.41566666,30.027722292593,-97.68871663962
67839,EL TIGRE FOOD STORE #13,SR-336,Hidalgo                                 ,TX,639,3.21566666,26.129426,-98.24352
67841,CIRCLE K #2723844,US-15/US-501/US-1,Sanford,NC,177,3.049,35.486931435525,-79.180109016215
67842,CIRCLE K #4707627,"I-81, EXIT 48",Watertown,NY,220,4.099,44.03423817998,-75.914138212351
67844,UNCLE WILLIES #1288,US-13,Felton,DE,243,3.219,38.984172,-75.567807
67846,CEDAR RIVER PLAZA,SR-35,Stephenson,MI,360,3.419,45.409573,-87.357324
67847,E Z PICKENS,"US-20, EXIT 275 & SR-13",Manchester,IA,335,3.579,42.485569211537,-91.457876833613
67848,JEMISON EXXON,"I-65, EXIT 219 & CR-42",Jemison,AL,615,3.299,32.980456605079,-86.687364870071
67849,KUM & GO #0379,US-412/ US-63 & SR-25,Black Rock,AR,435,3.199,36.103969009642,-91.099679335533
67850,SMILEYS FUEL CITY,"I-64/I-81, EXIT 205 & SR-206",Raphine,VA,185,3.539,37.931122,-79.225207
67854,CircleK #2709341,US-411,Chatsworth,GA,285,3.499,34.870543961819,-84.752679879196
67855,FAS MART #5262,"I-64, EXIT 94 & SR-1958/SR-2888",Winchester,KY,410,2.90733333,38.010047007136,-84.204469958116
67859,PILOT #1135,US-281,Falfurrias,TX,639,3.459,27.220139207609,-98.14136924012
67860,SHELL,"I-55, EXIT 227 & SR-32",Oakland,MS,435,2.999,34.080159703307,-89.894443466279
67861,CASEYS #4308,US-34,Chariton                                ,IA,320,3.539,41.0046160547,-93.287847845974
67862,SUNOCO TRUCK STOP,"I-70, EXIT 123 & SR-3",Spiceland,IN,375,3.399,39.853684367623,-85.412174587323
67865,PILOT TRAVEL CENTERS #897,"I-95, EXIT 12B, INTERSECTION OF SR-826 & 817",Opa Locka,FL,95,3.699,25.926312690566,-80.244528409207
67866,QUICK DRAW TRAVEL PLAZA,"I-20, EXIT 49 & SR-531",Minden                                  ,LA,590,3.01233333,32.581200654618,-93.247755169043
67868,CHEVRON,SR-19,Huntsville                              ,TX,670,2.979,30.794602,-95.460915
67871,BASIN MARKET #107,US-40,Vernal,UT,810,3.599,40.387461,-109.438693
67872,SMOKIES,US-45,Okolona                                 ,MS,576,3.099,34.016535,-88.70037
67874,RUTTERS #56,"I-83, EXIT 39A & SR-114",New Cumberland                          ,PA,70,3.899,40.206478987917,-76.876047969272
67875,EXXON TIGER MART,"US-67/US-167, EXIT 28 & US-64",Beebe,AR,695,3.299,35.069097242398,-91.921365389484
67876,KUM & GO #0880,"US-412, EXIT 36",Stillwater,OK,560,2.954,36.110175,-97.05857
67877,CIRCLE K #4703701,I-24 EXIT 70,Smyrna,TN,460,3.03233333,35.93379274598,-86.530168490513
67879,Strike,US-287/96/69 & SR-347,Beaumont,TX,610,3.499,30.022187,-94.051313
67883,CASH MAGIC HOLLYWOOD,US-90,Berwick,LA,725,3.399,29.6999873,-91.2294253
67884,ROADRUNNER FUELS,US-550/SR-544,Aztec,NM,614,3.77566666,36.825905968467,-107.993408929731
67886,MAVERIK #5200,"I-70 BUSINESS, EXIT 25, CR-24",De Beque,CO,800,3.44233333,39.326794,-108.207348
67887,AIRLINE CHEVRON,US-61,Kenner                                  ,LA,725,3.099,29.978948,-90.279072
67890,KUM & GO #0449,US-60/US-71,Neosho,MO,535,3.05566666,36.869564939942,-94.38977286033
67892,TURRELL FUEL STOP,"I-55, EXIT 21",Turrell                                 ,AR,435,3.46566666,35.368632266647,-90.279873608581
67894,CIRCLE K #2705098,US-27 & SR-44,Leesburg,FL,140,3.57233333,28.82049805127,-81.953177862255
67897,KENT KWIK #273,SR-302 & SR-18,Kermit,TX,710,3.039,31.84739898045,-103.086566982365
67900,SPRINT FOODS #725,"I-520, EXIT 16/SR-28",Beech Island                            ,SC,135,3.349,33.432423492901,-81.89597916598
67906,ON THE GO,SR-239,Prescott,KS,400,3.199,38.066197445091,-94.695198954889
67908,CIRCLE K #2744062,"I-25, EXIT 74",Colorado City,CO,796,3.349,37.964122245838,-104.793705571084
67910,G FUEL,US-40 & SR-140,Penns Grove,NJ,243,3.399,39.67888428349,-75.476718486974
67917,STRIPES 7FLEET #42510,"I-10, EXIT 256/US-285",Fort Stockton,TX,710,3.379,30.89949019858,-102.913285669657
67918,DELAWARE TRUCK STOP,"I-80, EXIT 4C/US-46",Delaware,NJ,90,3.079,40.898222522561,-75.072210837631
67922,EXXON,"I-20, EXIT 44 & US-371 & US-80/US-79",Minden,LA,745,3.399,32.5902774197,-93.336408218991
67923,MONROE CENTER BP OASIS,"I-39, EXIT 111/US-51 & SR-72",Monroe Center                           ,IL,520,3.599,42.100721002603,-89.023041030868
67924,KUM & GO #0026,"I-90, EXIT 26",Adrian,MN,440,3.19066666,43.644249630364,-95.930250660728
67925,CHEVRON,US-61,Baton Rouge                             ,LA,600,3.899,30.426238,-91.150346
67927,STONES TRUCK STOP,"I-29, EXIT 77/US-212",Watertown,SD,566,3.38233333,44.890023964054,-96.920583414332
67929,Circle K,SR-574,Plant City,FL,225,3.32566666,28.00868536753,-82.165635353585
67930,CIRCLE K #2721426,US-98/SR-30A & SR-368,Panama City,FL,145,3.29066666,30.188281294046,-85.719983021598
67931,Forks 1&23,US-1/US-23/SR-4 & SR-19,Alma                                    ,GA,195,3.599,31.628515092483,-82.460595230786
67932,SPRINT MART #4144,US-82/US-45/SR-12 & SR-182,Columbus                                ,MS,576,3.01566666,33.486453055835,-88.454394807448
67933,SUNOCO,SR-50 & SR-471,Webster,FL,140,3.33566666,28.555193691773,-82.054704838458
67934,WHISPERING PINES,SR-10,Greensburg                              ,LA,600,3.099,30.82375,-90.573066
67935,CIRCLE K #2707610,"I-10, EXIT 26",Milton,FL,155,3.23233333,30.570992580881,-87.030900105383
67938,TEXACO,"I-84, EXIT 376",Tremonton,UT,835,3.45566666,41.680192223407,-112.143054748886
67939,DELTA FUEL,"I-80, EXIT 242 & SR-339",Mifflinville,PA,138,3.36566666,41.023632509645,-76.318969166055
67940,MARTIN GENERAL STORE,US-22,Ebensburg                               ,PA,14,3.524,40.460512,-78.769508
67941,FIESTA MART #21,"I-40, EXIT 278",Warner,OK,560,3.639,35.478054497148,-95.301792265522
67943,LOVES TRAVEL STOP #459,"I-65, EXIT 133 & SR-267",Whitestown,IN,375,3.62233333,39.981120236752,-86.395326814252
67949,7-ELEVEN #36835,"I-85, EXIT 32",Pelzer,SC,30,3.18233333,34.673185030329,-82.539512556608
67952,CIRCLE K #2707682,"I-75, EXIT 164 & US-17/SR-35",Punta Gorda,FL,225,3.399,26.940228392808,-82.019110122704
67957,CITGO,US-27,Hialeah,FL,64,3.47233333,25.877386,-80.326074
67965,DIAMOND #7,"I-65, EXIT 69",Brewton,AL,715,3.399,31.206462220686,-87.308675613841
67968,WHITESBURG BP,US-27/SR-16,Whitesburg                              ,GA,18,3.699,33.477242603482,-84.901444687847
67974,TALL TIMBERS TRUCKSTOP,"I-10, EXIT 23 & SR-108",Sulphur                                 ,LA,690,3.83233333,30.227827915103,-93.325608147942
67976,KWIK TRIP #587,US-141 & SR-22,Lena,WI,582,3.28233333,44.886726981442,-88.043337030356
67977,KUM & GO #4127,"I-29, EXIT 127",Sloan,IA,527,3.109,42.231396113472,-96.242812111744
67994,Pure,US-82/SR-520/SR-135,Willacoochee,GA,10,3.46566666,31.343921113876,-83.027952719226
67997,CIRCLE K #2745137,"I-75/SR-401, EXIT 149 & SR-49",Byron,GA,85,3.199,32.659574918901,-83.743693013991
68002,CO RETAIL VENTURE DB,US-34 & SR-59,Yuma,CO,800,3.449,40.125719952618,-102.718904629875
68005,WESSON,"I-84, EXIT 22, SR-8, EXIT 22",Waterbury,CT,100,4.179,41.551854224671,-73.043485296107
68007,Highland oil,US-412,Hardy,AR,435,3.269,36.259353,-91.537734
68008,FAST LANE #3,US-64 & US-49,Mc Crory,AR,435,3.399,35.251888998436,-91.029592040474
68009,CIRCLE K #2741779,"US-270, EXIT 2",Hot Springs National Park,AR,695,3.369,34.481174666363,-93.114701674368
68012,ROYAL FARMS #120,US-13/CR-16,Greenwood                               ,DE,194,3.259,38.805242,-75.583288
68016,Chevron #386730,"I-10, EXIT 139",Phoenix                                 ,AZ,930,3.299,33.462892119798,-112.163224943992
68017,TEXACO,SR-89,Prescott,AZ,930,3.739,34.710014359373,-112.452012624301
68019,PAC PRIDE CARDLOCK,CR-25/CR-826,Miami,FL,95,3.479,25.839058,-80.317545
68020,EXXON,"I-10, EXIT 335/SR-121",Macclenny,FL,75,3.499,30.286641544796,-82.124469933158
68026,MINIT MART #600627,"I-57, EXIT 312",Kankakee,IL,399,3.449,41.115564282378,-87.834975166674
68029,MAPCO #3502,SR-151,Ringgold,GA,285,3.09233333,34.862108703696,-85.144353414388
68030,FIVE STAR EXPRESS,"I-520/SR-415, EXIT 16 & SR-28",Augusta,GA,135,3.499,33.469120763926,-81.94874635057
68031,ORCHARD STOP BP,US-30,Montgomery                              ,IL,290,3.549,41.729001,-88.374857
68033,CIRCLE K #2703175,"I-520/SR-415, EXIT 9 & SR-56",Augusta,GA,135,3.28233333,33.403131270026,-82.005703967897
68036,MOBIL,"I-95, EXIT 60",Salisbury,MA,178,3.599,42.869427,-70.884307
68040,MISHAWAKA ROAD FLEET SITE,SR-19 & CR-20,Elkhart                                 ,IN,465,3.689,41.656194981959,-86.00302798953
68043,CARROLL MOTOR FUELS,US-40,Middle River,MD,22,3.139,39.313099,-76.525606
68048,CASEYS #3961,SR-3 & SR-143,Marcus,IA,527,3.299,42.807946010869,-95.799773035478
68052,CUBBYS #302,SR-39 & SR-175,Odebolt,IA,319,3.31566666,42.31240500338,-95.245255993328
68053,KJ TRAVEL CENTER,"US-20, EXIT 310",Idaho Falls,ID,825,3.40733333,43.525086769723,-112.026785297487
68055,Gallops,US-20,Michigan City,IN,370,3.399,41.68591,-86.737363
68062,FARMERS UNION OIL,US-83,Wilton                                  ,ND,390,3.899,47.154818,-100.790601
68065,Caseys #4450,US-160,Ulysses                                 ,KS,525,3.399,37.576616710329,-101.47438351231
68067,PUMP & PANTRY #2,US-30 & US-281,Grand Island,NE,330,3.30733333,40.911945406957,-98.383414329746
68068,ELGIN ONE STOP,SR-14 & SR-70,Elgin,NE,470,3.13733333,41.987451986404,-98.0846230118
68070,PAULS TRUCK STOP,US-171,Leesville                               ,LA,690,3.449,31.181698905389,-93.286375465471
68072,FAMILY FARE #834 (DISCOUNT AVAILABLE),"US-131, EXIT 175",Byron Center,MI,371,3.739,42.812066166913,-85.668961827241
68073,BIG BATS 2,US-20,Chadron,NE,506,3.699,42.829366985334,-103.000494004013
68076,JENNINGS TRUCKSTOP,"I-10, EXIT 65",Jennings,LA,690,2.999,30.238152,-92.634062
68079,NORTH FORK TRUCK STOP,US-12/CR-103,White Pigeon,MI,465,3.599,41.798755,-85.739816
68080,SAMMYS TRUCK AUTO PLAZA,"I-49, EXIT 53",Bunkie                                  ,LA,730,3.399,30.949241,-92.272332
68081,SHELL,SR-308 & SR-654,Mathews                                 ,LA,725,3.459,29.677577004618,-90.541420025072
68091,ALLTOWN MARKETS,"SR-101, EXIT 2",Auburn,NH,178,3.799,42.781385,-72.1402
68093,MARATHON,US-223/CR-52,Adrian,MI,385,3.599,41.904927,-84.082029
68095,ALEXS MARKET AND GRILL,"I-75, EXIT 101",Holly                                   ,MI,342,4.699,42.814547,-83.573344
68100,REFINED MARKETERS,"I-96, EXIT 31A/US-131, EXIT 88",Grand Rapids                            ,MI,344,3.739,43.015290333314,-85.684434179193
68102,SUNOCO,ST 17,Carlstadt                               ,NJ,115,3.16233333,40.833425,-74.053639
68107,SPEEDWAY #4500,"I-35, EXIT 171/CR-11",Pine City,MN,451,3.549,44.21068650949,-92.648715290491
68110,CIRCLE K #4705573,SR-82,Grafton,OH,414,3.749,41.314333,-82.001021
68112,QUICK FUEL #3138,"I-35, EXIT 98/CR-26",Saint Paul,MN,448,3.61733333,44.999011842214,-93.096631221455
68113,CIRCLE K #4705571,ST 2,Holland,OH,550,3.549,41.610658,-83.736923
68114,BP,US-130,Burlington                              ,NJ,230,3.14566666,40.101898,-74.795167
68116,Circle K #2746335,"I-35, EXIT 22",Minneapolis,MN,448,3.799,45.002471425812,-93.21543730953
68122,CENEX,SR-11/SR-310,Roseau                                  ,MN,449,3.499,48.848040533885,-95.760356235359
68124,CIRCLE K #4705587,SR-585 & SR-57,Rittman,OH,249,3.659,40.925601018092,-81.763321972342
68129,CULVERS HAWKINS,"US-59/I-29, EXIT 43",Saint Joseph,MO,400,3.199,39.703864299817,-94.78810645281
68133,CASEYS #4256,US-71/SR-175,Joplin                                  ,MO,416,3.069,36.967499593603,-94.428910445705
68140,CROSSROADS RATON TRUCK STOP,"I-25/US-85, EXIT 451 & US-87",Raton,NM,803,3.499,36.885018510225,-104.431740401514
68147,Regal Truck Stop,SR 30,New Albany,MS,435,3.249,34.499905469605,-89.024890755024
68148,CIRCLE K #2723389,US-49,Gulfport,MS,715,2.944,30.442456,-89.097449
68151,KUM & GO #0498,SR-125,Rogersville,MO,535,3.05233333,37.079069316306,-93.120258861177
68154,LOVES TRAVEL STOP #395,"I-57, EXIT 308",Kankakee,IL,290,3.549,41.076722030935,-87.866698805657
68155,SHEETZ #181,"I-80, EXIT 158 & SR-220",Bellefonte,PA,14,3.729,40.956390553216,-77.776890060249
68156,A PLUS MINI MARKET,"I-95, EXIT 26",Philadelphia                            ,PA,160,3.999,40.050719,-75.066003
68157,RAJS MINI MART,US-1/SR-29,Morrisville,PA,230,3.899,40.20849374434,-74.774804141762
68158,SUNOCO,"I-78, EXIT 29A/SR-61",Shoemakersville,PA,90,3.639,40.492216510795,-75.963619287414
68161,KWIK FILL #390,SR-15 & TABER RD,Blossburg,PA,138,3.684,41.671407055145,-77.068018451328
68165,GOLDEN GATE Fallon,US-50,Fallon,NV,966,3.549,39.4746,-118.795882
68167,CIRCLE K #4707628,SR-90 & SR-5,Montezuma,NY,220,3.999,42.962976015621,-76.733826015486
68169,GOLDEN GATE GOLDEN VALLEY,"US-395, EXIT 73",Reno,NV,966,3.949,39.607188229634,-119.812454615302
68174,MIRABITO #42,"I-81, EXIT 7",Castle Creek,NY,12,3.999,42.23485846815,-75.915829152322
68177,ONVO TRAVEL PLAZA - MIFFLINVILLE,"I-80, EXIT 242/CR-339",Mifflinville,PA,138,3.36566666,41.025987,-76.317574
68178,CIRCLE K #2723748,"I-20, EXIT 48",Pearl,MS,760,3.389,32.265671602108,-90.137891736877
68179,WEST PAK A POK,SR-8,Houston                                 ,MS,655,3.399,33.895811,-89.011476
68180,One9 #1374,"I-81, EXIT 143, SR-924",Hazleton,PA,200,3.86233333,40.955593911275,-75.999712354996
68185,CITGO,US-22/SR-72,Jonestown                               ,PA,70,3.749,40.450099147982,-76.512193740312
68188,ONVO TRAVEL PLAZA - GIBSON,"I-81, EXIT 219 & SR-848",New Milford,PA,200,3.589,41.823274454485,-75.679751064479
68189,EAGLE EXXON,US-27/SR-29,Dayton,TN,285,3.399,35.431782212953,-85.082977924717
68191,MARTIN GENERAL STORE # 207,SR-865/I-99 EXIT 41,Altoona                                 ,PA,14,3.539,40.373709,-78.873931
68196,CATDADDY MARKET,SR-33,Tazewell,TN,405,3.299,36.448175,-83.574645
68211,CEFCO #2005,"I-40, EXIT 73",Amarillo,TX,585,2.869,35.192317038818,-101.782378353328
68212,CIRCLE K #2723415,"I-26, EXIT 16",Spartanburg,SC,210,3.099,35.011076163674,-82.029986536622
68213,CADOO MILLS,"I-30/US-67, EXIT 87 & FM-1903",Caddo Mills,TX,253,2.80066666,33.043033530506,-96.176062396343
68215,COWBOY TRAVEL PLAZA,"I-10, EXIT 833",Hamshire,TX,610,2.899,29.879775,-94.333344
68217,CIRCLE K #2723881,US-701 & US-501,Conway,SC,46,3.184,33.816016681407,-79.038155870064
68225,OASIS TRUCK STOP,US-60 & US-83,Canadian,TX,585,3.299,35.94323499405,-100.370318973609
68227,QUARLES #4914,"I-64 EXIT 297, US-13",Chesapeake,VA,130,3.52566666,36.774620562047,-76.369681203471
68234,CIRCLE K #2723705,"I-81, EXIT 80 & SR-121",Wytheville,VA,65,3.26566666,36.971269077933,-80.950127685474
68235,JOLLEY #113,"I-91, EXIT 28",Derby,VT,39,3.539,44.951263969705,-72.151166629065
68236,TEX BEST #506,"I-35, EXIT 84",Dilley                                  ,TX,747,3.099,28.671900618451,-99.184232676668
68243,PILOT EXPRESS #1173,"I-5, EXIT 135",Tacoma,WA,977,4.599,47.240360729426,-122.401027450968
68245,STRIPES #40705,US-77/SR-374,Combes,TX,665,2.91233333,26.247912,-97.725935
68253,KENT KWIK #262,"CR-18/I-20, EXIT 80",Monahans,TX,710,2.859,31.576241902771,-102.888422837328
68256,EXTRA MILE TRUCK STOP,I-30 EXIT 208,Hooks,TX,723,2.81733333,33.473473835033,-94.29504619025
68257,LOVES TRAVEL STOP #292,"I-55, EXIT 220",Dwight,IL,290,3.449,41.116023526435,-88.420334805408
68258,CIRCLE K #2741536,SR-83/CR-1015,Weslaco,TX,639,3.03566666,26.166495281023,-98.010076560935
68260,ALVARADO MARKET STATION,"I-35W, EXIT 26A & US-67",Alvarado,TX,637,2.844,32.416913,-97.224504
68261,STRIPES #2294,US-83 & FM-1120,Leakey,TX,740,2.949,29.714939002746,-99.763268688583
68266,FREDS FUEL AND FOOD #2,"I-57, EXIT 283 & US-24",Gilman,IL,280,3.049,40.754589003134,-88.006882887899
68268,SPEED SMART,"I-10, EXIT 114",Buckeye,AZ,930,3.37233333,33.435652740516,-112.58515585681
68270,MPC #2,US-67 & CR-A,Fredericktown,MO,574,2.99066666,37.491696093926,-90.307734660016
68271,PHOENIX #308,ST 210,Rocky Point                             ,NC,245,3.619,34.4305555,-77.8816516
68273,CHISUM TRAVEL CENTER,US-70/US-54,Tularosa,NM,640,2.999,33.08175703887,-105.987992480392
68274,CEFCO #6,SR-6 & SR-7,Marlin,TX,765,2.999,31.306296880965,-96.874780364742
68276,KWIK STAR #895,US-18/US-63 EXIT 204,New Hampton,IA,565,3.449,43.070998833512,-92.333958781218
68277,WHITE OAK STATION #15,US-65,Harrison,AR,735,3.599,36.191073,-93.030465
68279,MACS MARKET #101,ST 22A,Fair Haven                              ,VT,12,3.599,43.594808,-73.266198
68282,SUNSTOP #612,US-84,Andalusia,AL,720,3.48566666,31.348773,-86.534913
68283,FLYING J# 852,"HWY-401, EXIT 814 & HWY-15",Lancaster,ON,720,4.73244636,45.143726,-74.502708
68290,WALTON TRUCK STOP,US-78/SR-10 & SR-83,Monroe                                  ,GA,16,3.999,33.814069188113,-83.680017974079
68292,GAS N GO,US-280/US-19,Americus,GA,10,3.299,32.104411649331,-84.24417775454
68294,BP,"I-74, EXIT 51",Galesburg,IL,270,3.499,40.922042,-90.301294
68298,MR FUEL #719,"I-80, EXIT 6",Gary,IN,365,3.56566666,41.569686770089,-87.409091320619
68301,LOVES TRAVEL STOP #463,I-10 EXIT 604,Seguin,TX,740,3.179,29.558088215216,-98.0346586023
68302,FLYING J #493,I-95 EXIT 77,Saint George,SC,42,3.519,33.197094960709,-80.605324553117
68303,KWIK TRIP #351,SR-13 & SR-64,Medford,WI,295,3.40066666,45.141948305602,-90.333434580981
68306,BIG D #018,SR-387 & SR-59,Gillette,WY,790,3.459,43.761510291957,-105.475747764798
68307,EXPRESSWAY LUVERNE,"I-90, EXIT 12",Luverne,MN,432,3.239,43.639001799114,-96.218104099956
68308,PINECONE TRAVEL PLAZA,"I-94, EXIT 267",Johnson Creek,WI,420,3.219,43.087811,-88.76244
68311,SUN DO KWIK SHOP,SR-242,Evergreen                               ,NC,63,3.159,34.446575181185,-78.87418871255
68314,Refuel #313,US-183 & SR-29,Liberty Hill                            ,TX,595,2.909,30.653589405424,-97.876281420643
68315,SHELL,"I-40, EXIT 200 & SR-99",Seminole,OK,483,2.859,35.224690225546,-96.6707364268
68316,CIRCLE K #2723622,"I-75, EXIT 345",Ringgold,GA,285,3.07566666,34.893814368937,-85.077767409183
68318,NINOS TRUCK PLAZA,"I-10, EXIT 151",Port Allen,LA,600,3.039,30.450946,-91.246321
68319,HOLIDAY STATIONSTORE #2746484,US-61 & US-10,Hastings,MN,448,3.569,44.7311,-92.853418
68321,Big's #304,"I-35, EXIT 141",Moore,TX,740,2.999,29.0637656,-99.0118185
68323,TRAINER MART,"I-10, EXIT 593",Marion,TX,740,2.999,29.496311,-98.195512
68328,TONKAWA TRAVEL CENTER,"I-35, EXIT 214 & US-60",Tonkawa,OK,500,3.099,36.692643978852,-97.345674864893
68330,SHREES TRUCK STOP,"I-90, EXIT 149 & SR-281",George                                  ,WA,920,3.759,47.08620140659,-119.862509658496
68332,CIRCLE K #2701526,"I-40, EXIT 208",Colfax,NC,65,2.95733333,36.09347021491,-80.000823987648
68333,GO MART FOOD STORE #106,US-250/US-219/SR-92/SR-55,Elkins                                  ,WV,44,3.499,38.916646354609,-79.841782556555
68335,PILOT #481,"I-75, EXIT 20",Mc Donald,TN,285,3.599,35.150587628477,-84.950191533671
68337,SPEEDWAY #1426,US-30 & SR-51,Merrillville,IN,290,3.88566666,41.470844993121,-87.258441032496
68339,LOVES TRAVEL STOP #464,"I-10, EXIT 523 & US-87",Comfort,TX,740,3.21233333,30.047202410874,-98.915383730491
68343,HUTCH'S #119,I-40 EXIT 40,Elk City,OK,483,2.969,35.404785180187,-99.386001322133
68347,ENERGY EXPRESS TRAVEL CENTER,I-70 EXIT 247,Saint Louis,MO,540,2.909,38.672956,-90.202814
68348,HOT SPOT #6007,"I-85, EXIT 80",Spartanburg                             ,SC,210,3.089,35.027961796371,-81.87174040929
68349,SAPP BROS TRAVEL CENTER,"US-75, EXIT 116",Le Mars,IA,527,3.269,42.761493284565,-96.208517280122
68350,JOAQUIN QUICK STOP,US-84,Joaquin,TX,618,3.43233333,31.968875,-94.020407
68354,LEERJAK TRAVEL CENTER,US-60,Ellsinore,MO,275,3.409,36.926078,-90.761187
68359,LOVES TRAVEL STOP #466,"I-78, EXIT 65",Jasper,AL,615,3.55566666,33.792413517471,-87.235730374696
68360,A PLUS MINI MARKET,"I-95, EXIT 19",Philadelphia                            ,PA,160,4.049,40.050719,-75.066003
68361,DUCK THRU FOOD STORE #34,US-158 & US-17,Elizabeth City                          ,NC,130,3.499,36.305499801554,-76.233332770054
68362,RUTTERS #5,US-30 & SR-997,Fayetteville,PA,70,3.859,39.90571710517,-77.521168191898
68364,Maplefields,"I-89, EXIT 19",Saint Albans                            ,VT,39,3.539,44.793311345099,-73.069095964619
68365,7-ELEVEN #36834,SR-72,Abbeville,SC,30,3.619,34.186382970174,-82.345900924822
68366,MARATHON,US-68/SR-80,Russellville,KY,460,3.199,36.842596379945,-86.831320756063
68367,LOVES TRAVEL STOP #447,"I-10 E, EXIT 0",Anthony,TX,640,3.449,31.9992883,-106.5810403
68368,AKAL TRAVEL CENTER,I-80 EX 360,Waco,NE,413,2.799,40.824814,-97.463118
68369,WORKMANS TRAVEL CENTER,"I-40 EXIT, 35 & SR-23",Ozark,AR,735,3.29733333,35.522290710278,-93.864792777656
68370,GULF EXPRESS DIESEL AND GAS,"I-295, EXIT 4 & SR-14",Johnston                                ,RI,175,3.799,41.789885693709,-71.560722658549
68372,SPEEDWAY #8062,SR-26/CR-00,Kokomo,IN,375,3.799,40.512713,-86.1427075
68375,PILOT #491,"I-81, EXIT 251 & US-11",Harrisonburg,VA,185,3.659,38.482033031927,-78.811054073592
68377,PILOT #4568,I-20 EXIT 11,Graniteville,SC,135,3.39233333,33.60853320965,-81.84084474214
68378,PILOT TRAVEL CENTERS #596,I-69 EXIT 196,Smiths Creek,MI,342,3.959,42.97669,-82.54209
68381,Fast Stop Travel Centers #2241,US-26 S & SR-39,Blackfoot,ID,825,3.999,43.200699991174,-112.367861025207
68382,QUIKTRIP #766,US-29 & SR-316,Dacula,GA,18,3.32066666,33.983036202371,-83.926519939642
68383,AYERCO 32,US-61 & SR-P,Canton,MO,494,3.01566666,40.12329639407,-91.541706962298
68386,KWIK TRIP #884,US-45 & SR-22,Clintonville,WI,582,3.559,44.60495279385,-88.764842035605
68389,WEBERS OF PLYMOUTH,SR-57 N/CR-PP E,Plymouth,WI,582,3.499,43.747471587661,-87.984912598584
68394,CHEVRON,"I-84, EXIT 343/CR-104",Ogden,UT,835,3.44233333,41.307046,-112.0282
68396,TOOT N TOTUM #44,SR-287 E/CR-335 N,Amarillo,TX,585,3.04233333,35.203406,-101.833586
68403,RUTTERS #16,"I-83, EXIT 10 & SR-214",York,PA,70,4.199,39.855363885668,-76.70743372785
68405,PILOT TRAVEL CENTER #1028,"I-45, EXIT 178/US-79 N",Buffalo,TX,765,3.549,31.443767344599,-96.081903764093
68406,TOOT N TOTUM #114,US-385/US-54,Dalhart,TX,585,3.199,36.066286098722,-102.519089310038
68411,PAWNEE TRAVEL PLAZA,US-412 & SR-18,Pawnee                                  ,OK,560,3.044,36.224787983217,-96.784223959215
68416,STRIPES 7FLEET #42515,US-87 N,Lamesa,TX,710,3.099,32.66085441386,-101.866102558723
68417,7-ELEVEN #42072,"I-20, EXIT 599/SR-281",Longview                                ,TX,766,3.20733333,32.539655504073,-94.727507818344
68419,ROAD RANGERS #270,"I-35, EXIT 114/SR-462",Moore,TX,740,3.169,29.029159,-99.050848
68420,SHELBINA Phillips 66,US-36 & SR-15,Shelbina,MO,494,3.099,39.697784008318,-92.038905030135
68421,STRIPES,US-77,Refugio,TX,625,3.074,28.306129,-97.274297
68423,GOLDEN GATE TRUCKSTOP,"I-80, EXIT 106 & SR-398",Lovelock,NV,966,3.649,40.216749240451,-118.475946713919
68424,MAVERICK TRAVEL CENTER,"I-20, EXIT 386/US-281",Santo                                   ,TX,637,3.099,32.60597,-98.111759
68428,STRIPES #40519,US-90/CR-1023,Uvalde,TX,740,3.359,29.215006227892,-99.770676955593
68432,PAPA ROCK,US-79/SR-76,Clarksville,TN,460,3.199,36.527102768921,-87.363584448709
68434,Circle K #2741789,"I-30, EXIT 98 & US-270",Malvern,AR,695,3.439,34.465992499215,-92.914175103238
68440,EXPRESS GAS,"I-40, EXIT 2A/US-51",Memphis                                 ,TN,435,2.979,35.192048291157,-90.011048793002
68441,QUIKTRIP #1106,US-76,Anderson,SC,30,2.959,34.632323,-82.782104
68444,Sunoco,US-30,Roebling,NJ,160,3.159,40.112667,-74.770146
68446,J J OIL #07,US-160,Ulysses,KS,525,3.399,37.576616710329,-101.47438351231
68447,JUMPIN JACKS 419,SR-161,Rockport                                ,IN,487,3.999,37.892844799369,-87.109593516461
68451,CASEYS #3439,US-63,Lime Springs,IA,433,3.56566666,43.44751,-92.281
68453,Marathon,US-82/US-27,Cuthbert,GA,10,3.699,31.889858800697,-84.793777173011
68458,SPEEDWAY #6278,"I-96, EXIT 16",Coopersville,MI,456,3.499,43.055714521161,-85.955024197707
68462,CHEVRON,SR-24 & SR-660,Houma                                   ,LA,623,3.099,29.655538005594,-90.766217974371
68463,SPANISH LAKE TRUCK AND CASINO PLAZA,SR-182,New Iberia,LA,730,3.329,30.043976982145,-91.863682014804
68465,LOVES TRAVEL STOP #470,"I-75, EXIT 451",Jasper,FL,10,3.32733333,30.447400663192,-82.931601492551
68466,KWIK TRIP #462,SR-11 & SR-83,Burlington,WI,444,3.274,42.683379614113,-88.219567885725
68468,SHELL,SR-193/SR-163 & CR-26,Theodore,AL,715,3.039,30.551408012654,-88.096422975928
68469,8 MILE STORE,"US-64/I-40, EXIT 127",Conway,AR,695,3.399,35.089183910834,-92.419789607437
68471,B LINE SHELL,SR-710,Jupiter                                 ,FL,140,3.95733333,26.917900362269,-80.313838905046
68476,CREEK TRAVEL PLAZA,"I-65, EXIT 54",Atmore,AL,715,3.13566666,31.086751,-87.5384
68480,KUM & GO #0414,US-212/SR-265,Springdale,AR,645,3.14233333,36.183414072079,-94.116279336937
68482,PETRO-CANADA,HWY 91,Delta                                   ,BC,800,4.65745123,49.163223557689,-122.944121836597
68493,FAST TRACK 427,"I-10, EXIT 225/US-19",Lamont,FL,20,3.739,30.475831933082,-83.892985831716
68494,LOVES TRAVEL STOP #469,"I-85, EXIT 15 & US-1",South Hill,VA,180,3.949,36.750960634905,-78.092707366726
68497,JACKSONS FOOD STORE #30,"I-86, EXIT 61",Pocatello                               ,ID,825,3.459,42.925749,-112.466899
68499,DUBOIS TRAVEL STOP,I-15 & MAIN,Dubois                                  ,ID,825,4.299,44.176003827795,-112.229888863969
68506,WARRIOR RIDGE,US-22 & SR-3035,Ashland,PA,14,3.699,40.540449,-78.031321
68511,PWI #675,I-10/US-85/US-180 EXIT 155 & SR-227,Vado,NM,640,2.949,32.125874449092,-106.640219505243
68512,BP,US-29/SR-154,Palmetto                                ,GA,18,3.249,33.53101414683,-84.663561180437
68518,CHEVRON,SR-243,Gordon                                  ,GA,85,3.359,32.897058079142,-83.308614047942
68520,SPEED GAS,SR-56,Rosenhayn                               ,NJ,150,3.459,39.47882799466,-75.146234441082
68522,MINIT MART #600632,"I-474, EXIT 9 & SR-29",Pekin,IL,368,3.739,40.570637240959,-89.649921354779
68524,Coastal Fuel,US-421,Wilmington                              ,NC,245,3.399,34.357490308749,-78.015644316569
68531,CASEYS #2845,"SR-150, I-380, EXIT 41",Urbana,IA,380,3.449,42.231354972323,-91.872003050682
68533,MACH ONE FOOD SHOP #17,US-45/US-50,Flora,IL,510,3.899,38.701657754538,-88.507980705381
68534,BG FOOD MART,US-31,Bowling Green,KY,460,3.05733333,36.93952,-86.48665
68535,CASEYS #3295,SR-35 & SR-27,Prairie Du Chien,WI,420,3.499,43.05181911823,-91.140778908106
68541,DUCK THRU #3,SR-11 & SR-561,Ahoskie,NC,130,3.56233333,36.304281994842,-77.019080034
68542,EXCELL FUELS,SR-5,Buffalo,NY,38,3.999,42.959726124642,-78.771708749092
68549,GOOD 2 GO #212,US-310/SR 789,Lovell,WY,780,3.657,44.837434680522,-108.386987416358
68552,HUCKS FOOD & FUEL #368,"US-41, EXIT 44/SR-281",Madisonville,KY,340,3.399,37.348789937452,-87.497598533609
68556,MONICARLO FUEL STOP,US-61 & SR-54,Garyville                               ,LA,623,3.199,30.075677004678,-90.625173007429
68559,KUM & GO #0779,"I-35, EXIT 92 & US-136",Bethany,MO,320,2.95566666,40.265174019274,-94.013739001944
68562,CHEVRON,SR-3235,Galliano                                ,LA,725,3.499,29.417923,-90.293477
68572,FOOD N FUN #17,US-90 & SR-83 & CR-605,New Iberia                              ,LA,730,3.067,29.960358990338,-91.821636041543
68574,SPRING STREET SERVICE STATION,US-1/US-9,Elizabeth                               ,NJ,115,3.099,40.675646394736,-74.198761649039
68581,CHEVRON #308195,"I-82, EXIT 58/US-12 & SR-223",Granger,WA,977,4.329,46.345551292492,-120.178611395925
68588,SHELL,"US-202, EXIT 16",Orange,MA,175,3.649,42.561694545602,-72.277222280485
68592,Sprint Food #742,US-25/SR-121,North Augusta                           ,SC,135,3.159,33.521267056958,-81.954459035238
68593,ONE9 #1285,"I-20, EXIT 386 & US-281",Santo,TX,575,2.924,32.606740496341,-98.114559882641
68594,CIRCLE K #2723796,SR-S-8-33 & SR-S-8-119,Charleston,SC,42,3.199,32.914849,-79.886147
68595,SUPER LUCKY LOUIES,US-190/SR-1,Port Allen                              ,LA,600,3.03233333,30.452371524397,-91.210197778761
68596,FLASH MARKET SHELL,US-63,Koshkonong,MO,418,3.499,36.58339595204,-91.611938862892
68598,7-ELEVEN #41032,US-84 & US-259,Mount Enterprise,TX,618,3.349,31.917952015958,-94.681272010636
68602,NEW DIXIE MART #19,"I-95, EXIT150",Whitakers,NC,205,3.339,36.128111,-77.797025
68606,SAMS MART #95,SR-49,Harrisburg                              ,NC,46,3.799,35.322086,-80.643168
68613,SHEETZ #236,SR-441 & SR-772,Marietta,PA,70,3.389,40.062606008753,-76.54959002349
68618,MINER TOWNE MART,206 R-11,Shullsburg,WI,335,3.399,42.571525,-90.244905
68621,CIRCLE K #2723367,"I-77, EXIT 8 & SR-148",Fancy Gap,VA,65,3.29066666,36.674513507948,-80.708590257312
68622,PILOT #474,"I-79, EXIT 67 & SR-19",Sutton,WV,44,3.86566666,38.706192934217,-80.660683289076
68623,FLYING J #304,"I-469, EXIT 19 & US-30",New Haven,IN,370,3.859,41.058104511377,-84.990318485066
68624,PILOT #586,"I-10, EXIT 69 & SR-63",Moss Point                              ,MS,715,3.459,30.440487283117,-88.530542966691
68625,FLYING J #470 HUDSON,"I-94, EXIT 10 & US-65",Roberts,WI,450,3.559,44.957984708071,-92.55536878668
68626,BECKS EXPRESS MART #14,SR-26,Princeton,IL,270,3.249,41.424654005652,-89.471568845413
68630,DOWNSTREAM Q STORE,US-166/US-400,Joplin,MO,277,3.199,37.003182,-94.615492
68634,PETRO-CANADA,"HWY-111, EXIT 3",Dartmouth,NS,100,3.89509753,44.6910584,-63.5863916
68639,PETRO-CANADA,QEW-2,Calgary,AB,50,3.72804545,51.084225,-114.208078
68641,PETRO-CANADA,HWY-37,Kitwanga,BC,850,4.62102914,55.107432663268,-128.069149555256
68642,EXXON SANDY RIDGE MART,"I-40/US-421, EXIT 208",Colfax,NC,65,3.099,36.095414,-79.99659
68643,SHELL,"I-95, EXIT 58 & US-13",Wade,NC,63,3.199,35.122590011462,-78.752770104827
68644,SUPERPUMPER #32,US-2,Minot,ND,452,3.599,48.229802,-101.18867
68650,MARATHON,"I-75, EXIT 8",Cincinnati                              ,OH,300,3.899,39.169836991546,-84.419894560436
68653,KWIK TRIP #679,"I-43, EXIT 128 & SR-42",Sheboygan,WI,444,3.21566666,43.796493075723,-87.764495501808
68656,TA Express Williston,US-2 & US-85,Williston                               ,ND,807,3.44733333,48.334486018091,-103.625543976028
68659,KWIK TRIP #659,"US-52, EXIT 56 & CR-22",Rochester,MN,515,3.549,44.021974483776,-92.516123308685
68663,LOVES TRAVEL STOP #474,US-85/US-2 & CR-6,Williston,ND,273,3.519,48.244624304699,-103.625450685446
68665,BIG D 14,"I-90, EXIT 46/US-14/SR-79",Piedmont                                ,SD,506,3.13733333,44.224768471935,-103.379595441832
68671,CASEYS #2969,US-81 & RD F,Fairmont,NE,350,3.28233333,40.625775982917,-97.595641975103
68672,24 NORTH MOBIL,"I-495, EXIT 7A & SR-24, EXIT 14B",Bridgewater,MA,175,3.699,41.978831118615,-70.996470839518
68674,TEXACO,US-290 & SR-696,Elgin                                   ,TX,595,3.099,30.310763111483,-97.305141974848
68684,Rebecca Plantation Truck Plaza,"US-90, EXIT 200 & SR-311",Schriever                               ,LA,623,2.999,29.681635019221,-90.811585025308
68685,QUICK FUEL #2403,"I-29/I-35/SR-71, EXIT 5B",Kansas City,MO,400,3.344,39.134060409448,-94.567751327794
68689,CHEVRON,"I-10, EXIT 59 & SR-395",Roanoke                                 ,LA,690,3.609,30.250063359689,-92.74033799576
68690,MARATHON,US-30 & SR-30,Mansfield,OH,315,3.499,40.781111298493,-82.380624414599
68691,BYRNE DAIRY #43,"I-81, EXIT 36 & SR-13",Pulaski,NY,220,4.099,43.554957985671,-76.112894041516
68692,DANDY MINI MART #57,SR-14,Horseheads,NY,190,3.899,42.158564,-76.863998
68693,SUPER STOPS,SR-70 & SR-308,Belle Rose,LA,623,3.499,30.000357013196,-91.052430966428
68696,STRIPES #40800,FM-351 & US-181,Beeville,TX,625,3.01566666,28.430786593086,-97.740954001314
68697,STRIPES #40915,"I-35, EXIT 8 & SR-20 & FM-1472",Laredo,TX,693,2.979,27.601580586099,-99.516587266473
68698,GAS N WASH,"I-80, EXIT 145 & SR-84",Mokena,IL,365,3.499,41.552704908048,-87.860539528795
68699,ORGANIC CONNECTION MOBIL,SR-997,Homestead,FL,95,3.344,25.442201,-80.474778
68701,SPEEDWAY #1421,US-45 & CR-74,Frankfort,IL,293,3.369,41.484210817834,-87.873501818568
68702,QUIKTRIP #1120,"I-85, EXIT 90 & SR-105",Gaffney,SC,210,3.19066666,35.071434601029,-81.648685558556
68708,LOVES TRAVEL STOP #476,"I-80, EXIT 292 & SR-130",Davenport,IA,270,3.86233333,41.59960263061,-90.622319381981
68716,ALLTOWN MARKETS #833,I-95 EXIT 41,Milford,CT,100,3.599,41.246264,-73.010232
68722,Pilot #140,US-40/US-191,Roosevelt,UT,835,3.759,40.300030850116,-109.988771098322
68730,KENT KWIK #315,SR-158 & FM-1788,Midland,TX,710,3.43733333,32.046490009896,-102.275346025021
68733,PETRO-CANADA,TCH/HWY 11,Cochrane                                ,ON,460,3.70865949,49.759315857705,-85.097901916686
68734,LOVES TRAVEL STOP #478,"I-15, EXIT 113",Idaho Falls,ID,825,3.75566666,43.44063610879,-112.119153039019
68737,KWIK TRIP #691,"I-39, EXIT 161",Stevens Point,WI,395,3.559,44.549459341569,-89.579669238822
68738,CASEYS #2316,US-136/SR-5 & SR-5,Unionville,MO,320,3.214,40.477585452905,-93.008966035995
68740,Certified Oil #400352,US-20 & SR-510 & SR-101,Clyde,OH,550,3.379,41.306787008097,-82.974853991985
68741,COUNTY LINE TRUCK STOP,SR-22,Dickinson,ND,273,3.53233333,46.975166,-102.791282
68742,ARTESIA #401,SR-82 & SR-285,Artesia,NM,593,3.439,32.514224095509,-104.382856890737
68796,MR FUEL #731,"I-70, EXIT 123 & SR-3",Spiceland,IN,375,3.699,39.853684367623,-85.412174587323
68797,SPEEDWAY #1412,SR-43,Frankfort,IL,293,3.359,41.484126,-87.847533
68798,PILOT #1179,SR-189,Nogales,AZ,980,4.249,31.340106841509,-110.96731586167
68799,SHELL FOOD MART # 25,"I-20, EXIT 77 & SR-13",Morton,MS,705,3.199,32.309400050931,-89.667757187863
68801,7-ELEVEN #40574,US-281,Blanco,TX,740,3.399,30.084542,-98.418167
68803,SHELL,"I-45, EXIT 152",Madisonville                            ,TX,670,3.18233333,31.089417209734,-95.959791581151
68806,SHELL,US-90,Westwego                                ,LA,725,3.06566666,29.909351,-90.203892
68808,SPEEDWAY #4574,US-701,Loris,SC,245,3.269,34.064196,-78.881919
68813,SPEEDWAY #8741,"I-96, EXIT 86 & SR-100",Eagle,MI,406,3.789,42.754191335685,-84.744955904385
68814,TA HOLBROOK,"I-40/US-180, EXIT 283",Holbrook,AZ,580,3.65566666,34.907370175727,-110.209165368371
68815,LOVES TRAVEL STOPS #471,"I-35, EXIT 127 & FM-471",Natalia,TX,740,3.289,29.19458622443,-98.857776661911
68821,Joe's Kwik Mart #473,CR-139,Lancaster,NY,38,3.659,42.922919,-78.621971
68822,CASEYS #3919,"I-35/US-50, EXIT 148 & SR-131",Lebo,KS,400,3.089,38.426139996586,-95.857854008608
68823,FRIENDS FOOD MART,SR-13,Mansfield                               ,OH,249,4.199,40.838111006114,-82.513575983473
68824,EXPRESSWAY,SR-60 & CR-9,Heron Lake,MN,425,3.299,43.797612992952,-95.325194958283
68825,ALLTOWN MARKETS #832,"I-95, EXIT 40",Milford,CT,100,3.599,41.246264,-73.010232
68826,HIGHWAY SERVICE,US-44,Seekonk                                 ,MA,175,3.319,41.82812377738,-71.321579544837
68828,CIRCLE K #2721540,US-78 & SR-15,New Albany,MS,435,3.759,34.469476013663,-89.006371018014
68831,KWIK TRIP #896,SR-65 & CR-J,Minneapolis,MN,451,3.599,45.174657631189,-93.234731729934
68835,SPEEDWAY #7954,US-258/SR-24,Richlands,NC,205,3.324,34.914952736734,-77.596127367205
68836,Corner Market #160,US-60,Pampa,TX,585,3.399,35.533724189197,-100.926203587894
68839,CHOCTAW TRAVEL PLAZA #641,US-69/SR-43,Stringtown,OK,560,3.159,34.475643,-96.051304
68840,LOVES TRAVEL STOP #475,"I-20/US-84, EXIT 242 & FM-142",Sweetwater,TX,575,3.189,32.449660568304,-100.438629828702
68841,PILOT TRAVEL CENTERS #575,"I-95, EXIT 1",Saint Marys,GA,75,3.599,30.7605933,-81.6490568
68843,PILOT #467,"I-37, EXIT 125",San Antonio                             ,TX,740,3.399,29.222339040344,-98.410738152299
68844,FLYING J #553,"I-10, EXIT 259",Fort Stockton                           ,TX,710,3.659,30.906762370091,-102.8880319907
68845,PILOT TRAVEL CENTER #4651,"I-95, EXIT 4",Skippers,VA,180,3.799,36.606927,-77.560949
68847,CIRCLE K #2741553,US-190/US-183 & US-281,Lampasas                                ,TX,595,2.759,31.083554006686,-98.187361340126
68848,CIRCLE K #2741328,"I-35, EXIT 328 & FM-2063",Hewitt                                  ,TX,765,2.86566666,31.464042138559,-97.189359589626
68849,Circle K #2706632,US-80/SR-8 & CR-480,Selma,AL,720,3.699,32.352161212988,-86.968568669152
68850,SPRINT MART #67,US-84/US-425,Vidalia,LA,730,3.08233333,31.564327011478,-91.425534854849
68855,FLYING J #861,"TCH 1, EXIT 168",Hope,BC,800,5.13260385,49.365418,-121.483562
68856,KWIK N EZ #1,"I-40, EXIT 265",Checotah                                ,OK,645,2.909,35.457298231912,-95.53197660103
68860,PETRO STOP #394,"I-35, EXIT 101 & FM-140",Pearsall,TX,740,3.53566666,28.890374755742,-99.096833553731
68861,KWIK TRIP #733,SR-76/SR-44,Caledonia,MN,515,3.49066666,43.634391015048,-91.504997754025
68864,QUICK FUEL #3190,"I-75, EXIT 68",Dayton,OH,317,3.67733333,39.818962,-84.180587
68865,QUICK FUEL #3192,"I-275, EXIT 42B & SR-747",Cincinnati,OH,300,3.25233333,39.294803919072,-84.463164244915
68868,PUMP & PANTRY #14,SR-92/SR-2,Broken Bow,NE,330,3.299,41.401675335562,-99.630592094928
68869,PUMP & PANTRY #4,SR-2 & SR-11,Cairo,NE,330,3.32733333,41.001983415802,-98.60744229453
68873,ONVO TRAVEL PLAZA - MOUNTAIN COBB,"I-84, EXIT 8",Lake Ariel,PA,200,3.58566666,41.408843,-75.505623
68874,QUIKTRIP #492,"I-10, EXIT 114 & SR-85",Buckeye,AZ,930,3.369,33.435652740516,-112.58515585681
68875,SHEETZ #512,"I-40, EXIT 203 & SR-66",Kernersville,NC,65,2.844,36.121083011907,-80.069321487131
68882,CAPITAL FUELS MYTON,US-40/191,Myton,UT,835,3.50233333,40.198027,-110.068638
68883,CBH TRAVEL CENTER,US-85,Belle Fourche                           ,SD,506,3.299,44.682115,-103.854215
68885,FLYING J #488,"I-35, EXIT 69",Cotulla,TX,693,3.599,28.455584,-99.235122
68886,BEBO'S,SR-38,Kentwood                                ,LA,600,3.01566666,30.930555760813,-90.600589082166
68888,Express Lane,"US-80, EXIT 33 & US-6/SR-78",Annawan,IL,270,3.399,41.406137895028,-89.904736569107
68890,Circle K #2741795,"I-430, EXIT 12 & SR-100",Maumelle,AR,695,3.18566666,34.812338859364,-92.355770117161
68891,LOVES TRAVEL STOP #480,I-40 EXIT 364,Lenoir City,TN,405,3.439,35.876257227977,-84.327975224172
68892,OLIVE EXXON,US-31,Holland,MI,371,3.799,42.781303476557,-86.080694138057
68893,J & H FAMILY STORE,"I-96, EXIT 52 & SR-50",Lowell,MI,371,3.789,42.87105398852,-85.370938026053
68894,ROCKFORD MOBIL MART,"US-131, EXIT 97",Rockford                                ,MI,344,3.299,43.121518289261,-85.605032260346
68895,J & H FAMILY STORE #103,"I-196, EXIT 62",Hudsonville,MI,344,3.399,42.847735666081,-85.865923012234
68897,TA CARYVILLE,"I-75, EXIT 141",Pioneer,TN,405,3.00733333,36.379039375786,-84.246911386205
68899,XTRAMART,SR-9,Westborough,MA,175,3.649,42.285163,-71.620273
68900,DUCK THRU #41,US-17/SR-37,Hertford                                ,NC,130,3.599,36.187960018431,-76.466629331451
68901,SPEEDWAY #1224,"SR-741 & I-71, EXIT 25",Mason,OH,300,3.159,39.35764101304,-84.263106996316
68902,CASEYS #3062,SR-281 & SR-160,Medicine Lodge,KS,357,3.114,37.280475856551,-98.971389182306
68903,BIG D KWIK SHOP,SR-59,Gillette,WY,836,3.379,44.293212685372,-105.498222977627
68907,QUIKTRIP #943,"I-35E, EXIT 405 & US-77",Waxahachie,TX,630,2.89566666,32.456293074982,-96.845183528309
68908,SPEEDWAY #1804,"I-270, EXIT 32 & I-71, EXIT 116",Columbus,OH,315,3.69233333,40.065499106453,-82.995743329169
68912,Chisholm Corner #13,"SR-19 & I-35, EXIT 72",Pauls Valley,OK,569,3.089,34.739488002257,-97.263334969647
68913,CASEYS #3263,"I-90, EXIT 43 & SR-60",Worthington,MN,530,3.14233333,43.615158483492,-95.58947516969
68915,PUMP & PANTRY #53,US-20,Jackson,NE,527,3.41233333,42.447635,-96.571255
68916,YESWAY #1075,"I-20, EXIT 278",Tye,TX,575,2.87566666,32.459622680292,-99.859846357824
68919,GULF MART 5150,"I-90 E, MM 117",Natick                                  ,MA,34,4.06566666,42.282241,-71.347102
68921,GAS N GO,US-341/SR-7 & SR-96/SR-49,Fort Valley,GA,85,3.18233333,32.558018459311,-83.88361328535
68923,STRIPES 7FLEET #42509,US-67 & SR-137,Big Lake,TX,612,3.599,31.191698997836,-101.467382023794
68924,KWIK TRIP #326,"I-90, EXIT 171 & US-51 & US-14",Janesville,WI,420,3.374,42.730128002693,-89.033020021875
68925,KWIK TRIP #874,"I-35, EXIT 132 & US-8",Chisago City,MN,448,3.32733333,45.375459,-92.882418
68926,KWIK TRIP #872,SR-26,Jefferson,WI,420,3.38233333,42.990392,-88.807513
68927,MARATHON,US-19 & SR-80,Rosedale                                ,VA,185,3.749,36.943662579611,-81.959983800519
68928,PILOT TRAVEL CENTER #475,"I-40, EXIT 196 & SR-41",Moriarty,NM,580,3.244,35.007276020482,-106.044870021774
68929,SPEEDWAY #6953,"I-74/US-311, EXIT 65",High Point,NC,65,3.529,36.007670965075,-80.024549547264
68930,PILOT #4569,"I-95, EXIT 5",Hardeeville,SC,195,3.37566666,32.272853950494,-81.080775920456
68933,RUTTERS #23,US-30 & SR-462,Mountville,PA,70,3.979,40.039127561935,-76.429849439992
68935,JACKSONS FOOD STORES #144,I-84 & SR-55,Nampa                                   ,ID,785,3.899,43.609890799788,-116.596845414767
68936,AMOCO,US-421/SR-11 & SR-53,Burgaw,NC,245,3.599,34.534206308673,-78.071367041241
68937,LANTZ CORNERS MINI MART #255,US-6 & US-219,Kane                                    ,PA,240,3.71566666,41.708321115798,-78.694029375303
68938,TOOT N TOTUM #23,SR-136/207 & SR-152,Borger,TX,585,3.01566666,35.667943999017,-101.397559010143
68941,ALLTOWN MARKETS #2743,"US-3, EXIT 28",North Billerica,MA,178,3.68233333,42.557928,-71.298588
68946,FLYING J #97,"I-75, EXIT 64",Vandalia,OH,317,3.35233333,39.902619800731,-84.188339170118
68947,PILOT TRAVEL CENTER #593,"I-10, EXIT 268",Tucson,AZ,980,3.30233333,32.127062,-110.876121
68949,JOES KWIK MARTS #475,US-15 & SR-20,Orange,VA,180,3.33233333,38.244288592692,-78.113504773487
68950,KWIK TRIP #608,US-52 & SR-30,Chatfield,MN,515,3.48233333,43.845123310969,-92.187600016306
68951,KWIK TRIP #313,US-10 & SR-73,Neillsville,WI,395,3.339,44.552948827745,-90.59638518098
68952,MAVERIK COUNTRY STORE #425,"I-84, EXIT 376, US-30/US-95",Fruitland,ID,785,3.36566666,44.082639107899,-116.922997204103
68956,SPEEDWAY #4533,"US-18/US-12, EXIT 146",Madison,WI,448,3.599,43.030705,-89.410071
68957,TA EXPRESS #6259,US-85/SR-200,Alexander,ND,273,3.52566666,47.805272,-103.645132
68959,SPEEDWAY #5215,"I-70, EXIT 66 & SR-54",South Vienna,OH,315,3.159,39.928387720348,-83.612183211418
68960,MAVERIK COUNTRY STORE #484,"I-15/84, EXIT 343 & SR-126",Ogden,UT,835,3.39233333,41.266372295074,-112.027430302995
68964,JIFFY TRIP #201,US-64/SR-58,Cherokee                                ,OK,337,3.269,36.757798639818,-98.357046229863
68969,MAVERIK COUNTRY STORE #474,"I-80, EXIT 115, CR-154",Salt Lake City,UT,835,3.389,40.771968,-111.93868
68971,FLYING J #580,"I-20, EXIT 121",Odessa,TX,710,3.56566666,31.867902449148,-102.299572871253
68972,SUNOCO CLARA BARTON PLAZA #7005,NJTP MM 5 SB,Penns Grove,NJ,115,3.899,39.68507,-75.4829
68974,STRIPES #40801,US-181 & SR-123 & CR-347,Karnes City,TX,625,3.174,28.861705515935,-97.893247314679
68976,MAVERIK COUNTRY STORE #453,"I-80, EXIT 223 & SR-305",Battle Mountain,NV,835,3.389,40.641437396789,-116.93582675143
68977,MAVERIK COUNTRY STORE #444,US-491 & US-666,Monticello,UT,835,3.489,37.819459836563,-109.052379178695
68978,MAVERIK COUNTRY STORE #287,"I-84, EXIT 36 & US-30",Nampa,ID,785,3.38566666,43.599288404733,-116.558402570225
68979,MAVERIK COUNTRY STORE #478,"I-40, EXIT 286 & SR-77",Holbrook,AZ,930,3.224,34.890860004055,-110.162349221889
68981,PETRO-CARD 24 #910450,US-63 & US-36,Macon                                   ,MO,494,3.239,39.754167101231,-92.467814894611
68982,SHELL,US-23,Grand Blanc                             ,MI,342,3.799,42.915212,-83.722927
68985,LOVES TRAVEL STOP #500,"I-35, EXIT 106",Eagleville,MO,320,3.789,40.464328497087,-93.977057656614
68987,STRIPES #40535,I-35,Cotulla,TX,625,3.339,28.451546,-99.239067
68988,7-ELEVEN #40547,US-281 & SR-29,Burnet,TX,740,2.95733333,30.758699518854,-98.225734233064
68989,QUARLES #4907,SR-166,Norfolk,VA,130,3.809,36.848052831983,-76.269109981886
68990,LOVES TRAVEL STOP #490,"I-24, EXIT 158",Jasper,TN,285,3.25233333,35.031426106594,-85.577920994525
68991,LOVES TRAVEL STOPS #514,"I-90/US-395, EXIT 221 & SR-261",Ritzville,WA,970,4.019,47.118194879553,-118.365707359447
68992,SHORT STOP #24,US-24,Saint Marys,KS,553,2.96733333,39.188406,-96.05639
68993,SHORT STOP #22,SR-15,Clay Center,KS,316,2.97233333,39.378074701875,-97.124566401102
68994,SHORT STOP #25,US-36 & SR-15,Washington,KS,316,2.90233333,39.813669980417,-97.168265579812
68995,ALLTOWN MARKETS #839,"I-95, EXIT 10",Darien,CT,100,3.83233333,41.06778,-73.504843
68996,BLU / DRIVEN FUELS,"I-15, EXIT 113",Idaho Falls,ID,825,3.479,43.44063610879,-112.119153039019
69002,KWIK TRIP #863,US-10,Stevens Point,WI,395,3.584,44.534508,-89.575778
69004,Maplefields,HWY 9 N & ROUTE 22,Ticonderoga,NY,39,3.749,43.858567994953,-73.43798398666
69005,SPEEDWAY #1017,"I-70, EXIT 186 & SR-285",Lore City,OH,315,3.23233333,40.031816009447,-81.447910033841
69006,PILOT #449,"I-70, EXIT 208",Belmont                                 ,OH,165,3.539,40.058823057381,-81.055106066003
69007,SPEEDWAY #7136,US-41 & US-70,Nashville,TN,460,3.24233333,36.158897716626,-86.782115831404
69008,SPEEDWAY #7137,SR-42 & SR-111,Cookeville,TN,460,3.07733333,36.23257099941,-85.404399002625
69009,PILOT #1140,US-287,Rhome,TX,630,3.17566666,33.035036164797,-97.452276655448
69010,PILOT TRAVEL CENTER #1023,US-69 & US-59/SR-287,Lufkin,TX,610,3.659,31.318802009951,-94.699798028311
69013,SPEEDWAY #7124,US-231/SR-10,Lebanon,TN,460,3.024,36.209564980217,-86.290514025041
69014,SPEEDWAY #4100,"I-94, EXIT 308 & US-41",Milwaukee,WI,448,3.599,43.12931,-87.932458
69015,Joe's Kwik Mart,"I-75, EXIT 7 & US-11 & US-64",Chattanooga,TN,285,3.149,35.031853897978,-85.309941575541
69016,SPEEDWAY #7606,"I-75, EXIT 25",Corbin,KY,405,3.519,36.915098469204,-84.130071334032
69017,SHELL,US-71 & SR-511,Bossier City,LA,745,2.999,32.460246985993,-93.661996207043
69021,SWEET CRUDE TRAVEL CENTER,HWY 85 & SR 200,Grassy Butte,ND,273,3.64066666,47.34308482024,-103.184129736938
69027,SPINX #134 (DISCOUNT AVAILABLE),SR-55 & 418,Simpsonville                            ,SC,30,3.06566666,34.806606,-82.231685
69028,LOVES TRAVEL STOP #427,"I-75, EXIT 51",Dayton,OH,317,3.319,39.731950447154,-84.205421393379
69029,LOVES TRAVEL STOP #461,"I-70, EXIT 246A",Saint Louis,MO,540,3.114,38.683438244159,-90.217093287756
69030,LOVES TRAVEL STOP #424,"I-20, EXIT 51",Lexington,SC,135,3.40733333,33.929358557299,-81.28597003002
69031,LOVES TRAVEL STOPS #492,"I-20, EXIT 42 & US-285",Pecos,TX,710,3.449,30.893523,-102.852526
69032,FLYING J #866,HIGHWAY 11/17,Pass Lake,ON,700,4.90101472,48.563478,-88.72002
69036,REFUEL #1038,US-15 & SR-151,Hartsville,SC,46,3.36566666,34.336646108114,-80.073601370712
69037,CIRCLE K #2723192,US-64 & US-421,Siler City,NC,177,2.949,35.734243092935,-79.431761912737
69038,REFUEL #1028,US-421/US-52 & US-15,Society Hill,SC,63,3.399,34.513465079718,-79.849817883153
69041,SPEEDWAY #7960,US-258/US-13,Farmville,NC,205,2.899,35.534614248534,-77.599259802679
69042,Joes Kwik Mart #7012,US-17/701,Georgetown,SC,205,2.999,33.327785,-79.316476
69043,KWIK TRIP #204,"US-51, EXIT 188",Wausau,WI,395,3.33233333,44.909775469153,-89.649030366625
69045,TA BRUNSWICK #6258,"I-95, EXIT 29",Brunswick,GA,75,3.46066666,31.133748145016,-81.577246646507
69046,SPEEDWAY #6303,"I-96, EXIT 4 & US-31",Muskegon,MI,456,3.279,43.237827002647,-86.244815972748
69047,SPEEDWAY #7461,I-294 & SR-50/SR-31,Alsip,IL,293,3.219,41.663018982701,-87.7387820034
69048,QUICK FUEL #2104,"I-74, EXIT 11",Indianapolis,IN,375,3.66233333,39.734738750725,-86.264732338611
69049,CIRCLE K #2741787,"I-440, EXIT 7 & US-165",North Little Rock,AR,695,3.369,34.734531007583,-92.167925025415
69051,PILOT #1225,"I-64, EXIT 23 & SR-4",Mascoutah,IL,540,3.859,38.553817367955,-89.806798364752
69052,PILOT #1193,US-93,Wikieup,AZ,930,3.899,34.698832,-113.609917
69053,PILOT DEALER #1192,US-60,Wittmann,AZ,930,4.899,33.774920279042,-112.524654833166
69055,PILOT TRAVEL CENTER #1058,US-301 & SR-200,Waldo,FL,140,3.799,29.735910985496,-82.141031987099
69057,MACH ONE FOOD SHOP #18,US-45/SR-15,Fairfield,IL,340,3.729,38.379654779323,-88.359643559826
69058,FOOD N FUEL,SR-53,Joliet,IL,365,3.499,41.482599,-88.160072
69059,LOVES TRAVEL STOP #530,"I-20, EXIT 147",Moody,AL,615,3.17566666,33.578587858968,-86.473277789023
69061,SPINX #125 (DISCOUNT AVAILABLE),US-25 & SR-331,Piedmont,SC,30,3.06566666,34.570531354488,-82.566884929134
69064,DUCK THRU #7,US-258,Rich Square                             ,NC,130,3.699,36.273981,-77.284637
69067,AP FUEL STOP,"I-75, EXIT 120",Lima                                    ,OH,411,3.08066666,40.685585200446,-84.124123726816
69069,SPINX #179 (DISCOUNT AVAILABLE),SR-291,Greenville                              ,SC,210,3.799,34.77859775099,-82.37741505639
69073,LOVES TRAVEL STOP #518,"I-15, EXIT 260 & SR-77",Springville,UT,835,3.809,40.161328188589,-111.656607050918
69076,A PLUS MINI MARKET,"I-95, MM 82",Aberdeen,MD,22,3.83233333,39.509535,-76.164324
69077,FLYING J #554,"I-37, EXIT 56",George West,TX,740,3.199,28.340324170797,-98.029250229295
69078,PILOT #559,"I-20, EXIT 178",Big Spring,TX,612,3.659,32.26574923552,-101.479119397935
69079,Circle K #2746432,SR-2,Stanley,ND,452,3.549,48.306194,-102.398294
69084,TIGER MART #79,SR-287 & FM-664,Waxahachie,TX,630,2.849,32.414684886882,-96.873678718842
69085,FATDOGS OGALLALA,"US-80, EXIT 126 & US-26/SR-61",Ogallala,NE,475,3.014,41.250183184945,-101.683106512084
69088,SPEEDWAY #3478,US-9 & SR-184,Perth Amboy,NJ,115,3.419,40.531787770918,-74.291048446345
69091,SPEEDWAY #6670,US-36/SR-67,Indianapolis,IN,375,3.229,39.855032,-85.990788
69095,JACKSONS FOOD STORE #23,"SR-395, EXIT 78",Reno                                    ,NV,966,3.999,39.614194,-119.847676
69096,SPEEDWAY #2907,US-62 & SR-18,Hermitage,PA,165,3.93733333,41.232111885271,-80.449779956011
69097,CIRCLE K #2741192,"I-30, EXIT 42B & SR-180",Dallas                                  ,TX,630,2.899,32.749338552334,-96.821519137921
69098,CIRCLE K #2741318,SR-285 & CR-160,Dripping Springs                        ,TX,595,3.049,30.19098,-98.086618
69099,LOVES TRAVEL STOP #523,"I-10, EXIT 92",Rayne,LA,600,3.149,30.251795,-92.194377
69100,DADS NORTH YELLOWSTONE,US-26,Idaho Falls,ID,825,3.599,43.529436,-111.98448
69101,BROMPTON VALERO,"I-20, EXIT 147 WEST",Moody,AL,615,3.12233333,33.58205,-86.46943
69102,CIRCLE K #4701445,"I-57, EXIT 250 & US-36",Rantoul,IL,280,3.799,40.304039749932,-88.183698323001
69103,LOVES TRAVEL STOP #539,US-385 & FM-1910,Andrews,TX,710,3.689,32.3019236,-102.539933
69104,QUIKTRIP #970,SR-12 & SR-180,Dallas,TX,630,2.97566666,32.749334063246,-96.820563543308
69106,SPINX #201,"I-185, EXIT 1A, I-385, EXIT 30",Simpsonville,SC,30,2.96566666,34.751053106444,-82.29407107172
69109,SHEETZ #497,"I-99, EXIT 15 & US-220 (BUSINESS)",Claysburg,PA,14,3.644,40.263723991934,-78.455802024554
69110,SHEETZ #498,US-22/US-119,Blairsville,PA,165,3.52733333,40.424904489413,-79.317164571205
69112,LOVES TRAVEL STOP #529,"I-39, EXIT 54",Oglesby,IL,290,3.389,41.297456349302,-89.083418731662
69115,BP,"I-90, EXIT 387/CR-151",Hartford,SD,530,2.97733333,43.527511226995,-96.950043698976
69117,SPEEDWAY #6395,US-24 & SR-64,Waterville,OH,550,3.699,41.5084172932,-83.754125565176
69119,CIRCLE K #2741217,"I-24, EXIT 242 & US-550/SR-24",Bernalillo,NM,580,3.52566666,35.320680082208,-106.552440770748
69122,DOUBLE QUICK #61,US-82,Leland,MS,655,3.299,33.402815,-90.881079
69123,LATTA TRAVEL STOP,SR-1,Ada,OK,569,3.10733333,34.751389,-96.700627
69124,LOVES TRAVEL STOP #467,"I-95, EXIT 131 & SR-68",Fort Pierce,FL,95,3.50566666,27.442406319461,-80.391475328766
69125,TA BROOKLYN,"I-80, EXIT 197",Brooklyn,IA,380,3.819,41.696618233574,-92.442117816612
69127,TALL TIMBERS TRUCK STOP,"I-55, EXIT 46 & SR-16",Amite,LA,600,2.999,30.726541672858,-90.533551985009
69128,BEACON & BRIDGE #34,"US-127, EXIT 194 & SR-55",Houghton Lake                           ,MI,260,3.399,44.305447414401,-84.61546275285
69132,PILOT #1001,US-67 & SR-137,Big Lake,TX,710,4.059,31.191698997836,-101.467382023794
69133,PILOT TRAVEL CENTERS #557,US-180 & US-62,Hobbs                                   ,NM,593,3.729,32.696699887839,-103.352818891105
69134,LOVES TRAVEL STOP #486,"I-40 & US-270, EXIT 166",Choctaw,OK,483,3.33733333,35.393750404657,-97.267558023924
69135,SPEEDWAY #8013,"I-70, EXIT 21",Brookville,OH,317,3.34066666,39.846573205729,-84.427054162196
69137,CIRCLE K #2741564,"I-35/US-77, EXIT 338B",Waco                                    ,TX,765,2.889,31.604703899262,-97.106500425188
69139,CIRCLE K #2741545,SR-72 & US-87,Cuero,TX,747,3.099,29.084195298648,-97.294991406284
69141,LOVES TRAVEL STOP #558,US-283 & US-400/US-56,Dodge City,KS,570,3.789,37.721404120196,-100.015013869859
69142,LOVES TRAVEL STOP #517,"I-70, EXIT 26 & US-50/6",Grand Junction,CO,800,3.989,39.111125534903,-108.646636673717
69143,MACH 1 #21,US-45 & SR-34,Harrisburg,IL,510,3.689,37.726479031085,-88.537280818748
69144,STRIPES 7FLEET #42530,SR-71 & SR-16,Llano,TX,740,3.23233333,30.759513192232,-98.675180393586
69145,SPEEDWAY #9561,"I-77, EXIT 132",Ripley,WV,44,3.499,38.759536540873,-81.69375153264
69146,DRUMS FUEL STOP,I-80 EXIT 262,Drums                                   ,PA,200,3.569,41.054410907413,-75.957927646748
69149,BLU STATION- LAMAR AVE,"I-240, EXIT 30",Memphis,TN,435,2.969,35.079973591218,-89.955126682268
69150,BLU STATION,"I-70, EXIT 66 & SR-267",Plainfield,IN,375,3.479,39.613953464529,-86.379711666224
69151,PILOT TRAVEL CENTER #592,"I-70, EXIT 26 & US-50",Grand Junction,CO,800,3.999,39.1124362,-108.6482821
69152,LOVES TRAVEL STOP #557,"US-64/167, EXIT 44 & SR-367",Searcy,AR,695,3.36233333,35.219972995212,-91.716176989356
69153,PILOT #1550,"I-65, EXIT 304 & SR-69/CR-437",Cullman,AL,615,3.859,34.113076591017,-86.866805491762
69155,PILOT TRAVEL CENTERS #1004,"I-35, EXIT 214 & US-60",Tonkawa,OK,500,3.59566666,36.6958887,-97.3494849
69156,BLU STATION,"I-55, EXIT 5A",Memphis,TN,435,2.969,35.0613763,-90.0198916
69159,EXXON,US-15 & SR-49,Lawrenceville,PA,32,3.699,41.99304288346,-77.138653331035
69162,Shell,US-20 & SR-15,Goshen,IN,370,3.549,41.667376985619,-85.821363984524
69163,CUBBYS #406,"I-229, EXIT 9 & SR-115",Sioux Falls,SD,530,3.099,43.5873887638,-96.728376131635
69164,CIRCLE K #2741557,US-190 & SR-195 & SR-3470,Killeen,TX,765,2.76233333,31.10914919577,-97.747564892167
69165,EL TIPI QUICK STOP,US-283 & SR-15,Shattuck                                ,OK,337,3.23233333,36.283017483672,-99.881626190563
69167,HOBO TRUCK STOP 2,US-50/400 & US-83,Garden City                             ,KS,525,3.399,37.960389488358,-100.839814180899
69168,STRIPES 7FLEET #42470,I-20 EXIT 324 & CR-134,Cisco,TX,575,3.12733333,32.376349,-99.00279
69169,LAMBOS #5,"I-57, EXIT 212 & SR-36/CR-950",Tuscola,IL,280,3.229,39.791852661777,-88.264405032743
69170,SPEEDWAY #9381,US-50 & SR-14,Parkersburg,WV,430,3.464,39.258176907552,-81.555703068876
69171,KWIK STAR #215,US-61,Davenport,IA,270,3.649,41.607261397291,-90.565093780401
69172,KWIK TRIP #210,"US-53, EXIT 90",Eau Claire,WI,295,3.40733333,44.83203294694,-91.452744605608
69173,KWIK TRIP #231,US-61 & SR-310,Boscobel,WI,335,3.474,43.140799,-90.709948
69174,KWIK TRIP #860,SR-17,Rhinelander,WI,395,3.45233333,45.636044,-89.378965
69175,KWIK TRIP #854,US-212 & CR-33,Norwood Young America                   ,MN,453,3.674,44.772451298671,-93.929607241382
69176,FLYING J TRAVEL PLAZA #1015- TOWN PUMP,SR-200/SR-16 & CR-123,Sidney,MT,780,3.384,47.689119790536,-104.175549710251
69177,LOVES TRAVEL STOP #426,"I-80, EXIT 34",Shelby,IA,433,3.649,41.498651686367,-95.45629808804
69178,LOVES TRAVEL STOP #495,"I-75, EXIT 143 & CR-78",North Fort Myers,FL,225,3.789,26.667242860814,-81.885852609094
69182,XtraMart #1513,"I-87, EXIT 10 & US-9",Clifton Park,NY,12,3.899,42.901365257932,-73.784705675028
69183,SPEEDWAY #7611,"I-71, EXIT 65 & SR-435",Jeffersonville,OH,315,3.229,39.61788299486,-83.609927344571
69185,LOVES TRAVEL STOPS #560,US-258 & US-58,Franklin,VA,130,3.889,36.661444612155,-76.941707691616
69186,LOVES TRAVEL STOP #551,US-20 & CR-127,Angola,IN,465,3.889,41.633754,-85.050515
69187,LOVES TRAVEL STOP #559,US-82 & US-49,Indianola,MS,655,3.31566666,33.447120552159,-90.705482662053
69188,PILOT TRAVEL CENTER #1013-TOWN PUMP,"I-90, EXIT 298",Belgrade                                ,MT,786,3.63066666,45.774601773137,-111.198021290335
69189,LOVES TRAVEL STOP #542,"I-10, EXIT 261/US-67 & I-10 BUS",Fort Stockton,TX,710,3.649,30.898776585655,-103.055486801572
69190,LOVES TRAVEL STOP #561,"I-10, EXIT 70 & US-90 & SR-285",Defuniak Springs,FL,20,3.609,30.744594471062,-86.313075439384
69193,Certified Oil #400305,SR-2 & SR-7,New Martinsville,WV,317,3.31733333,39.636450311931,-80.858075507385
69194,CHESAPEAKE HOUSE SUNOCO,"I-95, EXIT 97",North East,MD,243,3.83233333,39.612437,-76.007278
69200,BECKS EXPRESS MART #22,"I-55, EXIT 126",Lincoln,IL,280,3.299,40.162563919416,-89.416286435995
69201,CASEYS #3654,SR-210,Brainerd,MN,522,3.44566666,46.339755630602,-94.352536511863
69203,SPEEDWAY #1414,US-45,Mokena,IL,293,3.339,41.530379,-87.889698
69207,CIRCLE K #2705988,"I-10, EXIT 209A & US-90/SR-10",Tallahassee,FL,20,3.619,30.485238586778,-84.158133801146
69211,KWIK TRIP #213,"I-35/US-61, EXIT 139 & CR-19",Stacy,MN,451,3.37733333,45.39691100614,-92.996207975315
69213,Circle K #2741498,SR-72 & SR-16,Tilden                                  ,TX,747,3.199,28.47100661065,-98.547937403688
69214,MAVERIK #5031,"I-70, EXIT 90 & US-24",Rifle,CO,800,3.46233333,39.525103687967,-107.77522112243
69215,GASWAY,US-1,North Brunswick                         ,NJ,115,3.159,40.468240965536,-74.442016665204
69217,Circle K #4705624,"I-76, EXIT 2 & US-224",Seville,OH,249,3.06566666,41.033229013455,-81.860628995048
69218,DANDY MINI MART #58,"I-86, EXIT 41 & US-17/15",Campbell,NY,32,3.999,42.227444004075,-77.184535003952
69220,CIRCLE K #2705097,"I-275, EXIT 2 & US-41",Palmetto,FL,225,3.699,27.585687330736,-82.535041460803
69221,PILOT TRAVEL CENTER #483,"I-80, EXIT 112 & SR-47",Morris,IL,290,3.799,41.356536085194,-88.421631677206
69222,PILOT TRAVEL CENTERS #1003,US-287 & US-283,Childress,TX,585,3.799,34.4356516,-100.2300647
69223,LOVES TRAVEL STOP #566,"US-231/CR-53, EXIT 12",Ozark,AL,20,3.989,31.427619,-85.619632
69226,STRIPES #40812,US-77,Odem,TX,625,3.199,27.947179,-97.584424
69228,QUIKTRIP #993,"I-20, EXIT 501 & SR-34",Terrell,TX,630,2.87066666,32.732380828344,-96.275640732563
69229,SPEEDWAY #7154,"I-40, EXIT 87 & US-70",Jackson,TN,460,3.399,35.681170851775,-88.740375218326
69230,JOES KWIK MARTS #6013,SR-16 & SR-73,Denver,NC,46,3.189,35.450659210538,-81.006397475026
69233,PILOT TRAVEL CENTER #597,US-23 & US-50,Chillicothe,OH,315,3.799,39.326012991055,-82.94399291414
69234,KWIK TRIP #220,US-53/SR-194,Duluth,MN,334,3.499,46.780064022693,-92.108290571595
69235,KWIK TRIP #203,US-2 & SR-35,Superior,WI,334,3.339,46.720605714582,-92.104018420029
69236,KWIK TRIP #225,SR-54/SR-55,Seymour,WI,582,3.39066666,44.500537777058,-88.330522406674
69237,KWIK TRIP #239,"I-43, EXIT 50 & SR-164",Big Bend,WI,444,3.33233333,42.910431683584,-88.216998989717
69238,KWIK TRIP #242,"US-41, EXIT 97",Fond Du Lac,WI,444,3.34066666,43.751298010618,-88.464716912553
69239,LOVES TRAVEL STOP #580,SR-20/157 & SR-133,Tuscumbia,AL,615,3.849,34.697886898507,-87.63457843458
69245,SPEEDWAY #7946,SR-24,Newport,NC,205,3.699,34.711425,-76.991481
69250,MAVERIK #5150,"I-25, EXIT 278 & SR-1",Wellington,CO,800,3.199,40.705561805356,-104.997220854533
69252,SPEEDWAY #6977,SR-96,Youngsville,NC,205,2.95233333,36.025024,-78.479007
69255,THE LANDING,US-82,Greenwood,MS,655,3.199,33.528969,-90.22313
69257,CATARINA ONE STOP,US-83,Catarina,TX,693,3.024,28.340306,-99.610469
69258,TEX-BEST #525,"I-37, EXIT 109 & SR-97",Pleasanton,TX,740,3.099,28.994189640962,-98.429938925876
69259,SPEEDWAY #7162,US-74/SR-311,Cleveland,TN,285,3.449,35.135727671373,-84.873558340908
69261,THORNTONS #314,SR-83,Bensenville,IL,290,3.459,41.972488,-87.95821
69263,LOVES TRAVEL STOP #564,US-82 & SR-50 & SR-12,Columbus,MS,615,3.249,33.51954369504,-88.363704685291
69288,KWIK STAR #207,"US-61, EXIT 311B & US-30",De Witt,IA,270,3.624,41.819908009758,-90.568480999474
69289,KWIK TRIP #224,"I-35, EXIT 254",Duluth,MN,334,3.499,46.760521337491,-92.127598623196
69290,LOVES TRAVEL STOP #587,"I-41/US-45, EXIT 97",Fond Du Lac,WI,444,3.44566666,43.780116817812,-88.446740260556
69291,LOVES TRAVEL STOP #581,"I-70, EXIT 56 & US-89",Salina,UT,835,3.70566666,39.071148904511,-111.820786540502
69294,KWIK TRIP #317,"I-90, EXIT 28 & SR-16",Sparta,WI,515,3.24233333,43.939273383439,-90.810518515309
69295,FLYING J #864,HWY 11 S & RAILWAY ST,Davidson,SK,550,4.90101472,51.261102087902,-105.991649823834
69296,KWIK TRIP #234,"I-35, EXIT 239",Cloquet,MN,334,3.319,46.699845232922,-92.4231600673
69297,KWIK TRIP #241,"US-51, EXIT 208 & SR-64",Merrill,WI,395,3.40733333,45.179691027684,-89.698315368513
69299,SPEEDWAY #7912,US-421/SR-16,Wilkesboro,NC,65,3.134,36.153941993912,-81.234230232739
69300,SPEEDWAY #8262,SR-306 & SR-55,Grantsboro,NC,205,3.44066666,35.140412997054,-76.842792014053
69301,SPEEDWAY #6969,US-264 & SR-99,Belhaven,NC,205,3.19733333,35.54490916929,-76.63532584635
69305,ROAD RANGER #268,"I-64, EXIT 130 & SR-1",Grayville,IL,340,3.799,38.235522987431,-88.001315029339
69306,PILOT TRAVEL CENTER #500,"I-75, EXIT 460 & SR-6",Jasper,FL,10,3.369,30.518725149109,-83.057659400188
69307,LOVES TRAVEL STOP #578,I-55 EXIT 30 & SR-140,Hamel,IL,540,3.689,38.888950093336,-89.844275998287
69308,LOVES TRAVEL STOP #535,SR-283,Middletown,PA,70,3.759,40.222178628434,-76.71282685411
69309,PILOT TRAVEL CENTER #1012,"US-218, EXIT 42B & US-34",Mount Pleasant,IA,270,3.56566666,40.959078842289,-91.519141370207
69310,PILOT TRAVEL CENTER #1006,"I-10, EXIT 456 & US-377",Junction,TX,740,3.599,30.5059174,-99.7765996
69311,GOLDEN GATE TRUCKSTOP HAWTHORNE,US-95/SR-362,Hawthorne,NV,966,4.079,33.923079596742,-118.319322164644
69312,ONVO TRAVEL PLAZA - DUNCANNON,US-11/15,Duncannon,PA,70,3.55233333,40.447737,-76.982558
69313,PETERSONS DIESEL FUELING,"I-5, EXIT 156",Seattle,WA,962,4.399,47.485077,-122.270134
69314,Circle K #4706799,"I-55, EXIT 283 & SR-43",Bridgeview,IL,291,3.919,41.737298506497,-87.799285814257
69315,ROAD RANGER #269,"I-70, EXIT 147 & SR-1",Marshall,IL,510,3.309,39.392686158306,-87.693616695701
69318,FUEL ONE,US-9 & SR-35,Avenel,NJ,115,3.37233333,40.571514601154,-74.292809699798
69319,SPEEDWAY #8190,US-117/13 BYP S,Goldsboro,NC,205,3.599,35.327772,-78.035144
69321,CIRCLE K #2741546,US-90,Gonzales,TX,747,2.87566666,29.522725,-97.436698
69322,SHELL SERVICE STATION,"I-10, EXIT 828 & SR-73",Winnie,TX,610,3.23233333,29.826500752074,-94.379097694023
69324,CIRCLE K #4707006,"I-95, EXIT 302 & US-1",Houlton,ME,170,3.899,46.140452495842,-67.839754651226
69330,KWIK TRIP #292,"I-43, EXIT 183",Green Bay,WI,582,3.39066666,44.490046516774,-87.940173954915
69333,SPEEDWAY #3578,"US-131, EXIT 64",Wayland,MI,456,3.699,42.672345387319,-85.661083797025
69336,SPEEDWAY #7148,"I-40, EXIT 232 & SR-109",Lebanon,TN,460,2.92233333,36.187491009317,-86.408759842106
69338,SPEEDWAY #6139,US-30 & SR-13,Pierceton,IN,465,3.729,41.236613483565,-85.699594472233
69339,SPEEDWAY #9383,"I-75, EXIT 29 & SR-63",Monroe,OH,300,3.20233333,39.444955987059,-84.359222744833
69341,CIRCLE K #2741067,"I-410/US-281, EXIT 41",San Antonio,TX,740,2.899,29.33246970658,-98.411286061769
69342,WARREN OIL,"I-90, EXIT 3 & US-41 & SR-912",Hammond,IN,365,3.439,41.656929991048,-87.508617037678
69344,CIRCLE K #2741078,SR-97 & SR-123,Stockdale,TX,747,3.079,29.226591009287,-97.954999980496
69345,RUTTERS #20,"I-76, EXIT 247 & I-283, EXIT 1A",Middletown,PA,70,3.82233333,40.215306913115,-76.783768202543
69346,D AND C FUEL SALES,US-6 & CR-4019,Tunkhannock                             ,PA,200,3.699,41.584131988503,-75.980782004064
69353,SPEEDWAY #2910,"I-79, EXIT 55",Pittsburgh,PA,165,3.909,40.373318541741,-80.103944174811
69354,CIRCLE K #4702411,US-36,Danville,IN,375,3.789,39.75783,-86.487452
69359,PETRO-CANADA,TCH,Medicine Hat                            ,AB,50,4.09994293,50.072443,-110.753124
69362,HART MARATHON,US-31,Hart,MI,456,3.449,43.689298,-86.383553
69365,Circle K #4703911,SR-109 & SR-52,Portland,TN,460,2.959,36.576692004025,-86.5145450302
69369,SPEEDWAY #2912,SR-65,Baden,PA,165,3.91233333,40.626127,-80.229668
69374,7-ELEVEN #40558,SR-6 & CR-185,Woodway,TX,765,2.98566666,31.581368018678,-97.305396030334
69377,CIRCLE K #4705628,SR-21 & SR-585,Barberton,OH,249,3.58233333,40.992911011443,-81.662732009619
69379,Kum & Go #0535,US-6 & US-65,Des Moines,IA,320,2.98733333,41.647403999999,-93.512502784614
69380,CASEYS #2967,SR-43 & SR-2,Bennet,NE,413,3.229,40.711775399145,-96.502123631771
69383,PETRO-CANADA,"ALASKA HWY, MILE 635",Watson Lake                             ,YT,850,4.4906795,60.062806,-128.710913
69384,KWIK TRIP #209,"US-41, EXIT 148 & SR-55",Kaukauna,WI,582,3.369,44.289554078412,-88.260654375739
69390,MINIT MART #600625,"I-57, EXIT 283 & US-24",Gilman,IL,280,3.489,40.754589003134,-88.006882887899
69392,LOVES TRAVEL STOP #600,"I-69, EXIT 214",Pendleton,IN,457,3.57566666,39.993484038615,-85.838791924759
69393,LOVES TRAVEL STOP #594,US-35 & SR-850,Bidwell,OH,315,3.849,38.851481599334,-82.301054889393
69394,SPEEDWAY #3424,"I-75, EXIT 73 & SR-55",Troy,OH,411,3.13566666,40.038648766774,-84.203962689346
69395,SPEEDWAY #3766,US-52,Indianapolis,IN,375,3.599,39.7810616,-86.1588675
69396,SPEEDWAY #7158,"I-40, EXIT 320 & SR-98",Crossville,TN,460,3.07233333,35.983793112768,-85.015694740526
69397,SPEEDWAY #7163,"I-40/US-412, EXIT 85",Jackson,TN,460,3.349,35.677946453657,-88.785951955246
69398,SPEEDWAY #7114,"I-75, EXIT 4, SR-153, EXIT 1 & US-64/US-11",Chattanooga,TN,285,3.08233333,35.043306,-85.279212
69399,SPEEDWAY #7147,"I-75, EXIT 49 & SR-30",Athens,TN,285,3.349,35.448910613669,-84.598140750579
69400,CASEYS #4411,US-641 & SR-58,Benton,KY,490,3.199,36.888804978818,-88.275677224557
69401,CASEYS #3205,"I-29, EXIT 47 & US-275/SR-92",Council Bluffs,IA,319,3.599,41.219502460003,-95.848700720449
69402,SHELL,"I-71, EXIT 151 & SR-95",Mount Gilead,OH,315,3.759,40.480879250199,-82.685711135233
69403,SHORTYS ONE STOP,US-83/12/SR-20,Selby,SD,248,3.089,45.505882,-100.037719
69405,FLYING J #551,"I-20, EXIT 330 & SR-206",Cisco                                   ,TX,575,3.14233333,32.372429566577,-99.007467177465
69407,Cenex,US-14/CR-812 & US-83,Blunt                                   ,SD,571,3.1015,44.503129685532,-100.067593632297
69410,LOVES TRAVEL STOP #602,"I-90, EXIT 67B",Box Elder,SD,506,3.989,44.11773427589,-103.049204680483
69412,CIRCLE K #4705724,US-127 & CR-144,Paulding,OH,411,3.699,41.149878011496,-84.580615250444
69413,ASAP GENERAL STORE #300,"I-40, EXIT 66 & US-183",Clinton,OK,483,3.149,35.499346500961,-98.964956993686
69414,FLEX MARKET,"I-65 EXIT20, US-31 W EXIT 4",Bowling Green                           ,KY,460,2.999,36.929324,-86.498187
69416,CIRCLE K #2740541,HWY 90,Roans Prairie,TX,670,3.07233333,30.598149192798,-95.947994420281
69417,LOVLEN FOODS,US-58 & SR-615,Drewryville,VA,130,3.049,36.686015993676,-77.384547021885
69421,CIRCLE K #2741257,"I-10, EXIT 19B",El Paso,TX,640,2.91566666,31.765752397571,-106.483377205613
69423,FAST MARKET #4574,SR-375 & CR-258,El Paso,TX,640,2.90566666,31.678274302594,-106.316442762649
69425,5R TRAVEL CENTER,"I-10, US HWY 180, EXIT 82A",Deming,NM,640,3.049,32.281344,-107.760075
69426,LOVES TRAVEL STOP #553,"I-40 E, EXIT 163",Williams,AZ,930,3.59566666,35.264721692746,-112.054234830345
69434,CIRCLE K #2741559,US-281 & SR-29,Burnet,TX,595,2.91566666,30.758699518854,-98.225734233064
69436,CIRCLE K #2741077,SR-97 & CR-433,Pleasanton                              ,TX,747,2.949,28.937459983368,-98.516914974207
69437,CountryMark,SR-66,Evansville                              ,IN,340,3.699,38.045021873572,-87.708887962677
69438,LOVES TRAVEL STOP #585,"I-49/US-71, EXIT 27 & SR-86",Neosho,MO,277,3.39733333,36.880487170953,-94.429963230894
69439,LOVES TRAVEL STOP #608,"I-135, EXIT 60 & US-56",Mcpherson,KS,570,3.324,38.368717852494,-97.620364502843
69440,LOVES TRAVEL STOP #592,US-24 & SR-101,Woodburn,IN,370,3.849,41.154219019764,-84.848658034973
69441,LOVES TRAVEL STOP #610,"I-20, EXIT 307 & US-283",Baird,TX,575,3.10733333,32.400896216043,-99.381172885871
69442,Eagle #51,US-83 & FM-1917,Carrizo Springs,TX,740,3.279,28.511032796703,-99.849733970989
69446,SUPER SAVE #4,SR-33 & SR-15,Farmerville,LA,719,3.479,32.780174004277,-92.405511034841
69448,STRIPES #42525,"I-27/US-87, EXIT 2",Lubbock,TX,700,2.95733333,33.555885272642,-101.844817308987
69451,LOVES TRAVEL STOP #603,I-95 EXIT 366 AT PECAN PARK RD,Jacksonville,FL,75,3.399,30.517602165705,-81.631158799858
69452,DANDY MINI MART #5,HWY 6,Towanda,PA,32,3.999,41.787924,-76.453475
69453,7-ELEVEN #41033,US-69,Woodville,TX,610,3.149,30.768254,-94.414172
69454,SPEEDWAY #6092,"I-65, EXIT 76A & US-31",Taylorsville,IN,375,3.35733333,39.304599407737,-85.962695486826
69455,SPEEDWAY #4214,"I-45, EXIT 46 & US-100",Milwaukee,WI,448,3.36566666,43.114581060416,-88.057158799305
69458,PEOSTA KWIK STOP,"US-20, EXIT 308",Peosta,IA,335,3.489,42.440894298461,-90.844150479345
69459,LOVES TRAVEL STOP #583,"I-64, EXIT 27 & SR-161",New Baden,IL,540,3.849,38.535017763669,-89.699972796858
69462,LOVES TRAVEL STOP #619,"I-59, EXIT 29 & SR-26",Poplarville,MS,725,3.17566666,30.848020650071,-89.497505972212
69465,MAVERIK COUNTRY STORE #476,US-59,Gillette,WY,790,3.36566666,44.26926,-105.507331
69467,CIRCLE K #2741547,US-181,Floresville,TX,740,2.99566666,29.14549,-98.155574
69468,TOOT N TOTUM #100,US-83,Perryton,TX,585,2.999,36.376367,-100.801806
69469,QUIKTRIP #1110,"I-85, EXIT 60 & US-101",Greer,SC,210,3.08566666,34.890401456725,-82.164461474851
69471,Circle K #2741501,"I-37, EXIT 3A",Corpus Christi                          ,TX,625,3.104,27.803804555006,-97.450429712066
69474,LOVES TRAVEL STOP #577,"I-85, EXIT 22",Shorter,AL,720,3.22066666,32.408401023854,-85.957446767652
69475,GUTHRIE TRAVEL CENTER,I-35 EXT 138C,Guthrie,OK,483,2.96566666,35.877284,-97.391901
69477,LOVES TRAVEL STOP #621,US-36 & SR-110,Bevier,MO,310,3.439,39.762596,-92.56279
69480,VAN HOOK TRAVEL CENTER,US-23,New Town                                ,ND,452,3.56233333,47.978691,-102.353152
69483,LOVES TRAVEL STOP #607,"US-63, EXIT 40 & SR-463",Jonesboro,AR,435,3.439,35.807216240654,-90.637083498282
69484,KWIK TRIP #774,SR-13,Adams,WI,395,3.274,44.220184,-89.809784
69485,7-ELEVEN #41036,US-96,San Augustine,TX,618,3.159,31.594158489869,-94.143146599867
69486,DUCK THRU FOOD STORE #42,SR-186 & SR-305,Seaboard,NC,130,3.299,36.491516989885,-77.441467017607
69487,CIRCLE K #2742034,"I-35, EXIT 176",Schertz,TX,740,2.794,29.603020120581,-98.273089987761
69489,SPRINT FOODS #728,SR-38,Bennettsville,SC,63,3.399,34.614015992308,-79.698992364831
69492,GOOD 2 GO #418,"I-15, EXIT 273 & US-54 & US-91",Mona,UT,835,3.429,39.821442,-111.843999
69494,TMI FUEL STOP,SR 1,Port Allen                              ,LA,600,3.06566666,30.5063554,-91.2173859
69495,QUIKTRIP #72,US-69 & US-62,Muskogee,OK,560,3.03233333,35.769698380898,-95.356373171705
69496,LOVES TRAVEL STOP #601,"I-70, EXIT 115 & SR-109",Knightstown,IN,375,3.949,39.840395301506,-85.555077123249
69497,MACH ONE FOOD SHOP #10,"I-70 & EXIT 129, SR-49",Casey,IL,510,3.199,39.300843379323,-87.992958064589
69499,HANKS TRUCK STOP,US-39 & US-30,Hanna,IN,457,3.499,41.405530982374,-86.736632020556
69500,ROAD RANGER #271,"I-20, EXIT 108",Odessa,TX,710,3.51566666,31.783610843764,-102.485001953452
69501,VALLEY COUNTRY STORE,"I-84, EXIT 16B & SR-79",Jerome,ID,787,3.43233333,42.825613135475,-114.512005576613
69504,KWIK TRIP #245,SR-42,Plainview,MN,515,3.624,44.160699,-92.165437
69505,KWIK TRIP #282,"I-43, EXIT 43 & SR-83",Mukwonago,WI,444,3.33733333,42.863041764192,-88.332482829964
69506,KWIK TRIP #290,"I-94/US-41, EXIT 321",Oak Creek,WI,444,3.719,42.899182385994,-87.935855371475
69508,KWIK TRIP #777,SR-49 & CR-F,Berlin,WI,582,3.42566666,43.968297794446,-88.956783678828
69510,CLARK #3121,SR-46 & SR-24,Caro                                    ,MI,260,3.399,43.409165383041,-83.383888017099
69512,LOVES TRAVEL STOP #589,"I-27/US-87, EXIT 8 & FM-2641",Lubbock,TX,700,3.33233333,33.643189951754,-101.835074539697
69513,KWIK TRIP #885,WI-29 EXIT 132,Abbotsford,WI,395,3.45233333,44.932739606022,-90.315163678107
69514,Flying J #1033,"I-20, EXIT 138 & SR-158",Midland,TX,710,3.56566666,31.801266874987,-101.267624629484
69520,SPEEDWAY #2908,SR-51,Perryopolis,PA,165,3.91566666,40.085624,-79.761037
69521,CASEYS #3319,"US-30, EXIT 158",Nevada,IA,320,2.989,42.008754615203,-93.431069940848
69522,FUEL EXPRESSO 17,"I-35 & EXIT 187, SR-68",Ottawa                                  ,KS,400,3.17233333,38.621741919906,-95.268125477169
69524,CONCORD XTRAMART,"I-93, EXIT 17 & US-4",Concord,NH,178,3.659,43.368749773767,-71.695207195215
69525,DILLEY TRUCK STOP,"I-35 & EXIT 85, FM 117",Dilley,TX,740,3.06566666,28.685565981402,-99.177008960013
69526,STRIPES 7FLEET #42469,"I-20, US-80 EXIT 15A",Santo,TX,575,2.91733333,32.607723,-98.11158
69527,Exxon,"I-96, EXIT 129",Fowlerville,MI,406,3.749,42.646289600311,-84.072123621359
69528,KWIK STAR #283,"I-380/US-218/SR-27, EXIT 13",Cedar Rapids,IA,380,3.53233333,41.893422779928,-91.671613411577
69530,CIRCLE K #2741030,"I-35, EXIT 160",San Antonio,TX,740,2.999,29.447902796929,-98.427887851707
69531,Kwik Star#223,"I-35, EXIT 194 & US-18/SR-122",Clear Lake,IA,433,3.079,43.146272019086,-93.356990988067
69532,JACKSONS FOOD STORE #147,"I-84, EXIT 27/US-20 & SR-19",Caldwell                                ,ID,785,3.579,43.66968330642,-116.697017866994
69534,CAIRO TRAVEL CENTER,US-84/SR-38,Cairo                                   ,GA,20,3.424,30.886185917801,-84.206832049984
69536,7-ELEVEN #40802,US-87,Nixon,TX,740,3.079,29.268278,-97.762768
69541,PILOT #1027,US-385 & CR-E,Vega                                    ,TX,585,3.30566666,35.235308,-102.428527
69542,PILOT #1030,"I-57, EXIT 353",Alsip,IL,290,3.459,41.663391,-87.700902
69545,LOVES TRAVEL STOP #628,"I-35E, EXIT 386 & FM-1134",Italy,TX,630,3.10233333,32.19183979658,-96.901268268424
69546,KWIK TRIP #186,"I-35, EXIT 183",Hinckley,MN,334,3.35233333,46.009124614876,-92.932523055634
69547,KWIK TRIP #297,"US-10, WI-441",Menasha,WI,582,3.49066666,44.233904561281,-88.407019717173
69549,KWIK TRIP #178,"I-494, EXIT 64B & SR-156",South Saint Paul,MN,451,3.60733333,44.874696310086,-93.032823313509
69550,KWIK TRIP #273,"I-35, EXIT 251B & SR-23",Duluth,MN,334,3.499,46.65798589798,-92.226473782239
69553,SPEEDWAY #2120,US-30,Oswego,IL,293,3.299,41.696176,-88.261351
69554,SPEEDWAY #8047,"I-70, EXIT 104 & SR-9",Greenfield,IN,375,3.599,39.859573436179,-85.770051237042
69558,CIRCLE K #2741070,FM-1560,San Antonio,TX,740,2.914,29.525676849061,-98.718204072338
69559,CASEYS #3424,"I-35, EXIT 26 & SR-30",Ellendale                               ,MN,433,3.499,43.870079994141,-93.275476979686
69560,LOVES TRAVEL STOP #614,"I-40, EXIT 149",Albuquerque,NM,580,3.52066666,35.066984673884,-106.784569575934
69561,SPEEDWAY #7156,"I-40/75, EXIT 374 & SR-131",Knoxville,TN,405,3.26566666,35.904215283671,-84.142458575806
69562,SPEEDWAY #8796,"I-496, EXIT 11",Lansing,MI,406,3.699,42.692790241743,-84.503501026241
69563,SPEEDWAY #9651,"I-75, EXIT 104",Lexington,KY,410,3.149,37.959191302356,-84.388521113143
69564,SPEEDWAY #7106,"I-40, EXIT 280 & SR-56",Baxter,TN,460,3.06566666,36.137030001794,-85.628622959195
69565,PILOT #1021,"I-196, EXIT 49",Holland,MI,406,4.099,42.74005,-86.077481
69566,PILOT #1024,"I-80, EXIT 132B & SR-53",Joliet,IL,290,3.799,41.511386289034,-88.081793034487
69567,KWIK TRIP #166,"I-35, EXIT 214",Moose Lake,MN,334,3.319,46.439562596524,-92.743561912036
69568,KWIK TRIP #295,SR-26 & SR-59,Milton,WI,420,3.399,42.768989900485,-88.924159216194
69570,CENEX CONVENIENCE,SR-34 & CR-21,Detroit Lakes,MN,341,3.499,46.825749020477,-95.837497718557
69572,AC & T GARLAND GROH,I-81 EXIT 7B,Hagerstown,MD,70,3.559,39.66475,-77.743549
69573,AC & T Falling Waters,"I-81, EXIT 23",Falling Waters                          ,WV,70,3.849,39.558873,-77.891756
69574,LOVES TRAVEL STOP #622,"I-94, EXIT 45 & CR-B",Menomonie,WI,450,3.579,44.904781554264,-91.859634086356
69575,LOVES TRAVEL STOP #537,"I-68, EXIT 46 & US-220/SR-144",Cumberland,MD,14,4.249,39.673405997303,-78.728728694249
69576,PILOT #498,US-69/75 & SR-7,Atoka,OK,253,3.499,34.374803908028,-96.129762489436
69580,GORES TRAVEL PLAZA,US-270/SR-3,Seiling,OK,483,3.149,36.147820515411,-98.924465478239
69581,BYRNE DAIRY #22,"I-81, EXIT 15 & US-20",La Fayette                              ,NY,220,4.299,42.893932,-76.114436
69584,LOVES TRAVEL STOP #648,US-70,Valliant,OK,253,3.099,34.0038969,-95.1017289
69585,LOVES TRAVEL STOP #618,"I-75, EXIT 136 & SR-32",Sadieville,KY,300,3.139,38.379707019022,-84.569419037816
69586,FLYING J #853,TCH-17,Sault Ste Marie,ON,460,4.46276974,46.506774,-84.333515
69587,LAMBOS #3,"I-57, EXIT 190A & SR-16",Mattoon,IL,280,3.399,39.48431499744,-88.316399989797
69588,FUEL CITY,"I-30, EXIT 52B & US-80",Mesquite,TX,630,2.96566666,32.797528619401,-96.685751224934
69589,LOVES TRAVEL STOP #604,I-35 EXIT 157 & SR-33,Guthrie,OK,483,3.319,35.878229018244,-97.395136038491
69590,LOVES TRAVEL STOP #654,US-81,Union City,OK,483,3.37566666,35.406151,-97.937579
69591,REBEL PLUS #841,"I-75, EXIT 116 & CR-865",Bonita Springs,FL,225,3.539,26.326835256558,-81.748833238251
69592,SPEEDWAY #6131,"I-465, EXIT 49",Indianapolis,IN,375,3.799,39.736412815963,-86.043640676375
69594,SPEEDWAY #8480,US-30 & CR-36,Plainfield,IL,293,3.339,41.593826341377,-88.215233171421
69595,SPEEDWAY #7176,US-31/SR-6,Columbia,TN,460,3.359,35.650835,-87.011837
69596,SPEEDWAY #4250,SR-72,Des Plaines,IL,293,3.499,42.008873,-87.900915
69597,SPEEDWAY #2918,US-119,Uniontown,PA,165,3.91566666,39.901991,-79.753136
69598,SPEEDWAY #8133,SR-237,Berea,OH,305,3.499,41.354872413371,-81.858548674917
69599,One9 SPEEDWAY #2917,SR-48 & SR-130,Monroeville,PA,165,3.99233333,40.397680299542,-79.769322695103
69601,LOVES TRAVEL STOP #638,US-54,Texhoma,OK,585,3.509,36.506313,-101.774627
69605,CASEYS #3305,SR-23 & SR-47,Ogilvie,MN,333,3.371,45.831846788447,-93.410161087946
69607,PANOLA PINES PLAZA,I-59,Carthage,TX,618,3.139,32.148062,-94.325433
69608,STRIPES,FM 1924,Mission,TX,639,3.099,26.262156901072,-98.346128584047
69611,CUBBYS #2104,CR-131,Shelby                                  ,NE,313,3.399,41.192382,-97.416921
69612,ROAD RANGER #272,"I-35, EXIT 39 & SR-44",Encinal,TX,693,3.539,28.046110006378,-99.351202745754
69614,RUTTERS #36,US-15 & SR-234,York Springs,PA,70,4.299,39.948953017569,-77.135203758783
69615,LOVES TRAVEL STOP #631,US-275/SR-64,Valley,NE,270,3.34566666,41.3128295,-96.3240845
69616,FLYING J #552,"I-71, EXIT 32 & SR-350",Lebanon,OH,407,3.399,39.412275710816,-84.154121492563
69618,LOVES TRAVEL STOP #656,US-50/400,Holcomb,KS,525,3.729,38.001181,-100.996287
69621,Circle K #2741096,"I-10/US-90, EXIT 591 & FM-1518",Converse                                ,TX,740,2.93566666,29.430173882826,-98.225456771567
69625,RUTTERS #34,US-30 & SR-23,Leola,PA,70,4.199,40.088880141308,-76.18019140605
69626,CASEYS #2860,US-160 & FM-6070,West Plains,MO,535,3.419,36.649899886429,-91.935526966764
69627,STRIPES #40601,US-83 & FM-2360,Rio Grande City,TX,639,2.99566666,26.30736201364,-98.640534970276
69629,SWANTON MOBIL,"I-89, EXIT 21 & SR-78",Swanton,VT,39,3.539,44.922055404131,-73.108580388645
69630,MANSFIELD TRAVEL PLAZA,SR-175 & SR-509,Mansfield,LA,745,3.019,32.0438492913,-93.692213638542
69632,Circle K #2709300,US-72/SR-2,Huntsville,AL,460,2.97733333,34.759407434946,-86.56895394702
69633,ONE9 EXPRESS FUEL,"I-10, EXIT 42 & FM-1110",Clint,TX,640,2.80233333,31.586479030127,-106.232720107507
69634,FLYING J #863,HWY 1 & HWY 46,Balgonie,SK,550,4.51858925,50.477409376985,-104.283071171624
69636,PETRO WILMINGTON,"I-55, EXIT 240",Wilmington,IL,290,3.539,41.341656801778,-88.191288399452
69637,PILOT TRAVEL CENTER #1041,SR-64 & CR-23,Carol Stream,IL,290,3.799,41.902921067,-88.109100257324
69643,Tex-Best #524,SR-44 E,Alice,TX,625,2.899,27.748826,-98.11246
69646,Arco dba One9 #1258,"I-10, EXIT 19",Quartzsite,AZ,930,3.359,33.666353238474,-114.194719742605
69647,SPEEDWAY #6207,SR-25,Batavia,IL,293,3.599,41.854304,-88.27776
69648,BP-GIANT OIL #440,"I-71, EXIT 204 & SR-83",Burbank,OH,249,3.23233333,40.984428217401,-81.995825721584
69649,SPEEDWAY #2921,"I-80, EXIT 29 & SR-8",Harrisville,PA,573,3.434,41.202598820069,-79.974509673181
69651,LOVES TRAVEL STOP #074,SR-19 & SR-76,Lindsay,OK,483,3.09066666,34.836716612259,-97.598449996486
69652,LOVES TRAVEL STOP #633,US-30,Plymouth,IN,365,3.849,41.326067546386,-86.212516868278
69653,LOVES TRAVEL STOP #644,"I-70, EXIT 437 & US-385",Burlington,CO,800,3.889,39.294789018712,-102.278713035527
69654,LOVES TRAVEL STOP #636,US-169,Nowata,OK,500,3.399,36.719464,-95.628664
69657,JIFFY MART,US-7 & SR-22A,Ferrisburgh,VT,39,3.599,44.183124380271,-73.244591519816
69658,Missouri Travel,"I-29, EXIT 75 & US-30",Missouri Valley,IA,319,3.424,41.554725532066,-95.91754673584
69659,QUIKTRIP #1092,"I-77, EXIT 77 & US-21/SR-5",Rock Hill,SC,46,3.134,34.92580685015,-81.029289788543
69662,STRIPES 7FLEET #42472,US-377,Brownwood,TX,575,2.96233333,31.6872,-99.000725
69663,STRIPES #2484,SR-480 & FM-1021,Eagle Pass,TX,740,3.199,28.669019308253,-100.453928541603
69664,7-ELEVEN #40544,US-281,Lampasas,TX,765,2.91566666,31.075234,-98.185128
69666,7-ELEVEN #40587,SR-21 & FM-150,Maxwell,TX,595,3.15233333,29.934446588128,-97.817873218012
69668,LOVES TRAVEL STOP #643,"I-55/57, EXIT 66A & US-60",Sikeston,MO,490,3.549,36.873075010662,-89.534065970003
69669,LOVES TRAVEL STOP #623,"I-20/SR-349, EXIT 131",Midland,TX,710,3.55566666,31.997561559565,-102.07798276541
69670,LOVES TRAVEL STOP #611,"I-90, EXIT B3 & SR-22",Canaan,NY,12,3.979,42.3628826,-73.4296851
69671,LOVES TRAVEL STOP #655,US-83 & SR-96,Scott City,KS,525,3.63733333,38.48248499375,-100.906904023563
69672,STRIPES 7FLEET #42507,US-285,Pecos,TX,710,3.379,31.678874932506,-103.777645608265
69673,QUIKTRIP #1863,"SEC HWY 114, I-35",Roanoke,TX,630,2.97566666,33.025711,-97.271507
69674,WEIGLES #64,"I-75, EXIT 122 & SR-61",Clinton,TN,405,2.99566666,36.0982443859,-84.132702277452
69676,SPEEDWAY #8495,"US-19/SR-400, EXIT 12",Alpharetta,GA,18,3.349,34.118297405182,-84.219462642235
69679,LOVES TRAVEL STOP #627,US-27 & SR-54,Davenport,FL,140,3.55233333,28.2441744,-81.6576411
69680,PILOT TRAVEL CENTER #1042,I-55 EXIT 283,Bridgeview,IL,290,3.799,41.75412,-87.799057
69681,PILOT TRAVEL CENTER #1549,"I-20, EXIT168 & SR-77",Lincoln,AL,615,3.109,33.593137,-86.1598036
69682,PILOT #1577,"I-75, EXIT 141 & SR-63",Pioneer,TN,405,3.02566666,36.377895741576,-84.246166784621
69683,GOOD TO GO #88,"I-55, EXIT 283",Chicago,IL,291,3.619,41.800833376864,-87.79585150968
69684,KWIK TRIP #140,"SR-29, EXIT 177",Schofield,WI,395,3.424,44.890835618861,-89.502154504692
69686,CASEYS #3472,SR-125 & SR-78,Virginia,IL,368,3.799,39.953574002699,-90.207686838791
69687,CASEYS #3470,US-421 & SR-16,Monon,IN,375,3.779,40.868707383456,-86.864539443918
69688,CASEYS #3431,US-150 & SR-54,Farmer City,IL,368,3.339,40.243034018317,-88.631746968549
69693,MAVERIK COUNTRY STORE #527,"US-89, EXIT 405",Ogden,UT,835,3.439,41.129993679159,-111.909439697577
69694,MAVERIK COUNTRY STORE #533,US-91 & SR-101,Wellsville                              ,UT,835,3.444,41.638954496774,-111.931943219123
69695,MAVERIK COUNTRY STORE #488,"I-15/US-89, EXIT 288",Draper,UT,835,3.44566666,41.799908,-111.832766
69696,MAVERIK COUNTRY STORE #531,"I-80/15, EXIT 305D",Logan,UT,835,3.43066666,41.799908,-111.832766
69698,KUM & GO #0891,I-44 (EASTBOUND),Vinita,OK,560,3.059,36.627378717014,-95.140458214421
69699,CIRCLE K #2741552,"SR-969, SR-130, EXIT 444",Austin                                  ,TX,595,2.93233333,30.259585892902,-97.600986444206
69701,PUMP & PANTRY #48,US-30 & SR-25,Fremont,NE,486,3.319,41.155817281062,-101.139992597112
69702,SPEEDWAY #7159,"I-40/SR-66, EXIT 412",Dandridge,TN,405,3.259,36.016724142304,-83.415563382091
69703,CIRCLE K #2741831,"I-35, EXIT 8B & SR-20",Laredo,TX,693,2.90233333,27.604073912259,-99.495031499898
69707,SUPER S TRAVEL PLAZA,"I-49, EXIT 241",Ida,LA,745,3.059,32.944521,-93.894222
69708,TA Express #289,US-59,Nacogdoches,TX,618,3.139,31.574961326881,-94.673116865796
69709,LOVES TRAVEL STOP #626,US-287,Dumas,TX,585,3.41566666,35.879157,-101.973266
69710,LOVES TRAVEL STOP #625,"I-80, EXIT 59 & SR-17J",Sidney,NE,475,3.47233333,41.112861077342,-102.954994172953
69711,PILOT #1047,"I-295, EXIT 25",Jacksonville,FL,75,3.359,30.3764404,-81.761112
69712,LOVES TRAVEL STOP #650,"I-84/US-30, EXIT 159",Boardman,OR,935,3.52233333,45.828870294311,-119.80316908055
69713,EAGLE #56,"I-45, Exit 189",Teague,TX,765,3.48233333,31.595298520477,-96.15275462725
69715,CASEYS #2712,SR-8/SR-14,Superior,NE,413,3.36233333,40.018918839502,-98.071316239532
69719,SHEETZ #033,"I-99/US-220, EXIT 41 & SR-865",Altoona,PA,14,3.529,40.5961003349,-78.314739524481
69720,PILOT TRAVEL CENTER #1046,US-27 & SR-80,South Bay,FL,176,3.799,26.666672,-80.716649
69721,MFA,US-36,Brookfield                              ,MO,276,3.249,39.770435615726,-93.060251223262
69723,SPEEDWAY #5036,I-90 & US-20,Hampshire,IL,293,3.369,42.142726994186,-88.506847977874
69727,PETRO-CARD 24 #910880,SR-6/13,Gallatin,MO,276,3.299,39.900961502352,-94.061534382453
69729,MFA OIL,US-63 & HWY E,Queen City,MO,494,3.249,40.402520010435,-92.559039002545
69731,PETRO-CARD 24 #910561,"I-49, EXIT 102A",Nevada                                  ,MO,277,3.349,37.845249829487,-94.334708095014
69732,PETRO-CARD 24 #911043,US-65,Sedalia                                 ,MO,392,3.249,38.72501751139,-93.237014300009
69735,PETRO-CARD 24 #910200,US-65 & BUS US-36,Chillicothe,MO,276,3.289,39.786453831603,-93.553251513851
69740,LOVES TRAVEL STOP #613,"I-81, EXIT 24 & SR-80",Meadowview,VA,185,3.599,36.758497927003,-81.854633367107
69741,LOVES TRAVEL STOP #659,"I-10, EXIT 133B",Tolleson,AZ,930,3.569,33.46230319979,-112.262290556303
69742,LOVES TRAVEL STOP #630,US-412/64,Enid,OK,337,3.78733333,36.3986952,-97.8215019
69743,LOVES TRAVEL STOP #647,US-81,Belleville,KS,523,3.81566666,39.83497,-97.637987
69744,LOVES TRAVEL STOP #632,US-54 & US-83,Liberal,KS,585,3.66566666,37.044621,-100.901516
69745,PILOT #1070,"I-40/US-54, EXIT 277 & US-84",Santa Rosa,NM,580,3.46233333,34.938194318384,-104.693335982304
69746,Maverik Country Store #5014,I-80 E EXIT 110 & HWY169,De Soto,IA,320,3.099,41.535651,-94.009495
69747,SUNOCO,I-69 & YS HWY 30,Fort Wayne,IN,370,3.604,41.121504409761,-85.187247528316
69748,SUNOCO,SR-930 E,Fort Wayne                              ,IN,370,3.59733333,41.06960947261,-85.051623709623
69750,CIRCLE K #2704041,"I-35, EXIT 183",New Braunfels,TX,740,2.859,29.661813130779,-98.172489512879
69751,MFA,CR-37,Purdy,MO,416,3.349,36.833809828398,-93.921161331026
69755,PILOT #1082,"I-526, EXIT 19",Charleston,SC,42,3.41566666,32.8943184,-79.9876622
69758,MAVERIK COUNTRY STORE #537,I-215 EXIT 21,Salt Lake City                          ,UT,835,3.38233333,40.771968,-111.93868
69764,MAVERIK COUNTRY STORE #538,I-15 & SR-99,Fillmore,UT,835,3.38733333,38.96929353458,-112.323815581195
69765,7-ELEVEN #40509,I-90/80 EB,Howe,IN,465,3.899,41.744987,-85.329171
69766,Marathon,"I-75, EXIT 99 & SR-119",Anna,OH,411,3.029,40.395057557766,-84.173236688796
69770,SASSYS TRUCK STOP,"I-86, EXIT 23 & US-219",Limestone,NY,240,3.159,42.088932987344,-78.63027402136
69772,CIRCLE K #2741825,"I-410, EXIT 2 & FM-2536",San Antonio                             ,TX,740,3.099,29.312789429062,-98.658146827402
69780,Bolingbrook Mart,"I-55, EXIT 269",Bolingbrook,IL,293,3.639,41.697740136054,-88.043072903615
69782,BYRNE DAIRY #14,SR-414 & SR-318,Waterloo,NY,190,3.999,42.961015991383,-76.846309982634
69783,SHEETZ #603,"I-78 US-22, EXIT 13 & SR-501",Bethel,PA,208,3.32733333,40.47572719623,-76.296767777096
69784,KWIK TRIP #158,US-10 & SR-23,Saint Cloud,MN,451,3.27733333,45.553077677006,-94.204888950389
69785,LOVES TRAVEL STOP #662,US-287 & SR-285,Quanah,TX,585,3.849,34.293165991219,-99.760159002505
69786,LOVES TRAVEL STOP #671,"I-55, EXIT 63 & US-61",Blytheville,AR,275,3.45566666,35.888037615458,-89.918372337544
69787,LOVES TRAVEL STOP #616,"I-49, EXIT 158",Harrisonville,MO,400,3.429,38.635197543859,-94.352327084478
69788,LOVES TRAVEL STOP #612,"SR-370, EXIT 9 & SR-141",Bridgeton,MO,540,3.12066666,38.792338666722,-90.448296047176
69789,LOVES TRAVEL STOP #620,US-301 & SR-20,Hawthorne,FL,140,3.789,29.596405983715,-82.086620862636
69790,LOVES TRAVEL STOP #641,I-155/US-412 EXIT 13 & SR-78,Dyersburg,TN,275,3.40233333,36.033947451465,-89.392735118353
69791,PILOT #1083,US-287 & US-54,Stratford,TX,585,3.499,36.332710432562,-102.072259124042
69792,FLYING J #1061,"I-44, EXIT 72",Springfield,MO,416,3.38233333,37.214449473086,-93.384403827058
69797,KWIK TRIP #149,US-10,Saint Cloud,MN,451,3.21066666,45.557278,-94.129512
69798,LOVES TRAVEL STOP #060,US-36 & US-283,Norton,KS,525,3.109,39.82934439006,-99.888997144599
69799,MAVERIK COUNTRY STORE #387,"I-40, EXIT 253",Winslow,AZ,930,3.23566666,35.0238215,-110.696499
69800,MAVERIK COUNTRY STORE #502,US-385 & SR-2,Alliance,NE,795,3.259,42.097134647181,-102.866557739552
69801,MAVERIK COUNTRY STORE #409,"I-580, EXIT 41 & SR-531",Carson City,NV,966,3.589,39.16458,-119.766919
69803,THORNTONS #319,"I-55, EXIT 248 & US-6",Channahon,IL,399,3.299,41.457726217252,-88.196426612308
69804,KWIK TRIP #184,"I-94, EXIT 293",Pewaukee,WI,444,3.449,43.046081576774,-88.259588479427
69809,KWIK TRIP #162,"I-94, EXIT 202",Elk River,MN,451,3.29733333,45.236164594646,-93.645753664369
69811,Chisholm Corner #16,US-81 & SR-7,Marlow,OK,569,3.01566666,34.592438994251,-97.966834976322
69813,SHEETZ #608,"I-81, EXIT 24 & CR-696",Shippensburg,PA,70,3.28566666,40.016069179408,-77.53357759562
69814,Allsup's #2454,US-87 & SR-163,Sterling City                           ,TX,612,3.224,31.851217985084,-101.031131959069
69815,CENEX ZIP TRIP #75,"I-94/US-12, EXIT 138 & US-59",Miles City,MT,780,3.49733333,46.396797380453,-105.818074500248
69816,STRIPES #42503,"I-27, EXIT 1",Lubbock,TX,700,2.95066666,33.50147265413,-101.844516811363
69817,LOVES TRAVEL STOP #639,"I-20, EXIT 96",Lake,MS,705,3.16233333,32.324175839281,-89.338356857325
69818,LOVES TRAVEL STOP #675,US-75,Okmulgee,OK,560,3.21733333,35.63581,-95.96269
69819,FLYING J TRAVEL PLAZA #1086,SR-18 & SR-5,Marion,IN,457,3.649,40.553100984801,-85.503688010156
69820,CUBBYS #304,SR-7,Manson                                  ,IA,319,3.299,42.517371,-94.533147
69821,FUEL CITY HALTOM CITY,"I-35W, EXIT 52B & TX-121",Haltom City,TX,630,2.96566666,32.7831697,-97.2746816
69823,LOVES TRAVEL STOP #664,US-41,Terre Haute,IN,375,3.949,39.347668,-87.3907979
69824,LOVES TRAVEL STOP #663,US-190 & LA-103,Port Barre,LA,730,3.124,30.546580790797,-91.967610908657
69825,KWIK TRIP #154,MN-15,Sauk Rapids,MN,451,3.30233333,45.610309,-94.176113
69826,LOVES TRAVEL STOP #629,I-65 EXIT 108 & SR-76,White House,TN,460,3.159,36.468742616943,-86.654317424549
69827,KWIK TRIP #164,US-12/SR-29,Menomonie,WI,295,3.499,44.872956670445,-91.929755787997
69830,RUTTERS #69,"I-78/US-22, EXIT 29 & SR-61",Hamburg,PA,208,3.86566666,40.581799674801,-76.024370756929
69832,LOVES TRAVEL STOP #595,"I-10, EXIT 28 & SR-49",Gulfport,MS,733,3.144,30.417531947963,-89.189397911803
69833,LOVES TRAVEL STOP #658,US-412,Watts,OK,416,3.34733333,36.175461,-94.573681
69835,LOVES TRAVEL STOP #653,US-287   ,Eads,CO,800,3.47566666,38.4885,-102.784976
69837,LOVES TRAVEL STOP #606,"I-94, EXIT 73B & US-6",South Holland,IL,290,3.549,41.600885694661,-87.580058261557
69840,KUM & GO #0370,"I-80, EXIT 439 & SR-370",Gretna,NE,486,2.92066666,41.147037567154,-96.240361401277
69842,KUM & GO #0863,"I-44, EXIT 215 & SR-97",Sapulpa,OK,560,3.23233333,36.001504543851,-96.114315905911
69845,Maverik Country Store #5013,US-40 & SR-13,Craig,CO,800,3.459,40.514175661596,-107.547677758716
69847,KWIK STAR #145,US-52,Guttenberg,IA,335,3.599,42.81930514404,-91.132476110663
69848,KWIK TRIP #173,SR-17,Rhinelander,WI,395,3.45233333,45.636044,-89.378965
69850,KUM & GO #0539,"I-80 E, & SR-415 EXIT 135",Des Moines,IA,320,3.07233333,41.649406017572,-93.620095995078
69851,SPEEDWAY #3995,I-90,Belvidere,IL,293,3.849,42.240004,-88.832655
69852,KWIK TRIP #141,SR-61,Two Harbors,MN,334,3.499,47.024614,-91.68056
69854,LOVES TRAVEL STOP #637,"I-39, EXIT 115 & CR-CS",Poynette,WI,420,3.789,43.390775403655,-89.469036608687
69855,LOVES TRAVEL STOP #670,US-18,Floyd,IA,433,3.649,43.121739,-92.737338
69856,LOVES TRAVEL STOP #657,"I-77, EXIT 5 & SR-48",Cayce,SC,46,3.39733333,33.9542846,-80.9943847
69858,TEX-BEST #528,US-181,Elmendorf                               ,TX,740,2.89233333,29.218916,-98.411301
69859,BIG BOSS TRAVEL PLAZA,I-12 EXIT 22,Livingston                              ,LA,600,3.16566666,30.472113,-90.749991
69861,HUCKS FOOD & FUEL #379,"I-57, EXIT 53",Marion,IL,340,2.999,37.72927821967,-88.958524372745
69862,CASEYS #3503,US-69/SR-52,Pleasanton,KS,400,3.199,38.14617737487,-94.728143853912
69863,GOLDEN GATE,I-80 EXIT 352A & US-93,Wells,NV,835,3.41566666,41.10011358331,-114.957732732854
69865,7-ELEVEN #40036,SR-33 & SR-632,Lanexa,VA,180,3.659,37.528688994948,-78.40712001473
69870,CIRCLE K #4705720,"I-280, EXIT 7 & SR-2",Oregon,OH,550,3.609,41.640893713044,-83.527383582558
69871,CIRCLE K #2741595,SR-71 & FM-1209,Bastrop,TX,595,2.954,30.122523000521,-97.432792995792
69873,KWIK TRIP #142,"US-10, EXIT 186 & SR-13",Marshfield,WI,395,3.479,44.620781515083,-90.140278483806
69874,LOVES TRAVEL STOP #687,"I-72, EXIT 64 & US-67",Jacksonville,IL,540,3.489,39.688476492346,-90.228428671603
69875,LOVES TRAVEL STOP #680,US-81,Norfolk,NE,470,3.31566666,42.011729,-97.428169
69876,LOVES TRAVEL STOP #684,"I-35, EXIT 133 & SR-175",Ellsworth,IA,433,3.689,42.310474156142,-93.586022165749
69877,LOVES TRAVEL STOP #669,US-61 & SR-19,New London,MO,345,3.23566666,39.574224990594,-91.400782191847
69878,SPEEDWAY #7412,SR-83 & SR-19,Bensenville,IL,293,3.379,41.960969279502,-87.959364358317
69879,SPEEDWAY #3700,I-70 EXIT 77,Indianapolis,IN,375,3.319,39.751167389054,-86.229307374126
69880,Speedway #6809,"I-290, EXIT 13A",Franklin Park,IL,293,3.379,35.260155,-81.225158
69881,KWIK TRIP #458,SR-55,Buffalo,MN,451,3.549,45.155008,-93.847133
69882,SPEEDWAY #7103,US-43,Lawrenceburg,TN,460,3.574,35.261974,-87.324278
69884,AKAL TRAVEL CENTER,"I-40, EXIT 267 & SR-379",Santa Rosa,NM,721,2.879,34.968244011965,-104.791717997189
69885,BELL STORES #146,SR-43 & SR-183,Malvern                                 ,OH,249,3.579,40.689764018492,-81.162179001217
69886,LOVES TRAVEL STOP #676,SR-50,Syracuse,NE,413,3.444,40.674507,-96.177895
69887,CIRCLE K #2701869,SR-21 & SR-307,Savannah,GA,195,3.11566666,32.126703691728,-81.170119932466
69888,OASIS STOP N GO #17,US-30,Twin Falls,ID,787,3.699,42.5473576,-114.420371
69892,MAVERIK COUNTRY STORE #547,US-26,Casper,WY,790,3.18566666,42.712649,-110.934071
69893,DOMINO EXPRESS #24,US-412/US-270/US-183/SR-3 & SR-15,Woodward,OK,337,2.999,36.429401303841,-99.509220327953
69894,Circle K #2746446,US-2,Williston,ND,452,4.04233333,48.140897,-103.679334
69895,Shell,"I-80, EXIT 122",Minooka,IL,290,3.199,41.461979688667,-88.275248250773
69900,LOVES TRAVEL STOP #605,"I-70, EXIT 59 & SR-41",Springfield,OH,315,3.479,39.92573085368,-83.808727343479
69901,KWIK TRIP #638,SR-42,Two Rivers,WI,582,3.39066666,44.153054,-87.567909
69902,MAVERIK COUNTRY STORE #441,"I-182/US-12, EXIT 9",Pasco,WA,925,4.279,46.246620594173,-119.175827060442
69903,LOVES TRAVEL STOP #642,US-60 & US-385,Hereford,TX,585,3.41566666,34.811289983248,-102.405758966881
69904,LOVES TRAVEL STOP #695,US-54/400,Cunningham,KS,570,3.65733333,37.639166,-98.427341
69905,KWIK TRIP #105,"I-41, EXIT 157",De Pere,WI,582,3.35233333,44.388120210024,-88.161925467483
69906,LOVES TRAVEL STOP #692,US-169 & SR-39,Chanute,KS,570,3.27566666,37.689186012228,-95.479380486291
69907,STRIPES #41023,SR-358 & FM-665,Corpus Christi,TX,625,3.07066666,27.755977379976,-97.460045412863
69908,LOVES TRAVEL STOP #685,"I-74, EXIT 51",Knoxville,IL,270,3.889,40.922664778542,-90.294360880932
69912,AMPM,"I-10, EXIT 140",Phoenix,AZ,930,3.28233333,33.461871855383,-112.156049480403
69913,ROSS FUEL CENTER,US-60/US-67,Poplar Bluff,MO,275,3.49066666,36.802351,-90.454188
69914,PETRO COLUMBIA,"I-77, EXIT 5 & SR-48",Columbia,SC,46,3.41233333,33.98593252895,-81.028770083186
69915,PETES #16,"I-49/US-71, EXIT 120 & CR-B",Rich Hill,MO,277,3.149,38.095979605516,-94.348462197378
69921,LOVES TRAVEL STOP #688,"I-70, EXIT 119 & SR-130",Greenup,IL,510,3.289,39.253668806101,-88.154159580236
69922,LOVES TRAVEL STOP #686,"I-84/I-15, EXIT 363",Brigham City,UT,835,3.75566666,41.506587820192,-112.058414785825
69923,Circle K #2741821,FM 471 & SR 211,San Antonio                             ,TX,740,3.03233333,29.522724612394,-98.805819311554
69926,TONKAWA TRADING POST,"I-35, EXIT 214 & US-60",Tonkawa,OK,500,2.999,36.694744,-97.34334
69927,LOVES TRAVEL STOP #682,"I-81, EXIT 10A",Hagerstown,MD,22,3.949,39.699412839079,-77.73759897483
69928,KUM & GO #1837,SR-51,Broken Arrow,OK,560,3.05233333,36.045241513739,-95.750757726661
69929,PETES #14,US-69/SR 7,Fort Scott,KS,307,3.199,37.8634792576,-94.768466185936
69930,CONCORDE TRAVEL CENTER,"I-65, EXIT 219 & CR-42",Jemison                                 ,AL,720,3.299,32.980456605079,-86.687364870071
69931,SHELL,"I-565, EXIT 7 & CR-127",Madison,AL,615,3.349,34.660554456518,-86.790103770313
69932,CIRCLE K #2741847,SR-16,San Antonio,TX,740,3.07233333,29.272153,-98.575496
69933,Flyers #3202,"I-17, EXIT 201",Phoenix,AZ,930,3.369,33.483470739878,-112.113348397834
69934,KWIK TRIP #135,SR-35 N,Superior,WI,334,3.499,46.698029,-92.035851
69935,KWIK TRIP #586,"I-41, EXIT 45",Butler,WI,444,3.474,43.106644139729,-88.058319333618
69936,LOVES TRAVEL STOP #683,US-27,Moore Haven,FL,176,3.789,26.834974,-81.13197
69937,MAVERIK COUNTRY STORE #385,"I-15, EXIT 119",Idaho Falls,ID,825,3.42566666,43.506357862575,-112.056927978043
69938,MAVERIK COUNTRY STORE #388,US-60 & SR-77,Show Low                                ,AZ,930,3.229,34.204532310462,-110.080883973316
69939,MAVERIK COUNTRY STORE #377,"I-15, EXIT 244 & US-6",Santaquin,UT,835,3.40233333,39.975576079439,-111.771521638972
69940,SAPP BROS TRAVEL CENTER,"I-49, EXIT 157",Harrisonville,MO,400,3.40233333,38.61484134016,-94.348277219682
69941,QUIKTRIP #949,"I-20 E, EXIT 406",Weatherford,TX,630,2.91733333,32.7282962,-97.8265831
69943,ASAP GENERAL STORE #313,US-81,Duncan,OK,483,3.13233333,34.474975,-97.965951
69944,TRUCK WORLD,"I-76, EXIT 57",North Jackson,OH,573,3.259,41.106647476074,-80.88978027917
69945,BP,"I-465, EXIT 49",Indianapolis,IN,375,3.799,39.7262534,-86.0466444
69946,KUM & GO #0119,"I-35, EXIT 214 & SR-105",Northwood,IA,433,3.11566666,43.444348002525,-93.352044994641
69947,THORNTONS #607,I-24 EXIT 62 & SR-171,Antioch,TN,460,2.899,36.016521,-86.621402
69948,CIRCLE T,US-190/SR-21,Bryan,TX,670,3.459,30.677419383513,-96.389032535134
69949,THE CROSSING TRAVEL MARK,US-83 & SR-153,Winters,TX,575,3.04066666,31.949902992672,-99.96298387645
69952,HUTCH'S #120,"I-40, EXIT 25",Sayre,OK,483,2.984,35.317992742706,-99.611443133922
69954,Exxon,"I-80, EXIT 27A & US-46",Budd Lake,NJ,79,3.119,40.87157126162,-74.733955937952
69955,QUIKTRIP #1044,"I-85, EXIT 63 & SR-2180",Kannapolis,NC,46,3.154,35.500771018094,-80.563058284111
69957,LOVES TRAVE STOP #698,"I-75/SR-401, EXIT 153",Macon,GA,85,3.369,32.713317314591,-83.729994714909
69958,LOVES TRAVEL STOP #693,US-30/23 & SR-199,Upper Sandusky,OH,411,3.889,40.858398019736,-83.302150882456
69959,BISCUIT HILL TRAVEL PLAZA,"I-40, EXIT 192",Shawnee,OK,483,2.909,35.327404,-96.924828
69960,PILOT CENTER #1014- TOWN PUMP,"I-94, EXIT 213 & SR-16",Glendive,MT,807,3.419,47.114287162808,-104.736334507871
69962,LUFKIN TRAVEL PLAZA,US-59 & CR-819,Lufkin,TX,618,2.81566666,31.280988,-94.733773
69963,7 CLANS RED ROCK GASINO,US-177,Red Rock,OK,500,3.089,36.487927,-97.073139
69964,SHEETZ #621,"I-77 & US-70, Exit 49A",Statesville,NC,46,2.849,35.772515994391,-80.863054022595
69969,USA GAS,SR-47,Newfield,NJ,150,3.169,39.555168447385,-75.052095358309
69974,LOVES TRAVEL STOP #672,US-77BUS & FM-1945,Sinton,TX,625,3.149,28.011065683333,-97.529153031078
69975,LOVES TRAVEL STOP #703,US-50,South Hutchinson,KS,570,3.30066666,38.014116,-97.94222
69976,KWIK TRIP #583,"I-94, EXIT 89 & SR-23",Wisconsin Dells,WI,420,3.23733333,43.627753724188,-89.776247936653
69977,KWIK TRIP #855,US-12,Baraboo,WI,420,3.11566666,43.474321,-89.733535
69978,LOVES TRAVEL STOP #678,US-271,Paris,TX,630,3.36566666,33.6954828,-95.5550989
69979,LOVES TRAVEL STOP #681,"I-82/US-12, EXIT 80",Prosser,WA,925,4.589,46.223181735514,-119.794704675736
69980,RUTTERS #70,SR-896 & SR-741,Strasburg,PA,208,4.199,39.982384992755,-76.167754938904
69981,RANCHLAND GAS STATION,US-82,Benjamin                                ,TX,770,3.299,33.58471,-99.792216
69982,RUTTERS #68,US-422 & SR-934,Annville                                ,PA,70,4.299,40.346942305804,-76.525179679151
69983,MICKEY MART #57,US-250,Strasburg,OH,249,3.49233333,40.587048,-81.524647
69986,YESWAY #1061,US-180 & SR-137,Lamesa,TX,612,3.099,32.731056507959,-101.960724315459
69987,LOVES TRAVEL STOP #679,"I-90, EXIT 495 & SR-47   ",Hardin,MT,780,3.704,45.747395006822,-107.612189020781
69988,LOVES TRAVEL STOP #640,"I-43, EXIT 120 & CR-OK",Sheboygan,WI,444,3.289,43.674827652617,-87.761760118175
69989,LOVES TRAVEL STOP #677,US-45A,West Point,MS,615,3.259,33.58433,-88.658085
69990,LOVES TRAVEL STOP #691,US-50/93 & US-6,Ely,NV,910,3.649,39.2416992,-114.8693237
69991,WA SHE SHU TRAVEL PLAZA,US-395,Gardnerville,NV,966,3.699,38.911152,-119.709
69992,KWIK TRIP #120,SR-15 & CR-4,Saint Cloud,MN,451,3.27733333,45.565991008452,-94.205953979029
69993,CEFCO #99,US-290,Giddings,TX,595,3.159,30.178939,-96.906453
69995,PILOT EXPRESS #1178,"I-10, EXIT 273",Tucson,AZ,980,3.219,32.080878757772,-110.803649740244
69996,YESWAY #1078,US-83 & SR-153,Winters,TX,575,2.999,31.949902992672,-99.96298387645
69998,CASEYS #3604,US-75,Hinton,IA,527,3.299,42.600509034086,-96.301734068246
69999,RUTTERS #71,"I-99, EXIT 28 & US-22",Duncansville,PA,14,4.099,40.442971315348,-78.425303977133
70001,LOVES TRAVEL STOP #690,US-23,Circleville,OH,315,3.789,39.677245349007,-82.970072619137
70002,LOVES TRAVEL STOP #699,US-49,Magee,MS,620,3.60733333,31.874566,-89.755778
70003,SPEEDWAY #2926,SR-837,Clairton,PA,165,3.92566666,40.285758548014,-79.87807720237
70004,SPEEDWAY #7775,US-23 & CR-192,Delaware,OH,315,3.619,40.333242,-83.074555
70007,FLYING J TRAVEL PLAZA #1096,"I-95, EXIT 201 & CR-524",Cocoa,FL,143,3.699,30.4928879,-84.4288629
70008,Amigo's,"I-10, EXIT 661 & FM-609",Flatonia,TX,610,3.08233333,29.69494801964,-97.103150497128
70009,KWIK TRIP #661,SR-69 & BUS-11,Monroe,WI,420,3.36233333,42.544174786264,-89.660754433143
70010,Kwik Star #567,US-65 & SR-3,Hampton,IA,565,3.504,42.741836012687,-93.202482002416
70011,KWIK TRIP #279,"US-63, EXIT 59",Rochester,MN,515,3.549,44.082138406996,-92.509969086609
70012,MAVERIK COUNTRY STORE #549,"I-70, EXIT 283",Aurora,CO,800,3.18566666,39.7129336,-104.8195761
70014,PETRO-CARD 24 #919141,SR-179,Jamestown                               ,MO,310,3.479,38.765502627627,-92.480543976731
70016,CASEYS #2743,SR-43/SR-2 & SR-66A,Palmyra,NE,413,3.199,40.711746477325,-96.459621549128
70017,PACIFIC PRIDE,I-79 & US-19,Morgantown                              ,WV,430,3.459,39.666933994585,-80.021443972374
70019,QUICKLEES #1,"I-390, EXIT 9 & SR-15",Avon                                    ,NY,190,3.999,42.86775399133,-77.713198008814
70022,SHEETZ #583,US-322 & SR-655,Reedsville,PA,14,3.41566666,40.668026013611,-77.603911989184
70024,KWIK TRIP #827,"I-41, EXIT 167",Green Bay,WI,582,3.499,44.504738168108,-88.081992215098
70025,SPEEDWAY #6245,SR-43,Carrollton,OH,249,3.559,40.587898,-81.09174
70026,SPEEDWAY #8883,I-80 EXIT 73,Peru,IL,293,3.199,41.36529309126,-89.150657633487
70027,SPEEDWAY #8851,SR-31,South Elgin,IL,293,3.559,42.009442,-88.290009
70028,LOVES TRAVEL STOP #697,"US-321, EXIT 37",Newton,NC,46,3.689,35.632914326609,-81.295219639488
70029,LOVES TRAVEL STOP #696,"I-10, EXIT 843",Beaumont,TX,610,3.294,29.983802446809,-94.211641055375
70030,SPEEDWAY #3991,"I-80 E, & I-94 E",Gary,IN,290,3.71233333,41.589978994611,-87.22390096971
70031,SPEEDWAY #8020,US-30,Upper Sandusky,OH,550,3.799,40.833394,-83.244914
70032,Kwik Star #569,US-20,Waterloo,IA,565,3.574,42.449281167066,-92.215091310117
70033,KWIK TRIP #111,SR-36 & CR-15,Stillwater,MN,448,3.54066666,45.035969994513,-92.846712038315
70034,SPEEDWAY #8799,I-55 EXIT 282A & SR-171,Bedford Park,IL,293,3.599,41.793699013905,-87.821654885924
70035,SPEEDWAY #8064,"I-55, EXIT 178 & SR-43",West Lafayette,IN,375,3.58233333,40.495625865987,-86.868756728666
70036,Speedway #3994,SR-38 & CR-21,West Chicago,IL,293,3.599,41.876783790941,-88.235137773787
70037,SPEEDWAY #8738,"I-70, EXIT 23 & SR-59",Brazil,IN,375,3.699,39.450314980676,-87.126218018646
70038,SPEEDWAY #1830,US-31,Grand Haven,MI,456,3.899,43.031304,-86.216608
70039,TEX-BEST #527,SR-162 & SR-16,Jourdanton                              ,TX,747,2.92066666,28.908400506255,-98.539632590263
70040,TEX BEST #503,"I-35, EXIT 215 & CR-210",Kyle                                    ,TX,595,2.80566666,29.995723586658,-97.870064748729
70041,LOVES TRAVEL STOP #705,"I-64/SR-33, EXIT 211 & SR-609",Providence Forge,VA,180,3.889,37.50411139941,-77.081375698441
70042,Kwik Star #103,US-65,Iowa Falls,IA,565,3.374,42.593677256874,-93.204675929797
70043,KWIK TRIP #571,"I-35, EXIT 235 & SR-210",Carlton,MN,515,3.319,46.663548004191,-92.478652024865
70044,Thorntons #325,"I-94, EXIT 73B & US-6",South Holland,IL,365,3.699,41.600885694661,-87.580058261557
70049,KWIK STAR #581,"I-380, EXIT 17",Cedar Rapids,IA,380,3.54066666,41.942579710084,-91.669668855667
70050,KWIK TRIP #124,US-51,De Forest,WI,420,3.23566666,43.195297,-89.356147
70053,KWIK TRIP #964,"US-12, EXIT 250 & CR-M",Middleton,WI,420,3.529,43.114027850379,-89.51735974824
70054,KWIK TRIP #976,CR-241 & CR-ZZ,Oak Creek,WI,444,3.579,42.930003231225,-87.90748542555
70058,KWIK TRIP #590,CR-4 & CR-22,Rochester,MN,515,3.624,44.057839696323,-92.524061572051
70059,KWIK TRIP #118,US-2 & LAKESHORE DRIVE,Ashland,WI,334,3.699,46.6039491,-90.8549025
70062,KWIK TRIP #970,SR-164 & SR-59,Waukesha,WI,444,3.53233333,42.977257018433,-88.227662960173
70063,QUICK FUEL #2206,US-41,Marietta,GA,18,3.519,33.985289,-84.560171
70066,KWIK TRIP #957,US-18 & CR-PD,Madison                                 ,WI,420,3.604,43.038350365108,-89.385944737698
70067,KWIK TRIP #240,"I-94, EXIT 115 & CR-A",Black River Falls,WI,395,3.31233333,44.305600105354,-90.847455973443
70068,LOVES TRAVEL STOP #712,"I-44, EXIT 107",Newcastle,OK,483,3.42566666,35.278634680709,-97.602072050692
70069,CASEYS #3486,"I-49, EXIT 159",Harrisonville,MO,400,3.229,38.651098371879,-94.36639234088
70074,CASEYS #3430,US-71 & US-136/SR-46,Maryville,MO,400,3.13733333,40.346027985352,-94.872015863627
70075,KWIK TRIP #815,US-63 & SR-48,Cumberland,WI,295,3.624,45.569166995384,-92.1681539771
70076,PETRO-CARD 24 #910681,SR-32,Salem                                   ,MO,392,3.099,37.635892988324,-91.535511977495
70078,KWIK TRIP #573,I-94 & CR-EE,Eau Claire,WI,295,3.399,44.842972985861,-91.603824995274
70079,PILOT #1118,US-60,Clovis,NM,593,4.079,34.396137,-103.153183
70080,FLYING J TRAVEL PLAZA #1117,SR-25,Rochester,IN,370,3.859,41.0593226,-84.9800664
70081,PILOT EXPRESS #1032,SR-7,Steubenville,OH,249,3.629,40.353031,-80.616941
70082,KWIK TRIP #588,US-51 & SR-70,Woodruff,WI,395,3.09566666,45.89552938747,-89.69822931555
70083,KWIK TRIP #596,US-14,Black Earth,WI,420,3.444,43.143144,-89.745761
70084,SPEEDWAY #4440,SR-131,Waukegan,IL,293,3.659,42.401091586508,-87.880973184403
70085,Pilot #1114,SR-83,Bensenville,IL,290,3.599,41.946448315358,-87.959409926022
70087,PILOT EXPRESS  #1098,"I-95, EXIT 14",Newark,NJ,105,3.999,40.705027062347,-74.146905817032
70088,KWIK TRIP #138,SR-13,Park Falls,WI,395,3.14733333,45.92329,-90.44993
70090,SPEEDWAY #7111,"I-40, EXIT 143 & SR-13",Hurricane Mills,TN,460,3.03233333,35.878772417027,-87.802291516123
70091,SPEEDWAY #7503,I-70 & I-57 EXIT 159,Effingham,IL,293,3.299,39.100056788465,-88.575050182908
70093,LOVES TRAVEL STOP #694,US-45/SR-5 & SR-57,Ramer,TN,435,3.46233333,35.077144003043,-88.54593899499
70095,LOVES TRAVEL STOP #713,US-380 & FM-1304,Bridgeport,TX,630,2.949,33.2219486,-97.7382775
70096,LOVES TRAVEL STOP #661,US-65 & SR-81,Pine Bluff,AR,695,3.319,34.194758948487,-91.921462376457
70097,KWIK TRIP #112,SR-32 & SR-23,Sheboygan Falls,WI,444,3.29233333,43.750757986564,-87.819919999605
70098,KWIK TRIP #110,US-2,Ashland,WI,334,3.699,46.6039491,-90.8549025
70099,QUIKTRIP #1883,"I-35, EXIT 497 & US-82",Gainesville,TX,253,2.97566666,33.637370368385,-97.15579729214
70100,LOVES TRAVEL STOP #718,"I-65, EXIT 158",Hope Hull,AL,720,3.26566666,32.196927444253,-86.417140543317
70104,LOVES TRAVEL STOP #649,"I-76/US-6, EXIT 89",Brush,CO,800,4.089,40.268832526898,-103.638299958125
70105,LOVES TRAVEL STOP #708,"I-75, EXIT 314 & CR-48",Bushnell,FL,225,3.29566666,28.654400221377,-82.107314189015
70106,LOVES TRAVEL STOP #719,"I-35, EXIT 308",Troy,TX,765,3.167,31.215269425525,-97.299543446019
70107,LOVES TRAVEL STOP #711,"I-71, EXIT 165 & SR-97",Bellville,OH,315,3.709,40.649243006785,-82.544698492878
70108,RICKY ROCKETS FUEL CENTER,SR-50 & SR-83,Midlothian,IL,291,3.099,41.625183909957,-87.737217269715
70111,KWIK TRIP #557,"I-39, EXIT 126 & CR-V",De Forest,WI,420,3.31066666,43.252712524843,-89.343200898121
70117,RUTTERS #72,"I-81, EXIT 16 & US-30",Saint Thomas,PA,70,4.399,39.917524,-77.797774
70118,SPEEDWAY #7118,US-41,Smyrna,TN,460,3.01566666,35.948081,-86.487705
70122,Circle K #2709301,SR-67,Decatur,AL,615,3.899,34.565672,-86.973823
70124,TA Express Lamar,US-50/385,Lamar,CO,525,3.439,38.096826,-102.619088
70125,SPEEDWAY #7391,I-76 EXIT 232,North Lima,OH,305,3.699,40.969100027764,-80.658543304194
70126,SPEEDWAY #3535,"I-71,EXIT 165 & SR-97",Bellville,OH,315,3.599,40.649243006785,-82.544698492878
70127,SPEEDWAY #2929,"US-22, US-119",New Alexandria,PA,165,3.97233333,40.411766040409,-79.384727811163
70128,CIRCLE K #4703913,"I-40 E, EXIT 87",Jackson,TN,460,3.349,35.6808496,-88.7454727
70130,SIDE TRACK,SR-57,Wrightsville,GA,85,3.31566666,32.729272,-82.714518
70131,THORNTONS #323,SR-64,Lombard,IL,290,3.299,41.903546,-88.030676
70135,KUM & GO #1455,"I-44, EXIT 130",Lebanon,MO,535,3.09233333,37.681246438715,-92.64004594391
70136,FUEL CITY SAGINAW,CR-156,Fort Worth,TX,630,2.96566666,32.848482,-97.343997
70137,RUTTERS #8,"I-83, EXIT 14 & SR-182",York,PA,70,4.199,39.951778102088,-76.769781317197
70140,CASEYS #3593,SR-7 & US-50,North Vernon,IN,375,3.59233333,39.003726006022,-85.626770977688
70142,ONVO TRAVEL PLAZA - AVIS,"US-220, EXIT 118",Avis,PA,138,3.539,41.184908,-77.314796
70143,KWIK TRIP #104,"I-94, HWY-24, EXIT 178",Clearwater,MN,448,3.27733333,45.412734994406,-94.05649749207
70144,LOVES TRAVEL STOP #635,"I-49, EXIT 24 & SR-282",Alma,AR,645,3.459,35.541582,-94.2353379
70145,MAVERIK COUNTRY STORE #578,US-26 & US-91,Idaho Falls,ID,825,3.40233333,43.439501083195,-112.078759629316
70146,MAVERIK COUNTRY STORE #567,"I-90, EXIT 291A",Spokane,WA,970,3.999,47.671706994377,-117.20835600384
70150,LOVES TRAVEL STOP #704,"I-29, EXIT 35B & US-34",Pacific Junction,IA,319,3.789,41.046151,-95.8278089
70151,LOVES TRAVEL STOP #721,"I-45, EXIT 246 & FM-1183",Ennis,TX,630,3.03566666,32.275094302504,-96.571815621466
70154,Stinker,"US-34, CR-56",Kersey,CO,800,3.499,40.393899922252,-104.245010788297
70155,MARATHON,"US-24, I-96 EXIT 179",Redford,MI,549,4.999,42.385037084515,-83.281528813381
70156,MAVERIK COUNTRY STORE #348,"US-91, SR-130",Cedar City,UT,791,3.45233333,37.679003634341,-113.062037673342
70157,LOVES TRAVEL STOP #702,US-63,Waterloo,IA,565,3.769,42.462433,-92.404111
70158,FLYING J #1068,"I-26, EXIT 194 & SR-16",Summerville,SC,42,3.509,33.083851703005,-80.211171933401
70159,LOVES TRAVEL STOP #717,US-460 & SR-156,Disputanta,VA,180,3.56233333,37.1559869997,-77.275339037774
70160,COMMON CENTS #212,I-90 & SR-337,Sheridan,WY,836,3.56066666,44.820578827209,-106.956666483111
70161,FLYING J #839,HWY 75 & PR-305,Ste Agathe,MB,900,4.25892318,49.569985964135,-97.185744027228
70162,PILOT #1049,US-58,Suffolk,VA,130,3.899,36.714418,-76.669316
70163,KWIK TRIP #598,SR-23,Paynesville,MN,451,3.399,45.375855,-94.733095
70164,ONVO TRAVEL PLAZA - BLAKESLEE,I-80 EXIT 284,Blakeslee,PA,200,3.56566666,41.078817,-75.579646
70168,KWIK TRIP #575,CR-75,Saint Joseph,MN,451,3.30233333,45.564139,-94.291806
70169,ROCKING Oil,SR-21,Caldwell,TX,670,3.099,30.380331889025,-96.749768263192
70170,LOVES TRAVEL STOP #716,SR-3005,Elizabethtown,KY,460,3.599,37.652021,-85.888822
70171,CITGO HERITAGE RIDGE,US-151 & SR-26,Waupun,WI,582,3.14733333,43.646376008935,-88.710622018534
70172,MACH 1 #3,I-57 & SR-14,Benton,IL,540,3.379,37.996786980888,-88.934296038437
70174,LOVES TRAVEL STOP #701,"I-69, EXIT 176",Capac,MI,342,3.949,42.98636512485,-82.932138207579
70176,MAVERIK COUNTRY STORE #565,I-84,Boise,ID,785,3.39566666,43.560277304744,-116.275169009471
70177,MAVERIK COUNTRY STORE #497,US-160 & SR-145,Cortez,CO,614,3.41566666,37.352293980006,-108.554366989319
70179,WORKMANS TRAVEL CENTER,"I-49, EXIT 78 & SR-264",Lowell,AR,645,3.40233333,36.254054057568,-94.136893632495
70180,Gulf,SR-83,Bensenville,IL,297,3.059,41.979443,-87.958715
70181,CIRCLE K #2723778,US-501 & SR-78/CR-1303,Sanford,NC,177,3.049,35.43710160788,-79.218540964284
70182,SHELL,US-169,Blue Earth,MN,425,3.299,43.60535902489,-94.087699704815
70183,PILOT # 1134,US-285 & CR-652,Orla,TX,593,3.759,31.825249088847,-103.908934194552
70185,PILOT # 1147,SR-302,Kermit,TX,710,3.25566666,31.853119,-103.067668
70187,PILOT # 1146,I-20 & SR-17,Pecos,TX,710,3.46566666,31.399587002303,-103.521751958654
70188,KUM & GO #0890,I-44 (WESTBOUND),Vinita,OK,560,3.059,36.627304127597,-95.140367114453
70189,HUDSON IRVING 24,SR-3A,Hudson,NH,34,3.799,42.762927018461,-71.440881980323
70190,LOVES TRAVEL STOP #726,I-25 EXIT 191,Belen,NM,580,3.52233333,34.651583350919,-106.794116810681
70191,LOVES TRAVEL STOP #734,"I-44, EXIT 5 & US-70",Randlett,OK,770,3.12066666,34.173752285621,-98.503598225538
70192,LOVES TRAVEL STOP #720,"I-49, EXIT 94 & SR-1",Boyce,LA,730,3.174,31.363623901905,-92.593965596796
70207,PILOT TRAVEL CENTERS #1344,I-20 EXIT 425,Fort Worth,TX,630,2.909,32.957702,-97.3075764
70208,GOLDEN GATE PETRO,SR-648,Sparks,NV,966,3.98566666,39.527808173076,-119.760063336432
70209,PUMP N PETES #42,"I-49, EXIT 66 & CR-K",Jasper,MO,416,3.199,37.337926371352,-94.291797835749
70210,CASEYS #3889,SR-29 & CR-1350,Henry,IL,368,3.349,41.118778908215,-89.369536419106
70214,RACETRAC #688,I-20 & SR-6,Lithia Springs,GA,18,2.97233333,33.777009902418,-84.605752408787
70216,PILOT #1110,I-25 & SR-105,Monument,CO,803,3.579,39.092314005407,-104.862530997425
70217,MR GAS #20,I-84 EXIT 165,Jerome,ID,785,3.40733333,42.725632340293,-114.548854007411
70218,LOVES TRAVEL STOP #725,I-69 & SR-260,Hanson,KY,490,3.599,37.417332065203,-87.479499895181
70219,LOVES TRAVEL STOP #709,US-59 & SR-116,Lufkin,TX,610,3.649,31.3285076,-94.6897649
70220,LOVES TRAVEL STOP #497,"I-40, EXIT 154 & US-64",Statesville,NC,46,3.689,35.816424007442,-80.826632976917
70221,PILOT TRAVEL CENTER #1092,CR-70 E,Cedar Rapids,IA,380,3.779,41.891528,-91.6676629
70222,GOOD TO GO #45,"US-52 & SR-55, SR-18",Fowler,IN,375,3.699,40.617184335653,-87.323150051644
70223,SPEEDWAY #8749,"I-75, EXIT 116",Flint,MI,342,3.259,42.968739852295,-83.725467083848
70224,GOLDEN GATE PETROLEUM,I-70 EXIT 42,Palisade,CO,810,3.549,39.110328,-108.360482
70225,Union 76 Pilot,US-130,Riverton,NJ,105,3.999,39.996992145861,-74.992660162953
70227,LOVES TRAVEL STOP #724,"I-75, EXIT 414 & US-41",Lake City,FL,225,3.339,30.000896746747,-82.600304315726
70229,TA EXPRESS HENDERSON #969,I-11 EXIT 15A,Henderson,NV,910,3.639,35.963500762882,-114.911309144127
70232,RUTTERS #73,"I-81, EXIT 8 & CR-32   ",Inwood,WV,70,3.659,39.404605467462,-78.025207841878
70233,RUDS,SR-31 & I-94 EXIT 127,New Salem,ND,390,3.499,46.86143379978,-101.417703992416
70236,LOVES TRAVEL STOP #733,"I-25, EXIT 347",Las Vegas,NM,580,3.489,35.622178427479,-105.20306757228
70238,ROAD RANGER #275,"I-10, EXIT 400 & US-277",Sonora,TX,740,3.549,30.578083000415,-100.648407973651
70239,GOOD 2 GO #717,"I-25, EXIT 145",Colorado Springs,CO,803,3.479,38.878220875714,-104.835742389064
70240,MAVERIK COUNTRY STORE #370,"I-15, EXIT 10",Saint George,UT,910,3.5415,37.126167131886,-113.528880864556
70241,MAVERIK COUNTRY STORE #460,SR-88,Minden,NV,966,3.52566666,38.967668716557,-119.693499265548
70242,ROAD RANGER #276,"I-35, EXIT 342A",Waco,TX,765,3.049,31.63379269968,-97.095607294915
70243,CASEYS #4415,US-68 & US-31W /SR-526,Bowling Green,KY,460,2.999,37.035123855336,-86.341611169358
70245,YESWAY #1168,US-287 & CR-368,Iowa Park,TX,770,2.889,33.965865999444,-98.673139986896
70246,7-Eleven #37565,SR-944 & SR-9,Miami,FL,95,3.249,25.762178011128,-80.238779010362
70247,EXXON DBA ONE9 #1416,I-20 EXIT 458,Dallas,TX,630,2.99233333,32.671510250884,-96.966421973494
70249,Caseys #4466,US-231 & SR-100,Scottsville,KY,460,3.31233333,36.751345516335,-86.189520030389
70251,Marathon,SR-42 & US-49,Hattiesburg,MS,620,3.03233333,31.378395497509,-89.365896661471
70254,LOVES TRAVEL STOP #732,I-70 & CR-829,Abilene,KS,523,3.76233333,38.935022185992,-97.260530468663
70255,J&H  FAMILY STORE #152,SR-55,Cadillac,MI,344,3.559,44.256251888266,-85.318018730227
70256,PILOT #1128,SR-60,Bartow,FL,140,3.599,27.916927,-81.718847
70257,LOVES TRAVEL STOP #739,I-2,Donna,TX,639,3.649,26.18238,-98.06681
70258,CASEYS #3677,US-59 & SR-30,Slayton,MN,530,3.299,44.072489502874,-95.747421176986
70262,ASAP GENERAL STORE #332,US-70 & US-377,Madill,OK,569,3.01566666,34.083579016888,-96.768372020111
70263,ENMARKET #769,US-301,Statesboro,GA,195,3.699,32.466798,-81.762537
70265,Speedee Mart # 2875,I-80 & CR-238,Milford,NE,413,3.43233333,40.821493002969,-97.044654971475
70266,PILOT #1161,I-20,Odessa,TX,710,3.56566666,31.784469,-102.477596
70267,LOVES TRAVEL STOP #728,"I-5, EXIT 238 & SR-164",Albany,OR,935,3.84733333,44.706739027458,-123.05330472341
70268,CASEYS #3396,SR-92 & SR-149,Sigourney,IA,380,3.36233333,41.336891996365,-92.180922968397
70269,CASEYS #3589,"I-29, EXIT 2",North Sioux City,SD,527,3.059,42.526726945692,-96.499890594527
70270,CASEYS #3685,US-50/US400  & SR-25,Lakin,KS,525,3.19233333,37.945319287453,-101.258859634986
70271,CASEYS #1160,US-20,Plainview,NE,470,3.229,42.350285172536,-97.871424813034
70273,SPEEDWAY #5457,"I-264 E, EXIT 14 & SR-864 N",Louisville,KY,415,3.029,38.189385572526,-85.746206978961
70274,Kwik Star #920,US-18 & US-69,Garner,IA,433,3.399,43.10491118259,-93.636145579459
70276,STAR EXPRESS #5,US-301 & SR-648,Petersburg,VA,180,3.049,37.247990603674,-77.43639127232
70277,KWIK TRIP #595,SR-46,Amery,WI,448,3.56066666,45.296376,-92.3659
70278,KWIK TRIP #923,"I-41, EXIT 146 & CR-N",Little Chute,WI,582,3.269,44.298570625905,-88.312615165106
70279,KWIK TRIP #926,SR-19 & SR-21,New Prague,MN,448,3.29066666,44.54360899727,-93.586132020497
70280,LOVES TRAVEL STOP #668,"I-25, EXIT 250 & SR-56",Berthoud,CO,800,3.39066666,40.305543192805,-105.076865314076
70281,LOVES TRAVEL STOP #645,"I-75, EXIT 18",Monroe,MI,325,3.389,41.960306280954,-83.353361926725
70282,PLEASANT SPRINGS TRAVEL,"I-39, EXIT 147 & CR-N",Cottage Grove,WI,420,3.39066666,43.078109674829,-89.200332889749
70283,SPEEDWAY #3996,US-12 & SR-120,Round Lake,IL,293,3.449,42.322958992945,-88.164727021085
70284,ROBINSON CORINTH IRVING,"I-395 N, EXIT 3",Corinth,ME,170,3.93233333,45.0030495,-69.0231718
70285,IRVING MAINWAY,SR-16 E,Dover Foxcroft,ME,170,3.86566666,45.183594,-69.251653
70286,ROBINSONS IRVING,SR-7,Corinna,ME,170,3.93233333,44.945003709383,-69.24654318068
70287,LOVES TRAVEL STOP #710,US-31 & SR 28,Tipton,IN,457,3.84733333,40.283485568569,-86.013082496613
70290,FLYING J #868,TCH 1,Medicine Hat,AB,50,4.62102914,50.041554,-110.677607
70291,LOVES TRAVEL STOP #723,"I-80, EXIT 310 & CR-322",Laramie,WY,795,3.61566666,41.326753050242,-105.600786108901
70292,FLYING J #1171,I-15,Mesquite,NV,910,3.70566666,36.8153225,-114.0653146
70293,KWIK TRIP #922,US-8,Cameron,WI,295,3.664,45.406913,-91.734854
70295,SPEEDWAY #8080,I-69 & US-20,Angola,IN,465,3.599,41.634989982301,-85.047872990858
70296,MAVERIK COUNTRY STORE #573,SR-68 & SR-154,Riverton,UT,835,3.13566666,40.50075780158,-111.93882736002
70297,KWIK STAR #509,SR-169 & BUS-20,Fort Dodge,IA,433,3.20233333,42.48493,-94.20405
70298,LOVES TRAVEL STOP #740,"I-95, EXIT 38 & SR-68",Yemassee,SC,42,3.419,32.704304316939,-80.871117571922
70299,Mr Fuel Travel Center dba Pilot Express #1149,"I-295, EXIT 41 & SR-105",Jacksonville,FL,75,3.239,30.325968,-81.65676
70300,PILOT DEALER #1194,I-10 & US-60,Phoenix,AZ,930,6.039,33.461966306652,-112.108352860486
70301,GOLDEN GATE TRUCKSTOP,I-80 & SR-535,Elko,NV,787,3.599,40.809108992484,-115.824557978578
70302,KWIK TRIP #117,CR-9 & CR-4,Duluth,MN,334,3.499,45.663037982612,-93.781593979235
70303,Kwik Star #1004,US-63,Waterloo,IA,565,3.574,42.498632827389,-92.299597184816
70304,Rusty Lantern,"I-95, EXIT 109A & SR-202",Augusta,ME,170,3.88733333,44.312035369938,-69.809766320812
70305,LOVES TRAVEL STOP #737,I-40/US-270,El Reno,OK,483,3.344,35.49756,-97.903498
70306,KWIK STAR #1001,US-6,Newton,IA,320,3.249,41.691721367682,-93.077257313276
70307,KWIK TRIP #592,"I-35, EXIT 159 & CR-1",Rush City,MN,451,3.37733333,45.73152171622,-93.052049574569
70308,KWIK TRIP #946,SR-32,Pulaski,WI,582,3.45733333,44.666171,-88.229649
70309,PILOT #1165,SR-18 & SR-128,Jal,NM,593,3.36566666,32.120002988782,-103.189373958478
70310,LANCASTER CONVENIENCE,US-2 & US-70,Lancaster,MA,34,3.70566666,39.964288,-75.2047
70311,RACING MART,SR-8,Adams,MA,215,3.699,42.630181,-73.114923
70313,Flyer's #3207,"SR-143, EXIT 2",Phoenix,AZ,930,3.389,33.458952272289,-111.999209220153
70314,CASEYS #2721,US-34,Lincoln,NE,413,3.3365,40.883275298813,-96.78653832841
70318,LOVES TRAVEL STOP #738,"I-30/US-67, EXIT 122 & SR-19/SR-11",Sulphur Springs,TX,723,3.309,33.131625251703,-95.629780127667
70319,SPEEDWAY #3650,"I-76, EXIT 11 & SR-261",Wadsworth,OH,305,3.699,41.044308715986,-81.692823377295
70320,SPEEDWAY #7177,"I-24, EXIT 158 & SR-27",Jasper,TN,285,3.014,35.0392475421,-85.579251607071
70321,PILOT #1132,SR-171 & SR-78,Brawley,CA,900,4.899,33.037398902054,-115.620512300413
70322,INDIAN HILL IRVING,SR 6,Greenville,ME,170,3.86566666,34.891506,-82.455679
70323,LOVES TRAVEL STOP #750,I-74 EXIT 206,Oakwood,IL,280,3.489,40.127168990202,-87.77415054489
70324,LOVES TRAVEL STOP #729,CR-17 & US-20,Goshen,IN,465,3.72233333,41.666807980121,-85.887578002125
70325,KWIK STAR #927,US-169 & US-169 BUS/US-20 BUS,Fort Dodge,IA,433,3.20233333,42.500329996692,-94.21138436264
70326,PILOT #1207,"I-20, EXIT 79 & SR-464",Monahans,TX,710,3.46566666,31.572777368289,-102.907197392406
70328,Thorntons #7,US-12 & US-45,Franklin Park,IL,290,3.679,41.926911,-87.885162
70329,1 STOP TRAVEL PLAZA,US-14 & US-83,Pierre,SD,571,3.38233333,44.382733620881,-100.345990415824
70331,LOVES TRAVEL STOP #707,"I-64, EXIT 21",Covington,VA,185,3.649,37.793338965794,-79.883322139504
70332,FLYING J #1201,HWY 10 & HWY 9,Inglewood,ON,720,4.20445208,43.786454084931,-79.895787136492
70333,KWIK STAR #932,"I-80, EXIT 143 & CR-S14",Altoona,IA,320,2.959,41.650462870347,-93.464527314405
70334,KWIK TRIP #1021,SR-11 & CR-E,Brodhead,WI,420,3.41566666,42.628772981758,-89.376596999064
70335,PILOT #1200,HWY 43,Valleyview,AB,80,4.62238967,55.059684343421,-117.281078154899
70336,SPEEDWAY #3962,"I-39,  EXIT 3 & SR-9",Roscoe,IL,293,3.469,42.451467901678,-88.994601149575
70337,LOVES TRAVEL STOP #700,I-10 EXIT 404 & SR-467,Sonora,TX,710,3.64733333,30.573127996443,-100.581738986346
70338,LOVES TRAVEL STOP #747,"I-75, EXIT 90",Sidney,OH,411,3.34566666,40.2691060425,-84.184243474432
70339,FLYING J #1197,HWY 3,Jaffray,BC,50,4.78604192,49.378958,-115.300034
70340,PIT STOP,SR-53 & SR-74,Joliet,IL,399,3.499,41.466305689638,-88.079758411311
70341,LOVES TRAVEL STOP #741,US-29,Reidsville,NC,65,3.999,36.3274,-79.640268
70342,AF TRUCK CENTER,"I-294, EXIT 33 & SR-64",Melrose Park,IL,293,3.459,41.906965571114,-87.904976020625
70343,PILOT TRAVEL CENTER #1103,"I-5, EXIT 208 & SR-530",Arlington,WA,962,4.559,48.187784984795,-122.204263034372
70344,KWIK TRIP #928,US-169,Princeton,MN,451,3.399,45.555731,-93.584932
70345,LOVES TRAVEL STOP #742,"I-196, EXIT 52",Holland,MI,406,4.089,42.780732202645,-86.027243729565
70346,Kwik Star #924,SR-17 & US-20 EXIT 140,Webster City,IA,433,3.20233333,42.449534196616,-93.896972385187
70349,WEIGELS #90,SR-139 & SR-66,Kodak,TN,405,3.199,35.957888991552,-83.59390699472
70350,CIRCLE K #2741859,CR-802,Brownsville,TX,665,3.029,25.910838,-97.473833
70351,MAVERIK COUNTRY STORE #606,US-91,Franklin,ID,825,3.579,42.015089,-111.80151
70352,KWIK TRIP #1019,CR-5 & SR-65,Isanti,MN,448,3.474,45.492872901025,-93.23689323535
70353,ASAP General Store #314,"US-62, US-81, SR-9",Chickasha,OK,483,3.13233333,35.052385065752,-97.930386134952
70357,Certified Oil #400489,"I-71, EXIT 104",Columbus,OH,315,3.409,39.914765580782,-83.016815948497
70358,FOOD N FUEL #25,SR-15 & US-12,Milbank,SD,248,3.369,45.218963788459,-96.640843961686
70359,PILOT DEALER #1185,"I-15, EXIT 9   3",Littlefield,AZ,910,3.709,36.898307206967,-113.906924529887
70360,MAVERIK COUNTRY STORE #595,"I-84, EXIT 28",Caldwell,ID,785,3.369,43.645036658592,-116.652313962726
70361,MAVERIK COUNTRY STORE #599,US-89 & CR-122,Thayne,WY,825,3.669,42.917286806236,-111.002296531108
70366,FAST STOP,US-41,Escanaba,MI,360,3.399,45.776255304284,-87.083233265812
70371,KENT KWIK #440,US-277,Haskell,TX,575,3.539,33.153766480384,-99.728273955599
70373,KWIK TRIP #791,US-45 & SR-54,New London,WI,582,3.484,44.403067615071,-88.734228894456
70374,LOVES TRAVEL STOP #746,I-72 & SR-121,Decatur,IL,280,3.489,39.894489003296,-89.006937969945
70375,QUIKTRIP #1853,US-81,Decatur,TX,630,2.899,33.226888,-97.591703
70376,QUIKTRIP #1935,SR-183,Dallas,TX,630,2.97566666,32.837840887901,-97.049313476081
70377,WEIGELS #81,I-81 & SR-32,Morristown,TN,405,3.259,36.136734791164,-83.280281994157
70379,SPEEDWAY #7209,US-411 & SR-20,Cartersville,GA,18,3.11566666,34.208064109184,-84.799094500392
70380,LOVES TRAVEL STOP #714,"I-85, EXIT 29",Charlotte,NC,46,3.52233333,35.254792282087,-80.984688257572
70383,SPEEDWAY #4400,I-10 & SR-59,Loxley,AL,715,3.28233333,30.652022785811,-87.760268593095
70385,LONGHORN EXPRESS,US-70,Ardmore,OK,253,3.009,34.081138472311,-97.23728267049
70388,PILOT #1205,"I-20, EXIT 80",Monahans,TX,710,3.46566666,31.576241902771,-102.888422837328
70389,PILOT #1145,SR-191,Midland,TX,710,3.56566666,31.967605,-102.252187
70390,FLYING J #1206,SR-302 & CR-313,Kermit,TX,710,3.25566666,31.85244501189,-103.068223019628
70391,MACH 1 #12,I-57 EXIT 65,West Frankfort,IL,510,3.199,37.895484901863,-88.945612298626
70403,MAVERIK COUNTRY STORE #607,"I-90, EXIT 1",Post Falls,ID,970,3.37566666,47.7197191599,-116.883515629975
70404,MAVERIK COUNTRY STORE #602,"I-25 EXIT, 138",Colorado Springs,CO,803,3.289,38.793714477898,-104.79600068621
70405,LOVES TRAVEL STOP #760,SR-18 & SR-234,Eunice,NM,593,3.329,32.435410987789,-103.123297739366
70406,LOVES TRAVEL STOP #754,SR-251,Rochelle,IL,520,3.849,41.897982,-89.066946
70407,BOLLA MARKET,"I-495, EXIT 57",Islandia,NY,83,3.599,40.8090504,-73.1771017
70408,BOLLA MARKET,"I-495, EXIT 64",Medford,NY,83,3.539,40.8234179,-72.9897327
70409,SPEEDWAY #6512,"I-196, EXIT 49 & SR-40",Holland,MI,456,3.899,42.74083260054,-86.076078082953
70410,SPEEDWAY #4107,I-285 & US-78,Stone Mountain,GA,18,3.529,33.816274592567,-84.25069716957
70411,MARATHON,SR-72,Elberton,GA,16,3.899,34.104363,-82.853388
70413,CASEYS #3782,US-169 & SR-2,Mount Ayr,IA,320,3.164,40.710921283211,-94.254401295564
70415,GARDEN TRUCK STOP,SR-55 /EXIT 35,Vineland,NJ,150,3.999,39.520431551456,-75.068311477337
70416,ALLSUPS CONVENIENCE STORE #2361,US-54 & US-287,Stratford,TX,585,2.95733333,36.331985316394,-102.07337878741
70417,CASEYS #3434,US-63,Denver,IA,565,3.499,42.671352,-92.337251
70419,FUEL AMERICA TRAVEL CENTER,I-35 EXIT 24,Laredo,TX,693,3.099,27.6138892,-99.523951
70420,Circle K #2709302,SR-67,Decatur,AL,615,3.50733333,34.565672,-86.973823
70421,CASEYS #3581,US-62/US-67,Corning,AR,695,3.28233333,36.411494097744,-90.586354976498
70422,CIRCLE K #2741675,"I-10, EXIT 134",Tolleson,AZ,930,3.519,33.462649979346,-112.250279878428
70423,LOVES TRAVEL STOP #763,I-90 & US-20,Hampshire,IL,290,3.489,42.142726994186,-88.506847977874
70424,LOVES TRAVEL STOP #743,"I-75, EXIT 144A",Bridgeport,MI,260,3.389,43.347276887901,-83.863293544263
70425,LOVES TRAVEL STOP #731,"I-79, EXIT 105 & SR-108",Slippery Rock,PA,165,4.249,41.037570294476,-80.12447399093
70426,BISHOPS TRAVEL CENTER,US-27,Attapulgus,GA,20,3.699,30.748968,-84.483908
70427,PARKERS #64 (DISCOUNT AVAILABLE),SR-307,Savannah,GA,195,3.03233333,32.053925056705,-81.211778848569
70428,PARKERS #63 (DISCOUNT AVAILABLE),US-301,Jesup,GA,195,3.11566666,31.669680664019,-81.832454606583
70429,BP,SR-76,Adel,GA,10,2.969,31.090888887653,-83.470293320654
70430,SPRINT FOODS #715,I-520 & SR-56,Augusta,GA,135,3.19233333,33.4013783901,-82.005842617716
70431,TA EXPRESS HOLSTEIN #941,I-20 E,Holstein,IA,527,3.559,42.47399,-95.543975
70432,GAS N WASH,SR-43,Frankfort,IL,365,3.599,41.528261204962,-87.790399920562
70433,GAS N WASH,SR-126,Plainfield,IL,290,3.599,41.60764468329,-88.278092449675
70434,HUCKS FOOD & FUEL #371,SR-148 & SR-142,Mount Vernon,IL,340,3.099,38.299819979956,-88.909083022228
70436,CASEYS #3492,US-36,Marysville,KS,413,3.299,39.842490742165,-96.724720088326
70437,Thorntons #155,"SR-1020 N, & SR1065 E",Louisville,KY,415,2.90566666,38.127001984104,-85.748982981662
70438,BREAU BRIDGE TRUCKSTOP AND CASINO,SR-94,Breaux Bridge,LA,730,3.229,30.240449,-91.962868
70439,CHEVRON,I-20 & SR-151,Arcadia,LA,590,3.189,32.563559181319,-92.910123566589
70440,MOUND MINI MART,I-696,Warren,MI,325,3.699,42.477538,-83.044896
70441,BREAK TIME #3165,US-50 & SR-13,Warrensburg,MO,400,3.29233333,38.773295794974,-93.685608531202
70442,GOLDEN GATE PETRO,I-580 & US-50,Carson City,NV,966,3.599,39.120861007423,-119.771819980709
70443,GLUCKSTADT FLEETWAY,"I-55, EXIT 112",Madison,MS,760,3.199,32.519750788579,-90.100441043328
70445,CASEYS #3514,SR-1,Oakes,ND,341,3.38233333,46.117162644893,-98.090720735021
70446,ALLSUPS CONVENIENCE STORE #2220,US-285,Loving,NM,640,3.599,32.286224,-104.101517
70447,84 QUIK STOP,"I-84, EXIT 3 & US-6",New Hampton,NY,120,3.459,41.404303515518,-74.446270486548
70448,CIRCLE K #4707623,"I-81, EXIT 31",Brewerton,NY,220,4.089,43.233260594361,-76.129758386006
70450,QUEENSBURY,SR-149,Queensbury,NY,12,3.789,43.3229850994,-73.604183860192
70452,LOVES TRAVEL STOP #749,SR-78,Westmorland,CA,900,4.889,33.040763,-115.629669
70453,MARIETTA PETROLEUM,"I-35, EXIT 15 & SR-32",Marietta,OK,253,2.92233333,33.940515981028,-97.13601402805
70454,DANDY MINI MART #36,US-220,Monroeton,PA,200,4.03233333,41.718304,-76.472516
70455,RUTTERS #37,US-332/US-22 & SR-75,Mifflintown,PA,70,4.099,40.555363009011,-77.361785041802
70456,RUTTERS #67,SR-16 & SR-75,Mercersburg,PA,70,4.399,39.823565697215,-77.901257070667
70457,RUTTERS #15,"I-83, EXIT 22 & SR-4009",York,PA,70,4.199,39.990189242705,-76.733616963451
70458,STOP-A MINIT,US-25 & SR-418,Pelzer,SC,30,2.899,34.628607996101,-82.391230036687
70459,GET N GO #22,I-90 & SR-115,Sioux Falls,SD,530,2.939,43.587524152952,-96.726395168499
70460,ALLSUPS CONVENIENCE STORE #2371,US-87,San Angelo,TX,612,3.20566666,31.560275,-100.546683
70461,CIRCLE K #2741074,I-35 & FM-1103,New Braunfels,TX,740,2.844,29.625662094739,-98.239837418422
70463,CIRCLE K #2741496,US-290,Chappell Hill,TX,670,2.999,30.135826,-96.258775
70464,GOLDEN GATE PETEROLEUM 24 RD,US-6,Grand Junction,CO,810,3.539,39.062274,-108.515961
70466,Circle K #2741925,SR-19,Trinity,TX,670,2.899,30.932321,-95.374895
70467,QUIKTRIP #598,"I-80, EXIT 439, SR-370",Omaha,NE,486,2.92733333,41.136413799328,-95.88752732277
70468,CIRCLE K #2741325,I-14 & SR-121,Belton,TX,765,2.88566666,31.04995410007,-97.485301679692
70469,TA EXPRESS #286,I-30 & SR-423,Mount Vernon,TX,637,3.299,33.161453,-95.216617
70472,SHELL/ONE9 #1304,I-820 & CR-156,Fort Worth,TX,630,2.89233333,32.918756250066,-97.348741418256
70474,EXXON,"I-30, EXIT 42A",Dallas,TX,630,3.499,32.766857080756,-96.870266565879
70476,KWIK TRIP #1037,SR-65/23,Mora,MN,451,3.394,45.878090408067,-93.288167528002
70478,TA Express Salina,"I-70, EXIT 56",Salina,UT,835,3.649,38.9575965,-111.8600522
70479,CROSSROADS MARKET,US-60 & SR-657,Gladstone,VA,185,3.439,37.572432680788,-78.897052984171
70480,BIG B TRUCK STOP,"I-90, EXIT 321",Sprague,WA,962,3.899,47.208792,-118.226342
70481,GOHL POST BP,"I-39, EXIT 100",Endeavor,WI,420,3.17566666,43.703558434648,-89.472279225107
70482,BIG D OIL #19,SR-259 & SR-387,Midwest,WY,790,3.459,43.42388899225,-106.332163022054
70483,BOLLA MARKET,SR-27 & CR-47,Copiague,NY,83,3.399,40.69086100007,-73.403178971914
70484,ALLSUPS CONVENIENCE STORE #2117,SR-18 & CR-97,Lovington,NM,700,3.104,32.929534280174,-103.347703583235
70485,ALLSUPS CONVENIENCE STORE #2145,SR-132,Hobbs,NM,593,3.38233333,32.711264,-103.146848
70488,ALLSUPS CONVENIENCE STORE #2365,US-380 & SR-214,Plains,TX,700,3.369,33.184420579665,-102.818670292766
70491,MFA OIL PETRO CARD 24,US-36,Hamilton,MO,276,3.24066666,39.734586,-93.909263
70492,KWIK TRIP #1033,US-51 EXIT 191B,Wausau,WI,395,3.454,44.948981468107,-89.666297957451
70493,LOVES TRAVEL STOP #759,US-63/SR-11,Hazen,AR,695,3.22566666,34.780708499336,-91.567518202443
70494,7-ELEVEN #37570,I-76/US-6,Commerce City,CO,800,3.639,40.000417846025,-104.961497991815
70495,LOVES TRAVEL STOP #689,US-65 & US-82,Lake Village,AR,695,3.269,33.278712003156,-91.251575011411
70496,KWIK TRIP #1015,"I-43, EXIT 171",Denmark,WI,582,3.36233333,44.343885412102,-87.843463081269
70498,KWIK TRIP #939,"SR-29, EXIT 101",Stanley,WI,295,3.469,44.951944981465,-90.933671135622
70500,STRIPES 7FLEET #42526,SR-289,Lubbock,TX,700,3.05566666,33.607404,-101.903848
70501,STRIPES 7FLEET #42527,SR-191 & US-349,Midland,TX,710,3.47233333,31.96994802075,-102.252223958379
70502,STRIPES 7FLEET #42532,SR-302 & FM-1936,Odessa,TX,710,3.099,31.884352989441,-102.456998965916
70503,STRIPES 7FLEET #42491,US-67 & SR-137,Big Lake,TX,710,3.549,31.191698997836,-101.467382023794
70505,STRIPES #42593,LOOP 289 & MLK BLVD,Lubbock,TX,700,2.96566666,33.530502781985,-101.82033374059
70507,ALLSUPS CONVENIENCE STORE #2154,SR-206 / US-283,Coleman,TX,575,3.159,32.078513973516,-99.422893853801
70508,7-ELEVEN #34715,I-294 EXIT 20,Schiller Park,IL,290,4.579,41.949892,-87.881872
70509,ALLSUPS CONVENIENCE STORE #2108,US-377 & US-183,Early,TX,575,2.93233333,31.742483410864,-98.945340029404
70510,ALLSUPS CONVENIENCE STORE #2147,SR-6 & CR-454,De Leon,TX,630,3.159,32.114871,-98.5271
70516,STRIPES 7FLEET #42528,"I-20, EXIT 217 & SR-139",Colorado City,TX,575,2.899,32.410938779793,-100.849940696439
70527,THORNTONS #164,I-65 EXIT 16 & US-31,Memphis,IN,415,3.62566666,38.49233319223,-85.771777973776
70530,LOVES TRAVEL STOP #767,FM-511 & SR-48,Brownsville,TX,625,3.15566666,25.952544904292,-97.415187227267
70538,SPEEDWAY #9329,"I-64 EXIT 43, SR 395 & 2823",Waddy,KY,410,3.149,38.179589552094,-85.066759805002
70539,PILOT TRAVEL CENTER #1174,"I-70/SR-1, EXIT 147",Marshall,IL,510,3.299,39.391588685312,-87.693838516102
70540,LOVES TRAVEL STOP #674,US-27 & SR-60,Lake Wales,FL,140,3.55233333,27.897825207514,-81.599730775505
70541,Kwik Star#1012,US-71 & SR-9,Spirit Lake,IA,440,3.299,43.422449987113,-95.126254006813
70543,ALLSUPS CONVENIENCE STORE #2078,US-60,White Deer,TX,585,2.969,35.432434,-101.178287
70544,ALLSUPS CONVENIENCE STORE #2100,US-87,Odonnell,TX,700,3.099,32.971021,-101.835266
70545,ALLSUPS CONVENIENCE STORE #2205,SR-83,Denver City,TX,700,3.36566666,32.966712,-102.818344
70546,ALLSUPS CONVENIENCE STORE #2370,US-287 & SR-70,Clarendon,TX,585,2.929,34.934320689614,-100.879899207912
70547,ALLSUPS CONVENIENCE STORE #2140,SR-114,Bridgeport,TX,630,2.899,33.214539,-97.767754
70548,ALLSUPS CONVENIENCE STORE #2114,US-84,Muleshoe,TX,700,3.19066666,34.232127,-102.73512
70549,ALLSUPS CONVENIENCE STORE #2194,214 PLAINS HIGHWAY,Denver City,TX,700,3.38233333,32.966946024898,-102.818637687163
70550,TEXACO #379545,US-290,Giddings,TX,595,3.399,30.184744,-96.95495
70551,KWIK TRIP #1047,SR-100 & SR-59,Milwaukee,WI,444,3.54066666,43.016496018049,-88.047055996976
70552,KWIK TRIP #941,US-2,Duluth,MN,334,3.499,46.821259,-92.140787
70553,KWIK TRIP #1028,US-59,Worthington,MN,425,3.16566666,43.631504,-95.588098
70554,HORSESHOE CONVENIENCE,SR 302 & IC 200,Mentone,TX,710,3.10733333,31.705879,-103.598655
70555,THORNTONS #615,I-40 EXIT 188,Kingston Springs,TN,460,2.98233333,36.082869181498,-87.099598298406
70556,ZIP ZONE EXPRESS,US-23,Catlettsburg,KY,255,3.699,38.250986592961,-82.59851580141
70557,LOVES TRAVEL STOP #727,"I-44, EXIT 283 & US-69",Big Cabin,OK,560,3.41233333,36.567715287264,-95.213635707733
70558,LOVES TRAVEL STOP #752,"I-43, EXIT 25 & SR-67",Elkhorn,WI,520,3.24066666,42.654393651827,-88.541578980415
70559,KWIK TRIP #1026,"HWY-23/ HWY-169, EXIT 23",Milaca,MN,453,3.369,45.756875,-93.639008
70560,PILOT #1235,"I-8, EXIT 42",Tacna,AZ,900,3.659,32.694693182475,-113.95063429887
70561,PILOT #1143,I-20 & SR-302,Odessa,TX,710,3.599,31.823079810395,-102.408719371263
70562,SPEEDWAY #7161,I-65 & US-31,Portland,TN,460,3.024,36.627523,-86.565748
70563,PILOT #1234,US-93 & CR-145,Willow Beach,AZ,910,3.899,35.70012191576,-114.47450126264
70564,SPEEDWAY #7236,"I-90/SR-2, EXIT 151",Avon,OH,305,3.659,41.464661493389,-82.052146222743
70565,Kwik Star #1025,SR-9/SR-4,Estherville,IA,425,3.33233333,43.401648156998,-94.83303391134
70567,LEDGEWOOD BP,I-80/SR-46,Ledgewood,NJ,115,3.299,40.88121,-74.65599
70571,LOVES TRAVEL STOP #748,"I-90, I-80 & SR-49",Edon,OH,550,3.88733333,41.556004055593,-84.769125753148
70572,LOVES TRAVEL STOP #745,I-94,Saint Clair,MI,342,3.949,42.8638439,-82.5616927
70573,KWIK TRIP #1038,US-12,Prairie Du Sac,WI,420,3.484,43.293997,-89.757913
70574,SPEEDWAY #3961,"I-55, EXIT 109",Williamsville,IL,318,3.299,39.961422737391,-89.552616546976
70575,SPEEDWAY #6721,SR 51,Mc Kees Rocks,PA,165,3.899,40.47278,-80.060023
70576,KWIK TRIP #593,"I-94, EXIT 41 & SR-25",Menomonie,WI,295,3.574,44.881810325604,-91.929574689697
70577,SPEEDWAY #3715,US-30,Crest Hill,IL,293,3.359,41.566359,-88.144225
70578,COMMON CENTS #125,"I-90/US-14, EXIT 61",Rapid City,SD,506,3.20733333,44.101655378912,-103.146100850584
70579,Exxon/One9 #1338,I-35 & CR-372,Jarrell,TX,765,2.88566666,30.838577113142,-97.59851665229
70580,LOVES TRAVEL STOP #753,I-90 EXIT 96 & SR-474,Missoula,MT,820,3.674,46.952901587585,-114.135175677558
70581,LOVES TRAVEL STOP #773,"SR-14 & I-59/20, EXIT 40",Eutaw,AL,615,3.13733333,32.868833794663,-87.924393717164
70582,Kwik Star #1039,I-80 EXIT 301,Bettendorf,IA,270,3.649,41.596348328433,-90.464249730062
70583,LOVES TRAVEL STOP #783,US-60 & US-63,Willow Springs,MO,535,3.419,36.961872012802,-91.932367017461
70584,PILOT TRAVEL CENTER #1209,"I-20, EXIT 136 & SR-349",Midland,TX,710,3.56566666,31.998248937234,-102.078022403651
70585,PILOT TRAVEL CENTER #1211,US-385 & CR-1910,Andrews,TX,710,3.639,29.2190169,-98.4150252
70586,MAVERIK COUNTRY STORE #610,I-80,Winnemucca,NV,966,3.389,40.9723383,-117.7279389
70587,MAVERIK COUNTRY STORE #623,US-89,Gunnison,UT,835,3.419,41.799908,-111.832766
70588,SPEEDWAY #7217,I-70 EXIT 49,Smithton,PA,165,3.91566666,40.166837973878,-79.736694741378
70590,CIRCLE K #2722291,US-1 & SR-206,Saint Augustine,FL,75,3.379,29.756412110081,-81.313021344219
70591,SPEEDWAY #6465,"I-77, EXIT 101",Canton,OH,249,3.60733333,40.75317105534,-81.405365021134
70592,LOVES TRAVEL STOP #751,"I-20, EXIT 87",Elgin,SC,135,3.42566666,34.140585533802,-80.753017132525
70593,LOVES TRAVEL STOP #735,I-75/SR-401,Calhoun,GA,285,3.279,34.444897,-84.913707
70595,SPEEDWAY #6509,"I-74, EXIT 206",Oakwood,IL,280,3.299,40.127168990202,-87.77415054489
70596,SPEEDWAY #7208,I-85 EXIT 137,Jefferson,GA,16,3.119,34.154389175441,-83.644504275674
70597,SPEEDWAY #9394,SR-4 & US-25,Lexington,KY,410,3.129,38.012764019898,-84.458454039161
70598,SPEEDWAY #7175,US-78 & SR-175,Memphis,TN,435,3.199,35.021018050154,-90.061205964175
70599,Jet Food Store,US-278,Warrenton,GA,85,3.41566666,33.407791,-82.653964
70600,KWIK STAR #1027,US-65,Mason City,IA,433,3.264,43.153621,-93.201042
70601,24/7 TRAVEL STORE,I-70 EXIT 275,Abilene,KS,523,2.994,38.941084875493,-97.211070459318
70603,ROAD RANGER #277,"I-30, EXIT 201 & SR-8",New Boston,TX,766,3.08066666,33.436584559373,-94.41506093772
70604,KWIK STAR #940,US-69 & SR-9,Forest City,IA,433,3.449,43.313407000766,-93.63677397074
70605,SPEEDWAY #1042,"I-55 & SR-50, EXIT 286",Cicero,IL,291,3.569,41.881286835122,-87.745202725369
70606,SPEEDWAY #7179,"I-65 & SR-101, EXIT 38",Smiths Grove,KY,415,3.06566666,37.052985925063,-86.208424117141
70607,SPEEDWAY #8544,"I-55 & US-6, EXIT 24B",Channahon,IL,291,3.299,41.456274102189,-88.195721622648
70608,KWIK TRIP #1017,US-10/SR-47,Anoka,MN,451,3.624,45.338702856723,-93.398464675503
70609,JP TRAVEL PLAZA,"I-75, EXIT 205 & SR-16",Jackson,GA,18,3.159,33.294322998994,-83.968298810182
70611,Shell,US-6 & SR-3,Kendallville,IN,370,3.499,41.452325010417,-85.281078994871
70612,SHREES TRUCK STOP #2,I-90 EXIT 101,Thorp,WA,920,3.859,47.054242935017,-120.664770452384
70615,THORNTONS #0334,I-57 EXIT 350 & SR-83,Posen,IL,365,3.399,41.62256624546,-87.673821496139
70617,QUIKTRIP #224,"I-435, EXIT 57",Kansas City,MO,400,3.099,39.133189511437,-94.499321168887
70618,LOVES TRAVEL STOP #744,"I-270 N, EXIT 49",Lockbourne,OH,315,3.45566666,39.845037,-82.937416
70619,KWIK TRIP #1049,US-212 & CR-68,Glencoe,MN,448,3.524,44.769806,-94.12752
70620,LOVES TRAVEL STOP #779,I-30 EXIT 97,Malvern,AR,635,3.499,34.387665644239,-92.84426642959
70621,FRIENDLY GUS STORE #24,I-16 EXIT 53 & SR-19,Dublin,GA,85,3.399,32.539945959636,-82.904523124504
70622,SPEEDWAY #6781,US-422,Douglassville,PA,208,3.799,40.263572,-75.741107
70623,SPEEDWAY #1127,"I-55, EXIT 267 & SR-53",Bolingbrook,IL,293,3.299,41.703736695821,-88.068618306142
70624,KWIK STAR #929,I-74 EXIT 2,Bettendorf,IA,270,3.599,41.560467027582,-90.522607284085
70625,BROWNVILLE IRVING,SR-11,Brownville,ME,170,3.93233333,45.306056,-69.035832
70626,GOLDEN GATE PETROLEUM,"I-70, EXIT 97",Silt,CO,810,3.459,38.450274,-107.867105
70628,PILOT #1195,"I-90, EXIT 106",Ellensburg,WA,977,3.899,47.010688485726,-120.598431864189
70629,KWIK TRIP #930,"I-35, EXIT 147 & SR-95",North Branch,MN,448,3.40233333,45.507839112744,-92.99293839306
70630,SPEEDWAY #3632,"I-76, EXIT 33 & SR-43",Kent,OH,249,3.53233333,41.153220084119,-81.360733082341
70632,CIRCLE K #4706705,SR-394,Crete,IL,365,3.499,41.395743861851,-87.626258340105
70634,CORNER MARKET #101,US-83 & SR-96,Scott City,KS,525,3.359,38.48248499375,-100.906904023563
70635,CIRCLE K #4705706,US-224 & SR-99,Willard,OH,249,3.599,41.136426386965,-82.723694526835
70637,CIRCLE K #2704111,I-2/US-83 & CR-493,Donna,TX,639,3.009,26.179955283264,-98.041164101121
70638,LOVES TRAVEL STOP #769,"I-70, EXIT 358A & US-75",Topeka,KS,570,3.284,39.069462003684,-95.73119196842
70640,LOVES TRAVEL STOP #794,SR-3/SR-33,Watonga,OK,483,3.37566666,35.841338098781,-98.413050905334
70641,LOVES TRAVEL STOP #706,"I-81/I-64, EXIT 213 ",Staunton,VA,185,3.649,38.022648226038,-79.143685410748
70642,LOVES TRAVEL STOP #776,"I-20, EXIT 15",Vicksburg,MS,760,3.549,32.360132209488,-90.667101177879
70643,LOVES TRAVEL STOP #774,US-431/CR-248,Smiths Station,AL,720,3.194,32.537611325337,-85.088187688564
70644,KWIK TRIP #1031,I-494 EXIT 20,Delano,MN,451,3.524,45.034726,-93.770313
70645,QUIKTRIP #4048,"I-410, EXIT164B",San Antonio,TX,740,2.96566666,29.516826,-98.410441
70646,KWIK TRIP #1051,I-43 & CR-N,Green Bay,WI,582,3.44066666,44.493178,-88.015623
70647,PILOT #1227,I-20 EXIT 66,Pyote,TX,710,3.46566666,31.531600821364,-103.117449863941
70648,BARRINGTON APPLEGREEN,SR-125 & SR-9,Barrington,NH,178,3.899,43.212802285893,-70.995809711048
70649,KWIK TRIP #931,SR-95,North Branch,MN,448,3.42733333,45.50956,-92.99893
70650,MAVERIK COUNTRY STORE #581,"I-15 N, EXIT 334 & SR-193",Clearfield,UT,835,3.33566666,41.10361978568,-112.018555080792
70651,WALBURG TRAVEL CENTER,"I-35, EXIT 266",Georgetown,TX,595,2.83233333,30.710547,-97.647186
70652,ROADYS MACH 1 #14,I-57 EXIT 94,Mount Vernon,IL,574,3.299,38.297068980223,-88.944496730782
70653,MACH 1 #24,I-74 EXIT 215A & SR-1,Tilton,IL,280,3.299,40.105373999153,-87.635981984267
70654,PILOT DEALER #1269,I-10 EXIT 378,San Simon,AZ,980,3.334,32.27053098952,-109.246042980461
70655,GOLDEN GATE PETROLEUM,US-6,Grand Junction,CO,810,3.499,39.105919,-108.609008
70656,LOVES TRAVEL STOP #757,"US-23, EXIT 25",Milan,MI,325,3.569,42.079947567485,-83.669016953852
70657,INTERFUEL,I-96 EXIT 167,Springfield,VA,60,3.899,38.759889515261,-77.183783861571
70658,CASEYS #3708,SR-235,New Carlisle,OH,411,3.259,39.921473593119,-84.032503763005
70660,CASEYS #3852,"I-35, EXIT 33 & US-34",Creston,IA,320,3.349,41.026424265844,-93.79456147364
70661,CASEYS #3238,US-52 EXIT 64 & CR-12,Oronoco,MN,451,3.51566666,44.166392436884,-92.459567698168
70662,GETGO #3202,I-79 EXIT 183A,Erie,PA,240,3.899,42.10508564818,-80.12214621069
70663,LENNYS GAS N WASH BOURBONNAIS,US-45/US-52,Bourbonnais,IL,296,3.299,41.206056,-87.877915
70665,POCO LOCO MARKET,I-35 EXIT 219,Buda,TX,595,2.89233333,30.0768165,-97.8252583
70666,Thorntons #322,"I-55, EXIT 288",Chicago,IL,290,3.599,41.831950791041,-87.696875512859
70667,EZ TRIP #1226,"I-84, EXIT 104 & US-97",Wasco,OR,935,3.239,45.671096009049,-120.834529884548
70668,LOVES TRAVEL STOP #784,US-30 & CR-9,Schuyler,NE,486,3.28233333,41.455658619039,-97.092902882534
70669,TA EXPRESS BIGGS,"I-84, EXIT 104 & US-97",Wasco,OR,935,3.199,45.671096009049,-120.834529884548
70670,MAVERIK COUNTRY STORE #625,"I-215, EXIT 27 & CR-68",North Salt Lake,UT,835,3.44233333,40.834254099777,-111.931672562508
70673,PAC PRIDE,SR-202,Mesa,AZ,930,4.024,46.59061,-119.137161
70674,ALLTOWN FRESH #769,SR-111,Ayer,MA,34,3.649,42.549515,-71.57151
70676,PAC PRIDE,"I-10, EXIT 138",Phoenix,AZ,930,4.0365,33.462629544542,-112.195718090434
70677,PAC PRIDE,US-60,Glendale,AZ,930,4.024,33.538558,-112.1837
70679,PAC PRIDE,"I-10, EXIT 151",Phoenix,AZ,930,4.024,33.411293447759,-112.00575402421
70680,PAC PRIDE,"I-17, EXIT 215B",Phoenix,AZ,930,4.024,33.681195453938,-112.11205805572
70681,PETRO STOP,US-60,Mesa,AZ,930,4.01566666,33.356370438649,-111.658980589708
70682,LOVES TRAVEL STOP #758,"I-255/US-50, EXIT 15",East Saint Louis,IL,540,3.689,38.569420291376,-90.125464475772
70686,HOLIDAY STATIONSTORE #2746471,US-12,Hudson,WI,448,3.539,44.963709,-92.732057
70687,RUTTERS #87,"I-99, EXIT 78B & SR-150",Bellefonte,PA,70,4.01566666,40.872173090872,-77.77893886798
70691,QUIKTRIP #4049,"I-10/US-90, EXIT 583",San Antonio,TX,740,2.96566666,29.446216170186,-98.356489642759
70692,RUTLAND ROUTE 7 IRVING,US-4 & US-7,Rutland,VT,170,3.699,43.610633017314,-72.972688029042
70693,MAPCO #3507,US-76 & SR-71,Dalton,GA,285,3.119,34.79781900756,-84.962295016722
70695,ALLSUPS CONVENIENCE STORE #2132,US-54 & US-380,Carrizozo,NM,580,3.28233333,33.6468,-105.871445
70696,DK #11822,I-20 EXIT 131,Midland,TX,612,2.85733333,32.095849447852,-101.881020659635
70698,ALLSUPS CONVENIENCE STORE #2038,US-54,Logan,NM,585,3.199,35.363734,-103.411244
70699,QUIK STOP,US-79,Paris,TN,490,2.959,36.23649015048,-88.363626475511
70700,PATRIOT FUELING CENTER,US-231/SR-9,Wetumpka,AL,720,3.199,32.563484352961,-86.190226254346
70704,KUM & GO #0702,"I-44, EXIT 6 & SR-86",Joplin,MO,535,3.009,37.038273375226,-94.512315666818
70705,CASEYS #3464,SR-48 & CR-10,Morrisonville,IL,280,3.959,39.421343980088,-89.452099003574
70706,BIG APPLE TRAVEL CENTER,I-44/US-71,Joplin,MO,416,3.21233333,37.0670829,-94.4055009
70707,TA Express West Point #283,"I-85/SR-403, EXIT 2 & SR-18",West Point,GA,720,3.66566666,32.874533446913,-85.142880522247
70708,LOVES TRAVEL STOP #785,"I-96, EXIT 90",Grand Ledge,MI,406,3.949,42.782620269927,-84.670435919985
70709,VP Racing Fuels,SR-19,Center,MO,540,3.16566666,39.505065,-91.536615
70710,LOVES TRAVEL STOP #799,US-72 & SR-15,Walnut,MS,655,3.559,34.95254101928,-88.903381819326
70711,LOVES TRAVEL STOP #762,FM-1472,Laredo,TX,693,3.25566666,27.571128442079,-99.50328369046
70714,PILOT DEALER #1281,US-89,Page,AZ,910,3.999,36.76125561716,-111.566604701384
70717,Certified Oil #400491,I-270 EXIT 52,Columbus,OH,315,3.20233333,39.876811560568,-83.010697856055
70718,ROAD RANGER #278,"I-40, EXIT 216 & US-49",Brinkley,AR,695,3.199,34.911176452838,-91.195979398301
70719,FAST LANE #31,"I-70, EXIT 183",Jonesburg,MO,540,3.299,38.859234,-91.307672
70720,SPEEDWAY #4453,SR-23,Sauk Rapids,MN,451,3.189,45.58297,-94.064222
70722,SPEEDWAY #9935,I-90 EXIT 35 & SR-298,Syracuse,NY,190,4.099,43.065609824176,-76.160358035275
70723,SPEEDWAY #9932,I-99 EXIT 8 & SR-417,Painted Post,NY,190,4.099,42.110727466904,-77.153986764424
70724,LOVES TRAVEL STOP #790,"I-95, EXIT108",Summerton,SC,135,3.509,33.591477250956,-80.351640749886
70725,LOVES TRAVEL STOP #782,"I-24 & US-41, EXIT 86",Oak Grove,KY,415,3.14233333,36.703013990402,-87.455177962526
70726,CASEYS #1195,US-36,Belleville,KS,336,3.339,39.807063,-97.650955
70727,CASEYS #2998,US-75 & SR-23,Pipestone,MN,530,3.449,44.002884418705,-96.307552501702
70728,CASEYS #3245,US-81,Freeman,SD,530,3.299,43.379082513952,-97.420561604415
70729,CASEYS #3785,US-14,Fort Pierre,SD,571,3.399,44.36938335292,-100.379429740692
70730,CASEYS #3855,US-81,Yankton,SD,572,3.139,42.935042630542,-97.397523028909
70731,PILOT #1181,IL-38 E,Rochelle,IL,520,3.759,41.935583,-89.017623
70732,MAVERIK COUNTRY STORE #627,I-15 EXIT 303,Salt Lake City,UT,835,3.44233333,40.771968,-111.93868
70733,CASEYS #1607,US-63,Macon,MO,392,3.29066666,39.806276890463,-92.47458043625
70735,CASEYS #1778,SR-267/SR-111,Brighton,IL,574,3.239,39.037463570525,-90.144635920865
70736,CASEYS #1941,"I-35, EXIT 90 & SR-160",Ankeny,IA,320,3.139,41.702988427754,-93.600194865275
70737,CASEYS #2272,I-80/US-6 EXIT 155 & SR-117,Colfax,IA,320,3.099,41.693128916292,-93.246796370133
70738,QUIKTRIP #7061,I-49 EXIT 39A,Joplin,MO,413,3.02233333,37.049737144968,-94.42687854578
70739,CASEYS #2602,US-36/SR-5 & SR-11,Brookfield,MO,276,3.249,39.771627318008,-93.073211765417
70740,JACK FLASH,"I-70, EXIT 82 & SR 128",Altamont,IL,574,3.199,39.04572757811,-88.742503685604
70741,CASEYS #3590,US-27,Geneva,IN,465,3.594,40.597906,-84.957304
70742,CASEYS #3653,SR-14,Greene,IA,433,3.599,42.86036272107,-92.810166297695
70743,CASEYS #3659,US-10 & SR-115,Randall,MN,250,3.48566666,46.079528003968,-94.492216005219
70744,CASEYS #3686,I-80 EXIT 81,Utica,IL,296,3.159,41.367910692316,-89.005774851627
70745,CASEYS #3752,",",Mountain Lake,MN,425,3.40233333,43.941804,-94.919285
70746,CASEYS #3085,US-34 & SR-14,Aurora,NE,330,3.099,40.872513018955,-97.997776017523
70747,CASEYS #3702,US-377/SR-99 & SR-9,Seminole,OK,560,3.02566666,35.226277520053,-96.671153972786
70748,CASEYS #3717,US-218,Vinton,IA,380,3.199,42.107826159761,-92.028838683192
70749,CASEYS #3719,US-160,Ulysses,KS,525,3.409,37.576616710329,-101.47438351231
70750,CASEYS #3787,"I-35, EXIT 222",Blackwell,OK,483,2.999,36.807599402852,-97.342592723082
70751,CASEYS #3795,"I-43, EXIT 96",Saukville,WI,444,3.289,43.382789805679,-87.927127591946
70752,CASEYS #3755,SR-7/SR-27,Russellville,AR,645,3.419,35.278044953882,-93.133657518353
70753,CASEYS #3798,"I-44, EXIT 211",Drumright,OK,560,3.119,35.988471,-96.602934
70754,CASEYS #3758,US-77,Douglass,KS,570,3.264,37.409307442168,-97.004961978892
70755,CASEYS #3809,US-56 & SR-51,Hugoton,KS,525,3.39233333,37.169903515452,-101.357215233779
70756,CASEYS #3780,US-40,Tonganoxie,KS,400,3.159,39.116343625866,-95.023146423293
70757,CASEYS #3811,US-69,McAlester,OK,560,3.22566666,35.059349361761,-95.706535263773
70759,CASEYS #3832,"I-35, EXIT 40A & US-14",Janesville,MN,425,3.58233333,44.138180231154,-93.766284835276
70760,CASEYS #2730,US-34 & SR-15,Seward,NE,413,3.369,40.906979991545,-97.099102976312
70761,CASEYS #3841,"US-61, EXIT 5",Kieler,WI,335,3.489,42.590719794085,-90.601764183544
70763,CASEYS #3854,"US-20, EXIT 275 & SR-13",Manchester,IA,380,3.54566666,42.485569211537,-91.457876833613
70764,CASEYS #3856,"I-51, EXIT 48 & SR-251",Tonica,IL,520,3.069,41.216662403164,-89.068339039845
70765,CEFCO #103,SR-36,Temple,TX,765,2.96566666,31.180701,-97.435885
70767,CASEYS #3493,SR-72,Shannon,IL,520,3.699,42.154452199884,-89.784494591934
70768,CASEYS #3497,SR-29,South Pekin,IL,368,3.679,40.491597994925,-89.663801905543
70769,CASEYS #3527,US-169 & US-60,Nowata,OK,307,3.18233333,36.701299094392,-95.639272568243
70770,CASEYS #3528,SR-92,Washington,IA,380,3.271,41.298282086707,-91.684663504424
70771,CASEYS #3545,US-14/CR-27,Sleepy Eye,MN,425,3.33233333,44.303995967903,-94.664032558834
70772,CASEYS #3554,"I-70, EXIT 52",Mulberry Grove,IL,368,3.489,38.913970771006,-89.271683834223
70773,CASEYS #3575,US-36,Seneca,KS,413,3.159,39.841238844971,-96.000207986626
70774,CASEYS #3079,"US-20, EXIT 71 & US-71",Early,IA,440,3.299,42.473043156709,-95.154691759276
70775,CASEYS #3576,US-56,Overbrook,KS,400,3.19566666,38.782303457284,-95.523958114917
70776,CASEYS #3579,US-36,Smith Center,KS,330,3.179,39.786016333957,-98.701199398799
70778,CASEYS #3588,"I-75 N, EXIT 69",Tipp City,OH,411,3.099,39.9817832,-84.1974285
70779,CASEYS #3204,"I-80, EXIT 29 & I-880, EXIT 29A",Minden,IA,319,3.159,41.467837,-95.539913
70780,CASEYS #3306,SR-15 & CR-47/CR-136,Saint Cloud,MN,522,3.249,45.471709014602,-94.246203961897
70782,CASEYS #3465,"I-80, EXIT 285 & US-30",Gibbon,NE,330,3.049,40.747763613919,-98.853153628265
70783,ENMARKET #820,"I-95/SR-405, EXIT 109 & SR-21",Port Wentworth,GA,195,3.09066666,32.137999982637,-81.173316035966
70784,CIRCLE K #2723046,"I-95, EXIT 41 & SR-59/CR2252",Hope Mills,NC,63,2.909,34.939146625671,-78.92288891775
70785,CIRCLE K #2705347,"I-77, EXIT 5 & SR-48",Columbia,SC,135,3.204,33.98593252895,-81.028770083186
70786,CIRCLE K #2741502,"I-37, EXIT 9",Corpus Christi,TX,625,3.06066666,27.831583718225,-97.542412531349
70787,LOVES TRAVEL STOP #778,"I-16, EXIT 143 & US-280",Ellabell,GA,135,3.29566666,32.181412897623,-81.458782242359
70788,SPEEDWAY #1031,"I-480 & I-271, EXIT 26",Bedford,OH,305,3.649,41.382511803593,-81.51249150816
70789,7FLEET #46080,"I-41 & US-41, EXIT 133",Neenah,WI,360,3.449,44.202798509133,-88.485461803379
70790,LOVES TRAVEL STOP #788,"I-70, EXIT 175",New Florence,MO,540,3.12233333,38.899630509125,-91.458312524117
70791,LOVES TRAVEL STOP #791,"I-40, EXIT 126",Holladay,TN,460,3.12233333,35.842051216692,-88.083594114875
70792,ANEW TRAVEL CENTER,US-6/34 & CR-410,Cambridge,NE,475,3.364,40.283545013649,-100.155594982279
70793,LOVES TRAVEL STOP #119,"I-70, EXIT 160",Green River,UT,835,3.391,38.989755794388,-110.191568095694
70794,CASEYS #3747,SR-103 & CR-96,Carey,OH,411,3.17566666,40.941743012956,-83.398119985777
70796,QUICK FUEL #3177,"I-35W, EXIT 56",Fort Worth,TX,637,3.03233333,32.835335485757,-97.313376521698
70797,QUICK FUEL #3176,"I-35E, EXIT 442",Carrollton,TX,637,3.01566666,32.934034882738,-96.902211821765
70798,QUICK FUEL #1926,"I-90, EXIT 171B & US-14",Janesville,WI,420,3.399,42.728015302088,-88.996264412532
70831,FLYERS #768,"I-80, EXIT 19 & SR-659",Sparks,NV,966,4.05233333,39.533016325618,-119.739082895873
70832,FLYERS #766,SR-648,Sparks,NV,966,4.059,39.527808173076,-119.760063336432
70833,FLYERS #764,SR-667,Reno,NV,966,4.05233333,39.491667446303,-119.789195217552
70845,FLYERS #759,"I-80, EXIT 19",Sparks,NV,966,4.05066666,39.531024566028,-119.733053940514
70855,FLYERS #761,"I-580, EXIT 5",Carson City,NV,966,3.699,39.179393660361,-119.743227213502
70858,SPEEDWAY #1012,"I-65, EXIT 158 & CR-6",Hope Hull,AL,720,3.05233333,32.195450789158,-86.418198547071
70859,FLYERS #732,I-580 & US-50,Carson City,NV,966,3.699,39.120861007423,-119.771819980709
70860,FLYERS #726,"I-80, EXIT 303",Elko,NV,966,3.629,40.854575930352,-115.745452834903
70864,FLYERS #747,"I-580/US-395, EXIT 29 & SR-659",Reno,NV,966,4.054,39.447058328338,-119.770864460266
70870,ESSENTIAL FUELS,US-26,Scottsbluff,NE,795,3.599,41.870024,-103.669534
70871,ALLTOWN MARKETS #835,"I-95, EXIT 62",Madison,CT,100,4.239,41.290762,-72.580312
70873,TA LAKE CITY #288,"I-75, EXIT 414",Lake City,FL,225,3.299,30.000896746747,-82.600304315726
70874,CIRCLE T,SR-6 & SR-515,Navasota,TX,670,3.43233333,30.376243209642,-96.067850271271
70875,FUEL MAXX #57,SR-105 & SR-146,Liberty,TX,610,3.13233333,30.247010188292,-94.742159077312
70876,JIFFY MART,SR-123/SR-12,Walpole,NH,12,3.68566666,43.229397231164,-72.422945087602
70877,LOVES TRAVEL STOP #770,"US-41, EXIT 1A",Wadsworth,IL,444,3.759,42.4888503,-87.9533958
70878,MAVERIK COUNTRY STORE #630,I-15 EXIT 13,Malad City,ID,825,3.394,42.181075603343,-112.230378131748
70879,MAVERIK COUNTRY STORE #611,I-40 EXIT 154,Albuquerque,NM,580,3.194,35.097351777803,-106.724454977781
70880,RUTTERS #81,SR-61 & SR-73,Leesport,PA,208,3.89733333,40.439640484024,-75.94579334182
70881,RUTTERS #79,"I-99/US-220, EXIT 28 US-22/SR-764",Duncansville,PA,14,4.099,40.442971315348,-78.425303977133
70882,RUTTERS #77,US-11/US-15 & US-22,Duncannon,PA,70,4.294,40.421669599797,-77.010437034541
70883,RUTTERS #41,US-422,Lebanon,PA,70,3.799,40.29720421494,-76.373354049319
70884,RUTTERS #75,SR-194 & SR-550,Walkersville,MD,70,3.93233333,39.540247604968,-77.313459933416
70885,KWIK TRIP #1061,CR-CE & CR-HH,Combined Locks,WI,582,3.549,44.256960481525,-88.29333718321
70887,LOVES TRAVEL STOP #781,"I-20, EXIT 113 & SR-83",Madison,GA,16,3.849,33.59574296721,-83.468191653737
70888,HUTCHS #125,US-283,Altus,OK,483,2.999,34.667426,-99.315687
70889,TRUCK WORLD,I-90 EXIT 241 & SR-7,Conneaut,OH,305,3.359,41.915425999051,-80.568859027964
70890,PILOT #1299,US-287 & SR-148,Henrietta,TX,770,3.12566666,33.81717637925,-98.204597949474
70891,QUARLES #4908,I-64 EXIT 297,Chesapeake,VA,130,3.52566666,36.774620562047,-76.369681203471
70892,QUARLES #4001,I-95 EXIT 133,Fredericksburg,VA,60,3.759,38.273332600143,-77.513755735715
70893,QUARLES #4002,"I-95 EXIT 130A, SR-2",Fredericksburg,VA,60,3.759,38.295234723925,-77.455609893355
70894,QUARLES #4009,US-301,Waldorf,MD,60,3.759,38.6410643,-76.8979736
70895,QUARLES #4011/SHELL,I-95 EXIT 118,Woodford,VA,180,2.899,38.129299669117,-77.512442464522
70896,QUARLES #4200,US-522,Front Royal,VA,60,3.699,38.955767,-78.199236
70897,QUARLES #4302,SR-801 & SR-42,Broadway,VA,60,3.459,38.585073137957,-78.817364951021
70898,QUARLES #4303,"I-81 EXIT 243, US-11",Harrisonburg,VA,60,2.899,38.397451453223,-78.909929472113
70899,QUARLES #4304,"I-64 EXIT 96, SR-624",Waynesboro,VA,180,3.799,38.029764639983,-78.941949002726
70900,QUARLES #4306,I-81 EXIT 150A,Roanoke,VA,185,3.559,37.386500623052,-79.906214186053
70901,QUARLES #4307,"I-81 EXIT 137, US-11/460",Salem,VA,185,3.559,37.292336852564,-80.10316942864
70902,QUARLES #4309,US-460/29,Lynchburg,VA,185,3.774,37.317391504681,-79.447036422532
70903,QUARLES #4310,US-11,Roanoke,VA,185,3.559,37.271133,-79.939056
70904,QUARLES #4400,I-95 EXIT 166A,Lorton,VA,60,4.059,38.73712683029,-77.191900178016
70905,QUARLES #4401,US-29,Fairfax,VA,60,4.059,38.845427719518,-77.373290642113
70906,QUARLES #4403,"I-95 EXIT 29A, US-1",Beltsville,MD,22,3.899,39.04872091493,-76.931838321018
70907,QUARLES #4404,I-95 EXIT 43A,Elkridge,MD,22,3.499,39.194899726367,-76.766594616064
70908,QUARLES #4407,I-495 EXIT 11A,Upper Marlboro,MD,60,3.899,38.83775464592,-76.866697249982
70909,QUARLES #4408,SR-201,Bladensburg,MD,60,3.699,38.940685925288,-76.936678133708
70910,QUARLES #4409,I-95 EXIT 50B,Baltimore,MD,22,3.499,39.266936311934,-76.666341350023
70912,QUARLES #4411,"I-695 EXIT 1, SR-173",Curtis Bay,MD,22,3.499,39.23883699435,-76.610688130409
70913,QUARLES #4412,I-270 EXIT 8,Rockville,MD,60,3.759,39.088045044605,-77.17381651685
70914,QUARLES #4413,I-495 EXIT 15A,Capitol Heights,MD,60,3.899,38.890623695489,-76.8481104203
70915,QUARLES #4414,I-95 EXIT 60,Baltimore,MD,22,3.449,39.299451808585,-76.530420317562
70916,TA Express White Hills,US-93,Willow Beach,AZ,910,3.779,35.684217,-114.467334
70917,QUARLES #4416,US-13,Salisbury,MD,194,3.659,38.407114919933,-75.567839965077
70918,QUARLES #4417,I-895 EXIT 8B,Curtis Bay,MD,22,3.499,39.241096055713,-76.59071591524
70919,QUARLES #4422,US-13,New Castle,DE,243,3.699,39.61818652188,-75.643872443354
70920,QUARLES #4423,SR-100 EXIT 11,Glen Burnie,MD,22,3.699,39.151445211538,-76.681332778899
70921,QUARLES #4424,SR-5,Clinton,MD,60,3.899,38.740642290532,-76.879077283664
70922,QUARLES #4425,US-50 EXIT 5,Hyattsville,MD,60,3.899,38.94030310072,-76.883680501537
70923,QUARLES #4426,SR-124,Gaithersburg,MD,60,3.759,39.238706317289,-77.182082913078
70924,QUARLES #4427,I-276 EXIT 351,Levittown,PA,153,3.84566666,40.154658,-74.827115
70925,QUARLES #4430,US-13,Sharon Hill,PA,160,3.869,39.913504276515,-75.266231477491
70926,QUARLES #4431,US-22,Allentown,PA,90,3.989,40.622488063023,-75.493999258041
70927,QUARLES #4434,SR-617,Springfield,VA,60,4.059,38.785814,-77.18725
70928,QUARLES #4435,"I-95 EXIT 41, US-1",Jessup,MD,22,3.499,39.146459,-76.769819
70929,QUARLES #4503,US-11,Martinsburg,WV,60,3.959,39.385803101622,-78.01384759691
70930,QUARLES #4504,I-81 EXIT 313A,Winchester,VA,60,3.799,39.161866154526,-78.158183038306
70931,QUARLES #4505,SR-65,Hagerstown,MD,60,3.899,39.611323998511,-77.730348400233
70933,QUARLES #4507,US-11,Winchester,VA,60,3.799,39.17223,-78.16759
70934,QUARLES #4509,I-270 EXIT 31B,Frederick,MD,60,3.599,39.382507199902,-77.411157493798
70935,QUARLES #4511,I-70 EXIT 55,Frederick,MD,60,3.599,39.404068679647,-77.392411321021
70937,QUARLES #4603,US-29/211,Warrenton,VA,60,3.799,38.722740010695,-77.804959983474
70938,QUARLES #4605,SR-606,Sterling,VA,60,3.659,38.978998063257,-77.425696229324
70939,QUARLES #4606,SR-234,Manassas,VA,60,3.859,38.730660186085,-77.472847810378
70940,QUARLES #4607,SR-28,Manassas,VA,60,3.859,38.765703467333,-77.456629641537
70941,QUARLES #4934,US-60,Sandston,VA,180,3.259,37.508377442286,-77.254358954813
70942,QUARLES #4608,SR-657,Chantilly,VA,60,3.659,38.903071031835,-77.424303440254
70943,QUARLES #4700,US-15BUS/29BUS,Culpeper,VA,60,3.799,49.802627446969,14.382397269077
70944,QUARLES #4701,US-15 BUS & US-522,Culpeper,VA,60,3.799,38.476511001809,-77.994898435657
70945,QUARLES #4944,US-17,Bealeton,VA,60,3.759,38.617082705543,-77.796240080053
70946,QUARLES #4703,US-29 & SR-616,Ruckersville,VA,180,3.699,38.203763925249,-78.388828004925
70947,QUARLES #4946,"I-95, EXIT 130A, SR-3",Fredericksburg,VA,60,3.759,38.304920236911,-77.459505400184
70948,QUARLES #4804,I-40 EXIT 211,Greensboro,NC,65,3.649,36.074347724125,-79.938938815318
70949,QUARLES #4805,US-1 EXIT 95,Apex,NC,177,3.999,35.717001130477,-78.83802377494
70950,QUARLES #4807,I-40 EXIT 203,Kernersville,NC,65,3.199,36.086448271368,-80.060028176657
70951,QUARLES #4947,SR-7,Leesburg,VA,60,3.659,39.071611706823,-77.481321421456
70952,QUARLES #4810,I-540 EXIT 4A,Raleigh,NC,177,3.709,35.904997735809,-78.772665298266
70953,QUARLES #4948,"I-95, EXIT 126, US-1",Fredericksburg,VA,60,3.759,38.326367562789,-77.466581630272
70954,QUARLES #4811,SR-50/US-70,Garner,NC,177,3.599,35.708497938667,-78.618464555908
70955,QUARLES #4949,"I-95, EXIT 136, US-1",Fredericksburg,VA,60,3.759,38.371380467087,-77.462718712276
70956,QUARLES #4813,SR-133,Wilmington,NC,245,3.779,34.252893317467,-77.953808765148
70957,QUARLES #4950,"I-95, EXIT 126A, US-1",Fredericksburg,VA,60,3.759,38.326367562789,-77.466581630272
70958,QUARLES #4951,SR-3,Fredericksburg,VA,60,3.759,38.335412027714,-77.48228615509
70959,QUARLES #4814,US-117,Wilmington,NC,245,3.799,34.191545745913,-77.93741710388
70960,QUARLES #4962,"I-81, EXIT 222, US-250",Staunton,VA,185,2.899,38.128954511757,-79.03395271191
70961,QUARLES #4815,"I-140, EXIT 14",Wilmington,NC,245,3.799,34.28902,-77.9689352
70962,QUARLES #4965,"I-295, EXIT 37A, US-360",Warsaw,VA,180,3.759,37.958434,-76.755329
70963,QUARLES #4817,"US-70, EXIT 333",Selma,NC,205,3.799,35.540904333604,-78.309545837157
70964,SEALSTON DELI,"I-95, EXIT 130A, SR-3",King George,VA,180,3.499,38.260550722982,-77.341084370768
70965,QUARLES #4822,US-401,Raleigh,NC,177,3.709,35.894379268267,-78.510499565815
70966,QUARLES #4927,SR-10 & SR-145,Chesterfield,VA,180,3.699,37.373606016568,-77.502250986873
70967,QUARLES #4823,I-95,Fayetteville,NC,63,3.799,35.054417,-78.883659
70968,QUARLES #4928,"I-95, EXIT 86A & SR-656",Ashland,VA,180,3.674,37.688251010928,-77.452157967469
70969,QUARLES #4824,I-40 EXIT 210,Greensboro,NC,65,3.699,36.081324455865,-79.963300981777
70970,QUARLES #4931,US-60 & SR-603,Powhatan,VA,180,3.699,37.498285681755,-77.87814308729
70971,QUARLES #4932,"I-64, EXIT 173 & SR-623",Rockville,VA,180,3.699,37.683624371312,-77.670673646809
70973,QUARLES #4826,US HWY 29/70,High Point,NC,65,3.66566666,35.949420590734,-79.964397201594
70974,QUARLES #4933,US-60,Richmond,VA,180,3.699,37.540759,-77.433932
70975,QUARLES #4935,"I-95, EXIT 64 & SR-613",Richmond,VA,180,3.699,37.399831219575,-77.424191285525
70976,QUARLES #4827,I-40 EXIT 203,Kernersville,NC,65,3.199,36.086448271368,-80.060028176657
70977,QUARLES #4828,I-440 EXIT 13B,Raleigh,NC,177,3.709,35.794669441636,-78.583177203545
70978,QUARLES #4829,I-40 EXIT 298A,Raleigh,NC,177,3.599,35.753353229637,-78.65228160351
70979,QUARLES #4830,I-540 EXIT 3,Raleigh,NC,177,3.719,35.781187670739,-78.570108601859
70980,QUARLES #4938,"I-64, EXIT 159 & SR-522",Gum Spring,VA,180,3.699,37.780421016636,-77.889577978239
70982,EXXON/QUARLES #4942,"I-64/33, EXIT 205 & SR-249",Quinton,VA,180,3.509,37.519083,-77.187022
70983,QUARLES #4943,"I-295, EXIT 22A & SR-5",Henrico,VA,180,3.699,37.436902084126,-77.33416231225
70984,QUARLES #4831,US-64 EXIT 470,Rocky Mount,NC,205,3.409,35.957209916049,-77.784573132762
70985,QUARLES #4832,I-40 EXIT 189,Winston Salem,NC,65,3.57233333,36.066272515331,-80.307253791338
70986,QUARLES #4833,US-1,Youngsville,NC,177,3.699,36.039384343011,-78.498770385145
70987,QUARLES #4902,US-250/33,Richmond,VA,180,3.699,37.545352014619,-77.441755137989
70988,QUARLES #4909,I-664 EXIT 3,Hampton,VA,244,3.42566666,37.007426092015,-76.399941391297
70989,QUARLES #4911,I-264 EXIT 19B,Virginia Beach,VA,130,3.57233333,36.83649460298,-76.062248712997
70990,QUARLES #4915,I-664 EXIT 2,Hampton,VA,244,3.42566666,37.017810622102,-76.384757346078
70991,QUARLES #4917,I-64 EXIT 255,Newport News,VA,130,3.41066666,37.169569552986,-76.568274874497
70992,QUARLES #4904,I-64 EXIT 197B,Sandston,VA,180,3.259,34.5548817,-90.652539
70993,QUARLES #4905,I-95 EXIT 89,Ashland,VA,180,3.699,37.717588050619,-77.447877551253
70994,QUARLES #4906,I-95 EXIT 73,Richmond,VA,180,3.699,37.518610615578,-77.42613261953
70995,QUARLES #4910,I-95 EXIT 61B,Chester,VA,180,3.799,37.360325127935,-77.404118162805
70996,QUARLES #4912,I-64 EXIT 136,Troy,VA,180,3.899,37.975228157985,-78.208821093203
70997,QUARLES #4913,SR-76,Midlothian,VA,180,3.699,37.460650404664,-77.654406920846
70998,QUARLES #4916,I-246 EXIT 6,Portsmouth,VA,130,3.46566666,36.821240512501,-76.334834532161
71001,QUARLES #4921,I-95 EXIT 83B,Richmond,VA,180,3.699,37.636836315433,-77.452703388355
71002,QUARLES #4922,US-250,Charlottesville,VA,180,3.899,38.088612388973,-78.416969475642
71003,QUARLES #4923,I-95 EXIT 73,Richmond,VA,180,3.699,37.518610615578,-77.42613261953
71004,QUARLES #4924,US-1 & SR-688,Doswell,VA,180,3.699,37.845655,-77.4648474
71005,QUARLES #4925,I-95 EXIT 78,Richmond,VA,180,3.699,37.574201340757,-77.459976519014
71006,QUARLES #4926,I-95 EXIT 79,Richmond,VA,180,3.699,37.589228946608,-77.470191732401
71007,HAYDEN TRAVEL CENTER,"I-65, EXIT 284 & SR-160",Warrior,AL,615,3.129,33.850878337895,-86.821698695872
71009,WEIGELS #80,"I-40, EXIT 435 & US-321",Newport,TN,405,3.11566666,35.947536146709,-83.204180851208
71010,KEYSTOPS,"I-64, EXIT 17",Louisville,KY,415,3.19566666,38.223803549792,-85.533496337339
71011,Global,"I-84 E, EXIT 2 & US-6 E",Danbury,CT,100,3.459,41.387135991076,-73.478104840533
71012,ALLTOWN MARKETS #838,"I-95 N, EXIT 12",Darien,CT,100,3.83233333,41.06778,-73.504843
71013,ALLTOWN MARKETS #647,SR-3 EXIT 5,Plymouth,MA,175,3.959,42.105459,-70.759275
71014,Global,"I-95, EXIT 43 & US-1",Elkridge,MD,22,3.099,39.207073,-76.72717
71018,KWIK STAR #1076,US-218,Vinton,IA,565,3.199,42.1592203,-92.0279128
71019,KWIK TRIP #489,SR-3,Northfield,MN,448,3.524,44.454406,-93.167103
71020,Fast Trac 21,SR-21 & CR-50,Caldwell,TX,670,3.299,30.534937228942,-96.695724104304
71021,Amoco,"I-39 & HWY 23, EXIT 54",Oglesby,IL,290,3.249,41.299634622151,-89.039145743332
71022,TEX BEST #530,"I-10, EXIT 628 & SR-80",Luling,TX,595,3.009,29.674059999955,-97.648654579021
71023,LOVES TRAVEL STOP #853,SR-302 & CR-313,Kermit,TX,710,3.25066666,31.85244501189,-103.068223019628
71024,LOVES TRAVEL STOP #804,US-34/US-67,Monmouth,IL,270,3.349,40.916934549304,-90.663280575845
71025,KWIK TRIP #644,SR-57 & SR-32,New Holstein,WI,582,3.39066666,43.945001007032,-88.075424967369
71027,Kwik Star #1068,I-35,Story City,IA,320,2.959,42.185863,-93.5910591
71029,CASEYS #6445,I-355 EXIT 27 & SR-64,Lombard,IL,293,3.349,41.904639667518,-88.01641688959
71030,QUIKTRIP #1469,"I-10, EXIT 248 & SR-77",Marana,AZ,980,3.06233333,32.341010455545,-111.070508266762
71032,MAVERIK COUNTRY STORE #416,US-50 & US-95,Fallon,NV,966,3.52566666,39.474881500693,-118.777128969681
71033,MAVERIK COUNTRY STORE #560,I-580 & US-50,Carson City,NV,966,3.589,39.120861007423,-119.771819980709
71034,MAVERIK COUNTRY STORE #635,I-15 EXIT 57,Cedar City,UT,791,3.44233333,37.656998753877,-113.081723584165
71036,GOLDEN GATE PETRO,US-550,Montrose,CO,810,3.43566666,38.350541779347,-107.795005513491
71037,SUNOCO,US-220 EXIT 111,Lock Haven,PA,138,3.599,41.126129584458,-77.440669452733
71039,TURNPIKE MARKET EXPRESS,SR-5,Newton Falls,OH,573,3.259,41.21273,-80.956239
71042,SINCLAIR,I-580/US-395 EXIT 6,Carson City,NV,966,3.599,39.18723840324,-119.750305116824
71046,SPEEDWAY #9336,US-27/SR-126,Cincinnati,OH,300,3.699,39.224162129272,-84.317865429476
71047,LOVES TRAVEL STOP #722,"I-17, EXIT 262 & SR-69",Mayer,AZ,930,3.68066666,34.319359253123,-112.123126326851
71050,GILL MART CORNER STORE,US-131 & SR-216,Three Rivers,MI,465,3.699,42.027493008425,-85.635606006549
71051,SHEETZ #683,I-83 EXIT 28,York,PA,70,3.259,40.080977016223,-76.76408624093
71053,ROAD RANGER #279,"I-57, EXIT 45 & SR-148",Marion,IL,275,3.379,37.622285516757,-88.989332452877
71055,LOVES TRAVEL STOP #793,"I-840, EXIT 67 & COUCHVILLE PIKE",Mount Juliet,TN,460,3.25233333,36.069118020157,-86.431688995302
71056,SPEEDWAY #1044,US-72 & SR-20,Decatur,AL,615,3.42566666,34.618366986801,-87.0706090364
71057,LOVES TRAVEL STOP #795,US-97/US-26 & HALL RD,Madras,OR,935,3.689,44.612080680491,-121.136580398836
71058,KWIK TRIP #1090,SR-19 & SR-21,New Prague,MN,448,3.349,44.54360899727,-93.586132020497
71059,CIRCLE K #2706781,US-17 & SR-200,Yulee,FL,75,3.34233333,30.632196483497,-81.601472870261
71060,CIRCLE K #2701537,"I-77, EXIT 100 & SR-89",Mount Airy,NC,65,2.859,36.484747010509,-80.748763000941
71061,CIRCLE K #2702344,US-78 & SR-39,Williston,SC,135,3.799,33.401163603832,-81.421248708582
71062,MAVERIK COUNTRY STORE #637,"I-70, EXIT 56 & US-89",SALINA,UT,835,3.44233333,39.071148904511,-111.820786540502
71063,MAVERIK COUNTRY STORE #639,"I-40, EXIT 153",Albuquerque,NM,580,3.19733333,35.088062279667,-106.742552220056
71064,LOVES TRAVEL STOP #798,I-57 EXIT 212,Tuscola,IL,280,3.489,39.7887752957,-88.26587323933
71065,MAVERIK COUNTRY STORE #429,US-40 & SR-121,Roosevelt,UT,835,3.439,40.302178752063,-109.991336353719
71066,Circle K #2745067,"I-75, EXIT 155",Macon,GA,85,3.089,32.741314560968,-83.719995272952
71067,7-ELEVEN #41219,I-385 EXIT 9,Laurens,SC,30,3.099,34.552609819778,-82.000646357573
71071,KWIK TRIP #1074,SR-35,Somerset,WI,448,3.524,45.126277,-92.669106
71072,LOVES TRAVEL STOP #801,I-75 EXIT 102,Cordele,GA,10,3.309,31.979601472399,-83.754917766605
71073,LOVES TRAVEL STOP #803,I-57 EXIT 54B,Marion,IL,540,3.749,37.740213550972,-88.958025457784
71074,Speedway #7764,SR-72 & SR-25,Dundee,IL,293,3.279,42.093585991344,-88.257989021138
71075,TEXAS TRAVEL CENTER,"I-35, EXIT 277",Jarrell,TX,595,2.83233333,30.866089,-97.586359
71076,Kwik Star #589,US-151,Marion,IA,380,3.524,41.986153000959,-91.549902871042
71077,COMMUNITY CO OPS LAKE PARK,US-10,Lake Park,MN,341,3.509,46.876548,-96.099767
71079,DK,SR-375,El Paso,TX,640,2.699,31.898691281582,-106.430346068032
71080,BIG INDIAN SMOKE SHOP,I-90 & US-20,Irving,NY,38,3.029,42.573469,-79.085246
71083,SPRINT FOOD #701,US-78,Augusta,GA,195,3.22566666,33.440948,-81.996143
71084,FIESTA MART #42,US-75,Tulsa,OK,560,3.16566666,36.2504883,-95.928894
71085,Sunoco,SR-49,Greenville,OH,317,3.599,40.072657145981,-84.632400972607
71086,THORNTONS #318,SR-59 & SR-38,West Chicago,IL,290,3.699,41.862144503678,-88.194846635775
71087,HALF SUN TRAVEL PLAZA,"I-90, EXIT 176",Moses Lake,WA,920,3.569,47.09915,-119.318518
71088,KARDES,US-151,Monticello,IA,335,3.399,42.209319,-91.193593
71090,CEFCO #2076,US-60 & SR-207,Panhandle,TX,585,2.94566666,35.337541990605,-101.381775970283
71091,BREAK TIME #3163,US-63 & CR-M,Moberly,MO,310,3.46233333,39.394334,-92.411174
71094,BP,US-63 & SR-137,Eddyville,IA,320,3.379,41.150944000646,-92.624252975278
71095,HOBO PANTRY #29,US-84/SR-12 & SR-95,Gordon,AL,20,3.659,31.128717000191,-85.075607032085
71096,GAS N WASH,US-30 & SR-394,Chicago Heights,IL,365,3.499,41.506210002818,-87.577500020888
71097,THORNTONS #329,"I-55, EXIT 267 & SR-53",Romeoville,IL,290,3.359,41.63662726755,-88.080258955742
71098,DANDY MINI MART #74,US-6 & SR-187,Wysox,PA,32,3.999,41.774114110402,-76.399490840919
71099,THORNTONS #336,"I-57, EXIT 335 & SR-50",Monee,IL,365,3.409,41.429700810572,-87.759627986279
71101,FOOD N FUEL,"I-55, EXIT 244 & SR-53",Elwood,IL,365,3.599,41.443738,-88.145362
71102,365 Food and Fuel,"I-35W/US-287, EXIT 54A & SR-183",Fort Worth,TX,637,2.97566666,32.795170009194,-97.348982091147
71103,FAT DOGS NORTH PLATTE SOUTH,"I-80, EXIT 177 & US-83",North Platte,NE,475,3.074,41.134299346838,-100.763660482037
71104,SPINX #364,"I-26, EXIT 194",Summerville,SC,475,3.399,33.083851703005,-80.211171933401
71105,SHEPHERD 700,US-64 & CR-450,Alva,OK,337,3.219,36.798096,-98.637558
71106,SECURITY OIL,"I-135, EXIT 10B & SR-96",Wichita,KS,570,3.299,37.739705398092,-97.318769273031
71107,SPARKYS ONE STOP,"US-20, EXIT 96 & SR-4",Rockwell City,IA,343,3.21566666,42.39234276068,-94.649652973816
71108,Stuckeyâ€™s Travel Center West,"I-10, EXIT 819 & FM-1663",Anahuac,TX,610,2.80733333,29.858724325791,-94.617735848848
71109,KWIK TRIP #1067,"SR-13, BETWEEN FAIRWAY & TRINITY DR",Phillips,WI,295,3.31566666,45.706228152326,-90.416075031631
71110,KWIK TRIP #1121,"I-94 & SR-26, EXIT 267",Watertown,WI,420,3.289,43.086733013898,-88.761472007614
71111,MAPCO #5167,"I-59, EXIT 21B & SR-35",Fort Payne,AL,285,3.479,34.396019521543,-85.628755347822
71112,BERKSHIRE ENERGY,"I-91, EXIT 8 & SR-80",New Haven,CT,100,3.549,41.325665827171,-72.821892839499
71113,PLATEU TRAVEL PLAZA,"I-95, EXIT 39A & US-1",Madras,OR,935,3.359,44.664172,-121.138276
71114,SHEETZ #672,"I-95, EXIT 11B & SR-606",Woodford,VA,180,2.899,38.132815,-77.508883
71115,FASTBREAK #6,US-50/US-151 & US-41,Vincennes,IN,510,4.039,38.695235507887,-87.493753408777
71116,CEFCO #101,US-59 & SR-49,Jefferson,TX,766,2.899,32.761529179661,-94.354593303982
71117,AM-PM TRUCK STOP,"I-520/SR-415, EXIT 9 & SR-56",Augusta,GA,135,3.359,33.403131270026,-82.005703967897
71118,THORNTONS #0331,"I-35/US-51, EXIT 3 & CR-9",Roscoe,IL,520,3.419,42.456148194164,-89.039549683525
71119,PARKER'S #69 (DISCOUNT AVAILABLE),"I-95/SR-405, EXIT 102 & US-80",Pooler,GA,195,3.12233333,32.11549551809,-81.238769871121
71120,GAS PRO TRAVEL CENTER,US-25 & SR-56,Waynesboro,GA,135,3.799,33.101996,-81.996749
71121,HAT CREEK TRAVEL,"I-10/US-70, EXIT 82A & US-180",Deming,NM,640,2.919,32.270045,-107.754334
71123,XPRESS FUEL DBA ONE9 #1264,"I-10, EXIT 203",Eloy,AZ,930,3.139,32.779905,-111.618557
71124,LOVES TRAVEL STOP #761,"I-10, EXIT 343 & US-301",Jacksonville,FL,75,3.849,30.302857621756,-81.979289238456
71126,QUIKTRIP #1177,I-77 & US-21,Blythewood,SC,46,3.07566666,34.171255987217,-80.971701005926
71127,QUIKTRIP #4044,"I-10, EXIT 609",Seguin,TX,740,2.94566666,29.591763478479,-97.981821730742
71129,Queens Market,"I-85, EXIT 41 & SR-2480",Charlotte,NC,46,3.499,35.224171385739,-80.652467087215
71131,7-ELEVEN #38816,"I-85, EXIT 66 & US-29",Spartanburg,SC,210,3.30566666,35.117151861463,-82.156778539124
71132,CEFCO #104,US-259 & SR-315,Mount Enterprise,TX,618,2.959,31.925234716351,-94.683059367669
71133,AMIGOS TRAVEL CENTER,"I-35, EXIT 85 & FM-117",Dilley,TX,740,3.399,28.66938623125,-99.170116760036
71134,ALLSUPS CONVENIENCE STORE #2376,US-54/US-285 & US-60,Vaughn,NM,580,3.499,34.593186995291,-105.188859023707
71136,CIRCLE K #2706788,"I-795, EXIT 22 & US-70, EXIT 356",Goldsboro,NC,205,3.39233333,35.425215455949,-77.977963483548
71138,LUMMI BAY MARKET,"I-5, EXIT 260",Bellingham,WA,850,3.759,48.732829,-122.669122
71139,GAS N WASH,SR-47 & CR-9,Yorkville,IL,290,3.599,41.705322992851,-88.446361985265
71140,BP,"I-94, EXIT 267 & SR-26, EXIT 30",Jefferson,WI,420,3.209,43.031665438635,-88.808267612574
71141,CASEYS #3901,"I-55, EXIT 178 & CR-23",Lexington,IL,368,3.359,40.648975351662,-88.807519836727
71142,LOVES TRAVEL STOP #775,US-20 & SR-2,Rockford,IL,520,3.269,42.219513986362,-89.108951598922
71143,CASEYS #3904,SR-141,Manning,IA,319,3.209,41.906233043197,-95.013002881667
71144,CASEYS #3675,US-12 & US-75,Ortonville,MN,250,3.379,45.297899984428,-96.430291978843
71145,CASEYS #3905,I-74/US-421 EXIT 113,Shelbyville,IN,372,3.599,39.551662429868,-85.777908356492
71146,CASEYS #2968,US-34,Eagle,NE,413,3.239,40.812895014329,-96.438725011628
71147,CASEYS #3910,US-177 & SR-33,Perkins,OK,560,3.01566666,35.985554276109,-97.03191250558
71148,CASEYS #1892,US-65,Sheffield,IA,433,3.15233333,42.863338255009,-93.202128985489
71149,KOUNTRY KORNER,SR-20,Mount Pleasant,MI,260,3.619,43.611908275029,-84.645423348487
71150,LOVES TRAVEL STOP #812,"I-84, EXIT 141",Bliss,ID,785,3.78566666,42.921702642717,-114.930808320524
71151,LOVES TRAVEL STOP #880,US-50 & SR-130,Olney,IL,510,3.289,38.730802733857,-88.09418603351
71152,LOVES TRAVEL STOPS #841,"US-24, EXIT 41",Napoleon,OH,550,3.689,41.41314790959,-84.110528470789
71153,KWIK TRIP #1083,SR-35,Osceola,WI,451,3.499,45.313828,-92.703838
71154,KWIK TRIP #489,CR-3,DUNDAS,MN,448,3.499,44.427273,-93.198557
71155,KWIK TRIP #1124,"SR-16, EXIT 184",Sussex,WI,444,3.37733333,43.103337543725,-88.308929183142
71158,CIRCLE K #2707533,"SR-570, EXIT 3 & SR-572",Lakeland,FL,225,3.53233333,28.009129185705,-82.019801147382
71160,CIRCLE K #4706316,"I-96, EXIT 46  & SR-6, EXIT 15",Caledonia,MI,371,3.639,42.852530997974,-85.53401255807
71161,CIRCLE K #2720931,"I-95, EXIT 107 & US-301",Kenly,NC,205,3.149,35.596412771783,-78.12427737361
71162,CIRCLE K #4705694,US-20 & CR-245,Norwalk,OH,305,3.614,41.236642297002,-82.69030380188
71163,DANDY MINI MART #68,"I-86/SR-17, EXIT 51A & CR-64",Elmira,NY,32,3.899,42.134836429234,-76.927306431867
71164,DANDY MINI MART #59,SR-287,Middlebury Center,PA,138,3.999,41.833346,-77.283462
71165,PALMETTO EXPRESS #115,"I-26, EXIT 125 & US-176",Gaston,SC,135,3.199,33.809467741379,-81.005754041709
71166,MAVERIK COUNTRY STORE #616,US-50,Montrose,CO,810,3.39566666,38.234657374039,-107.94958525564
71167,LOVES TRAVEL STOP #768,"I-55, EXIT 247",Channahon,IL,290,3.549,41.436487491432,-88.195467182207
71168,LOVES TRAVEL STOP #797,"I-80, EXIT 176",Winnemucca,NV,966,3.744,40.958292207294,-117.750566986506
71169,LOVES TRAVEL STOP #879,"I-69 EXIT,286 & US-24 & SR-9",Huntington,IN,370,3.50066666,40.829035533155,-85.534804031287
71170,LOVES TRAVEL STOP #849,"I-94, EXIT 292 & CR-21",Valley City,ND,390,3.969,46.934965957427,-98.000392421168
71171,TEXSTAR TRAVEL CENTER,I-35 EXIT 302,Temple,TX,765,2.91233333,31.114861,-97.356025
71172,ZIPPY JS #18,CR-577 & CR-80,Brenham,TX,670,3.199,30.16961560795,-96.333910095998
71173,ENMARKET #828,"I-95/SR-405, EXIT 102 & US-80",Pooler,GA,195,3.08233333,32.11549551809,-81.238769871121
71176,QUIKTRIP #1710,US-23/SR-365,Gainesville,GA,16,3.34566666,34.349893022281,-83.75879744128
71177,COMO TRAVEL CENTER,"I-55, EXIT 257 & SR-310",Como,MS,435,3.079,34.510248654103,-89.936041808481
71179,7-ELEVEN #41332,"I-26, EXIT 76 & SR-219",Newberry,SC,210,3.33233333,34.291780793365,-81.543436697589
71181,7-ELEVEN #38637,"I-85, EXIT 72 & I-585/US-176",Spartanburg,SC,210,3.11566666,34.995727793335,-81.993778921178
71185,SHEETZ #698,"I-78/US-22, EXIT 45 & SR-863",Kutztown,PA,90,3.329,40.54520610774,-75.672018276572
71186,7-ELEVEN #36837,US-29 & SR-904,Anderson,SC,30,3.089,34.521392013189,-82.59433201635
71187,KWIK TRIP #1041,SR-11 & CR-H,Sturtevant,WI,444,3.794,42.69812149587,-87.91468026485
71188,QUIKTRIP #1722,"I-75, EXIT 153",Macon,GA,85,3.089,32.713317314591,-83.729994714909
71189,QUIKTRIP #1198,"I-20, EXIT 55",Lexington,SC,135,3.129,33.956161003194,-81.236226711462
71190,LOVES TRAVEL STOP #888,"I-80/US-30, EXIT 85 & SR-374",Green River,WY,835,3.707,41.528683519838,-109.466505477362
71191,MAVERIK COUNTRY STORE #631,I-80/5600 WEST,Salt Lake City,UT,835,3.459,40.771968,-111.93868
71193,ASAP GENERAL STORE #308,US-60 & SR-123,Bartlesville,OK,560,3.191,36.75207218004,-96.000513665378
71194,ASAP GENERAL STORE #104,"I-40, EXIT 84 & US-54",Weatherford,OK,483,3.13233333,35.539764,-98.659643
71195,ASAP GENERAL STORE #301,"I-40, EXIT 108 & US-281/SR-8",Geary,OK,483,3.13233333,35.633073211538,-98.317420259866
71196,ASAP GENERAL STORE #302,SR-33 & SR 54,Thomas,OK,483,3.13233333,35.751452606987,-98.721023368985
71197,ASAP GENERAL STORE #304,US-60/SR-51 & US-283,Arnett,OK,483,3.23233333,36.136160882253,-99.757068175709
71198,LOVES TRAVEL STOP #844,"I-90, EXIT 233 & SR-74",Saint Charles,MN,515,3.569,43.953174997099,-92.065703986243
71199,LOVES TRAVEL STOP #814,"I-22, EXIT 14 & CR-35",Hamilton,AL,576,3.55566666,34.099475843869,-87.988849640779
71200,LOVES TRAVEL STOP #730,"I-80, EXIT 440 & SR-50",Omaha,NE,319,3.28066666,41.165593524116,-96.133781569118
71201,PRIDE TRAVEL CENTER,I-91 EXIT 33,Hartford,CT,100,3.509,41.784798602859,-72.659199571838
71202,QUIKTRIP #1181,"I-26, EXIT 154B & US-301",Orangeburg,SC,42,3.23566666,33.45787610554,-80.730931088669
71206,JACKSONS FOOD STORES #138,US-95/SR-339 & SR-208,Yerington,NV,966,3.679,38.831688197717,-119.190685115378
71207,GAS N WASH,"I-80, EXIT 148B & SR-43",Tinley Park,IL,365,3.599,41.550847995817,-87.792438002207
71208,RACEWAY #6789,US-301 & SR-150,Richmond                                ,VA,180,3.429,37.443751901129,-77.440300591961
71209,RACETRAC #2529,"I-75, EXIT 285 & SR-52",San Antonio,FL,225,3.31566666,28.330669409407,-82.324441163439
71210,RACETRAC #2515,I-820 & BUS-287,Fort Worth,TX,630,2.87733333,32.836488994228,-97.362963025162
71211,KUM & GO #0138,US-67,Jacksonville,AR,695,3.099,34.8761716224,-92.117344545735
71212,KUM & GO #0426,BUS-71,Springdale,AR,735,3.149,36.185104,-94.138521
71213,KUM & GO #0429,US-62,Rogers,AR,735,3.009,36.434187412064,-94.042355236022
71214,MAVERIK #5317,"I-76, EXIT 22",Brighton,CO,800,3.234,39.970088255087,-104.753451859179
71215,MAVERIK #5319,SR-392 & SR-257,Windsor,CO,800,3.159,40.479957019202,-104.907678023403
71216,Maverik Country Store #5337,"I-35, EXIT 102 & SR-210",Huxley,IA,320,3.09233333,41.877795319016,-93.57349973804
71217,KUM & GO #0185,US-65,Bondurant,IA,320,3.095,41.674157,-93.480566
71218,KUM & GO #1435,US-65,Fair Grove,MO,535,3.15566666,37.385481,-93.15729
71219,KUM & GO #1568,"I-44, EXIT 156",Waynesville,MO,535,3.099,37.803153918229,-92.223415849889
71221,LOVES TRAVEL STOP #786,I-435 EXIT 55,Kansas City,MO,400,3.389,39.160811777851,-94.497018026883
71223,SCOOBA JUNCTION,US-45 & SR-16,Scooba                                  ,MS,705,3.21566666,32.830884979493,-88.462449036754
71227,TEX BEST #529,SR-16 & SR-1604,Von Ormy,TX,740,3.049,29.233402981997,-98.58374003255
71228,SHELL,"I-80, EXIT 279 & SR-10",Gibbon                                  ,NE,330,3.299,40.688564903423,-98.951265364397
71229,THE PRIDE OF PALATINE,"I-90, EXIT 65 & SR-62",Palatine,IL,290,3.399,42.095941651509,-88.136494777733
71230,THE PRIDE OF LAKE COUNTY,US-12 & SR-53,Lake Zurich,IL,290,3.349,42.16659,-88.061987
71232,GATEWAY TRAVEL CENTER,US-16 & US-85,Newcastle,WY,822,3.324,43.848849890683,-104.184372333896
71233,Fuel America Travel Center #2,"I-35, EXIT 32",Encinal,TX,693,3.049,27.957073422563,-99.380253689108
71234,CHEVRON #352305,I-610 & SR-47,Chalmette,LA,725,3.139,29.959414584543,-89.955350827267
71239,CASEYS #3926,"I-29, EXIT 84 & SR-118",Mound City,MO,400,3.15733333,40.132418000201,-95.238645018655
71240,LOVES TRAVEL STOP #764,I-24 EXIT 117 ,Hillsboro,TN,285,3.32566666,35.415242756177,-86.013789265094
71241,WEIGLES #58,"I-40, Exit 356A & SR-58",Kingston                                ,TN,405,3.169,35.868976859573,-84.519291785082
71242,LAST STOP TRAVEL CENTER,US-93,Willow Beach,AZ,910,3.49566666,35.715627,-114.484077
71244,MAVERIK COUNTRY STORE #644,"I-84/I-15, EXIT 344 & SR-39",Ogden,UT,835,3.37233333,41.248771768453,-111.885484941812
71245,MAVERIK COUNTRY STORE #651,"I-15, EXIT 67 & US-30",Pocatello,ID,825,3.40233333,42.843490530005,-112.412517081489
71246,TOOT N TOTUM #99,I-40 EXIT 75,Amarillo,TX,585,3.04566666,35.193054587658,-101.72908245376
71247,LOVES TRAVEL STOP #848,"I-59, Exit 104",Sandersville,MS,705,3.16233333,31.78362709386,-89.054899559747
71248,RACETRAC #2560,"I-4, EXIT-55",Davenport,FL,140,3.289,28.232024092335,-81.649950696924
71249,RACETRAC #2589,"I-20, EXIT 185",Oxford,AL,587,2.999,33.604946841004,-85.834904352137
71250,NAVAJO BLUE TRAVEL CENTER,I-40 EXIT 219,Flagstaff,AZ,930,3.609,35.166405,-111.269822
71251,RUTTERS #91,US-30 & SR-772,Gap,PA,208,4.199,39.993341816586,-76.029101077481
71252,QUIKTRIP #1178,"I-26, EXIT 54 & SR-72",Clinton,SC,210,3.099,34.480420152422,-81.880637312081
71253,QUIKTRIP #4066,"I-35, EXIT 122 & SR-173",Devine,TX,740,2.96566666,29.139716872908,-98.904912464117
71255,Fuel N Treat,"I-70/US-40, EXIT 84 & CR-J",Nelson                                  ,MO,401,3.284,38.953656606891,-93.087813403667
71256,SIGNAL FOOD STORE #120,US-60,Seymour                                 ,MO,535,3.02566666,37.150384,-92.752672
71257,FARMERS UNION SOUTHERN VALLEY,US-75 & SR-210,Wahpeton                                ,ND,341,3.499,46.293225002612,-96.591290988303
71259,LOVES TRAVEL STOP #846,I-10 EXIT 10,Irvington,AL,715,3.16566666,30.534063908998,-88.245765351872
71260,LOVES TRAVEL STOP #881,US HWY 224 & OH 225,Diamond,OH,573,3.45233333,41.024735002324,-81.098693041643
71261,Una Travel Center,I-94 EXIT 228,Roseville,MI,325,3.899,42.48039,-82.934469
71262,LOVES TRAVEL STOP #892,"I-70, EXIT 118 & SR-310",Etna,OH,315,3.46066666,39.950121706328,-82.682663864774
71263,Loves Travel Stop # 660,"I-25, Exit 49",Walsenburg,CO,796,4.249,37.619388013312,-104.760982431267
71264,MAVERIK COUNTRY STORE #649,I-25/US-85 EXIT 220 & SR-500,Albuquerque,NM,580,3.20566666,35.026345269301,-106.653690732389
71265,U SAVE FOOD STORES 1,SR-39/SR-55,Richwood,WV,44,3.599,38.224532887444,-80.535444487136
71266,LOVES TRAVEL STOP #787,"I-81, EXIT 30 & SR-70 ",Mosheim,TN,405,3.55566666,36.173123654559,-82.850219064829
71267,LOVES TRAVEL STOP #878,"US-131/SR-43, EXIT 44",Kalamazoo,MI,431,3.689,42.294598855695,-85.582194160046
71268,MAVERIK COUNTRY STORE #650,SR 85 & W 900 S,West Jordan,UT,835,3.43233333,41.799908,-111.832766
71269,Maverik Country Store #652,I-84 & SR 79,Jerome,ID,787,3.394,42.825620343208,-114.502383089561
71270,QUIKTRIP #7904,I-20 EXIT 285 ,Abilene,TX,575,2.87566666,32.489071725288,-99.753122292715
71271,MAVERIK COUNTRY STORE #672,SR-69,Dewey                                   ,AZ,930,3.219,34.554694697168,-112.256193011393
71275,ALLSUPS CONVENIENCE STORE #2272,US-67/US-84,Bangs,TX,575,2.93233333,31.717394,-99.127167
71276,Circle K #2706617,I-4 EXIT 28,Lakeland,FL,225,3.25066666,28.049050079681,-82.01877463703
71277,CIRCLE K #2706619,I-75 EXIT 354,Ocala,FL,140,3.45733333,29.209351466812,-82.185010358491
71278,Kwik Trip #1506,SR-26,Fort Atkinson,WI,420,3.57733333,42.904246,-88.855437
71281,Pride Travel Center dba One9 #1213,"I-40, Exit 25",Yucca,AZ,910,3.559,34.86386,-114.143719
71282,QuikTrip #4128,SR-71,Bastrop,TX,595,2.96566666,30.103947,-97.306878
71283,QUIKTRIP #7135,US-17 ,Hardeeville,SC,195,2.999,32.270309,-81.079178
71284,Loves Travel Stop #889,"I-22, Exit 30",Holly Springs,MS,435,3.31566666,34.746884618711,-89.452233212574
71285,Shrees Truck Stop Seattle,SR-509,Seattle,WA,962,3.799,47.532221,-122.335898
71286,RACETRAC #2323,I-75 EXIT 128,Fort Myers,FL,225,3.299,26.523470807876,-81.794975538661
71287,RACETRAC #482,I-310 EXIT 2A,Saint Rose                              ,LA,725,3.12566666,29.971844,-90.307286
71288,SHEETZ #700,"I-270, EXIT 49 & SR-317",Groveport,OH,315,3.059,39.868620896663,-82.894091562967
71289,7-ELEVEN #38835,I-75 EXIT 139,Fort Myers,FL,225,3.599,26.659154263013,-81.800008040834
71290,LOVES TRAVEL STOP #808,"US-19/SR-3, EXIT 3 & US-82",Albany,GA,10,3.789,31.580511,-84.106607
71291,HUCKS FOOD & FUEL #351,"I-57, Exit 116",Salem                                   ,IL,574,3.099,38.626935685778,-88.971598491218
71295,MOUNTAINEER MART #33,US-33/119,Buckhannon,WV,44,3.899,39.006007,-80.271228
71298,QUIKTRIP #1923,"I-45, EXIT 229",Corsicana,TX,641,2.849,32.066947645382,-96.450937864114
71299,QUIKTRIP #7903,"I-35, EXIT 331",Waco,TX,765,2.95566666,31.495404894975,-97.14938929531
71300,SPEEDWAY #1407,"I-94, EXIT 145",Jackson,MI,385,3.549,42.280537105426,-84.306904656029
71301,Atlanta IL Visitors Center,I-55 EXIT 140,Atlanta,IL,280,3.399,33.75928,-84.39358
71302,KWIK STAR #1107,I-380 EXIT 18 ,Cedar Rapids,IA,380,3.574,41.9596832557,-91.671110894192
71303,KWIK TRIP #1132,SR-21 ,Omro,WI,582,3.37733333,44.039087,-88.74134
71305,AMIGO'S COUNTRY STORE,"I-35, EXIT 122 & SR-173",Devine,TX,740,3.099,29.139716872908,-98.904912464117
71307,Speedway #1221,"I-24/69, EXIT 27 & US-62",Calvert City,KY,415,3.449,37.003109006678,-88.32687703349
71308,QUIKTRIP #7145,"I-40, EXIT 239A",Lebanon,TN,460,2.91566666,36.18768434561,-86.270759664872
71309,SUGAR CROSSING CONVENIENCE,US-33 & CR-63,Lancaster,OH,315,3.38233333,39.657083498154,-82.559783990756
71310,CIRCLE K #2722120,US-441/27,Summerfield,FL,140,3.52566666,29.006839,-82.006263
71311,CIRCLE K #708,"I-85, EXIT 64 & US-29",Opelika,AL,50,3.26566666,32.673340990522,-85.332467018316
71313,LOVES TRAVEL STOP  #821,"US-70, Exit W Main St",Durant,OK,253,3.489,33.996370325116,-96.398434558008
71314,Loves Travel Stop  #806,I-20 Exit 124,Monroe,LA,760,3.16733333,32.489570258062,-91.988450221152
71315,KWIK TRIP #1062,SR-33 ,West Bend                               ,WI,444,3.55566666,43.426477,-88.198677
71316,KWIK TRIP #1084,SR-97,Marshfield,WI,395,3.47566666,44.6276855,-90.1387939
71318,LOVES TRAVEL STOP  #800,SR-83 ,Elk Grove Village,IL,290,3.589,42.009651489915,-87.959500316717
71319,LOVES TRAVEL STOP #868,"I-95, EXIT 223 ",Mims,FL,143,3.689,28.663014180376,-80.868090227714
71320,TA EXPRESS EDGERTON #284,I-35 EXIT 205 ,Edgerton,KS,400,3.699,38.764033,-94.962451
71321,Kwik Star #1119,US-18 ,Emmetsburg                              ,IA,433,3.449,43.113312813532,-94.698006463151
71322,KWIK TRIP #1101,US-141,Crivitz,WI,582,3.304,45.222647,-87.996284
71323,MAVERIK COUNTRY STORE #517,SR-114 & E MILL RD,Orem,UT,835,3.44066666,40.297152698178,-111.734064087148
71324,7-ELEVEN #38992,"I-85/US-29, EXIT 40 & I-185, EXIT 12",Piedmont,SC,30,3.499,34.776815469378,-82.461548284868
71325,QUIKTRIP #7223,"I-20, EXIT 23 & SR-782-2",Bossier City,LA,745,2.89233333,32.529587569984,-93.671609809002
71326,CIRCLE K #4705730,"I-480 & SR-82, EXIT 36",Twinsburg,OH,249,3.989,41.311331717908,-81.450758539816
71327,MAVERIK COUNTRY STORE #668,"I-80, EXIT 313",Laramie,WY,795,3.24566666,42.712649,-110.934071
71328,IRVING,US-1  ,Norwood,MA,170,3.694,42.202825097577,-71.21067041443
71329,SPEEDWAY #1439,I-20 Exit 100,Mc Calla,AL,615,2.90233333,33.281869005077,-87.092849494467
71330,JORDAN MINI MART,SR- 31 & CR-59,Jordan,NY,220,3.859,43.081801982169,-76.475960033236
71331,KWIK TRIP #1106,SR-13 & SR-64,Medford,WI,395,3.42233333,45.141948305602,-90.333434580981
71332,ALLSUPS CONVENIENCE STORE #2308,SR-128 & SR-18,Jal,NM,710,3.129,32.120002988782,-103.189373958478
71333,ALLSUPS CONVENIENCE STORE #2105,"I-20, EXIT 332 & US-183",Cisco,TX,575,2.929,32.507926818015,-98.884785982998
71334,ALLSUPS CONVENIENCE STORE #2278,SR-302 & SR-18,Kermit,TX,710,3.089,31.84739898045,-103.086566982365
71335,ALLSUPS CONVENIENCE STORE #2367,"I-27/US-87, EXIT 49B & US-70",Plainview,TX,585,2.909,34.188220162752,-102.082616168006
71336,ALLSUPS CONVENIENCE STORE #2180,US-84 & US-180,Snyder,TX,612,2.98566666,32.704668102183,-100.868284237044
71337,ALLSUPS CONVENIENCE STORE #2229,US-377 & SR-108,Stephenville,TX,630,3.159,32.222643348618,-98.203433846365
71338,KWIK TRIP #755,US-18 ,Fennimore                               ,WI,335,3.424,42.984843,-90.655113
71339,CASEYS #3934,"I-35, EXIT 89 & CO-R6F",Ankeny,IA,320,3.099,41.680319842584,-93.618798483315
71340,KWIK TRIP #180,US-14/SR-68,New Ulm,MN,425,3.349,44.312833547527,-94.46038576237
71341,QUIKTRIP #7147,"I-40, EXIT 172 & SR-46",Dickson,TN,460,2.91566666,36.087756848084,-87.401904434024
71342,CASEYS #3505,US-212 ,Stewart                                 ,MN,425,3.369,44.72267279294,-94.452752469334
71343,ALLSUPS CONVENIENCE STORE #2014,US-377/US-67,Dublin,TX,630,3.159,31.978689004657,-98.440063986201
71344,ALLSUPS CONVENIENCE STORE #2061,US-84 & US-380,Post,TX,700,2.944,33.190613088586,-101.378181048851
71345,ALLSUPS CONVENIENCE STORE #2084,US-377 & CR-234,Brownwood,TX,575,2.949,31.691865,-98.996514
71346,ALLSUPS CONVENIENCE STORE #2094,US-277 & US-83,Abilene,TX,575,2.889,32.426972883952,-99.785808967327
71347,ALLSUPS CONVENIENCE STORE #2128,"I-20, EXIT 301 & CR-276",Clyde,TX,575,2.889,32.410941,-99.489268
71348,ALLSUPS CONVENIENCE STORE #2142,US-62/US-180,Hobbs,NM,593,3.38233333,32.711264,-103.146848
71349,ALLSUPS CONVENIENCE STORE #2204,SR-115 & CR-201,Wink,TX,710,3.089,31.769616008629,-103.148905962309
71350,ALLSUPS CONVENIENCE STORE #2206,US-385 & SR-176,Andrews,TX,710,3.39233333,32.319579389154,-102.543284221832
71351,ALLSUPS CONVENIENCE STORE #2207,US-377/US-67 & SR-36,Comanche,TX,575,3.159,31.934577981911,-98.515363903025
71352,ALLSUPS CONVENIENCE STORE #2223,US-285 & SR-357,Artesia,NM,700,3.399,32.857100765006,-104.4013859406
71353,ALLSUPS CONVENIENCE STORE #2246,US-84 & SR-268,Melrose,NM,585,3.81233333,34.424591592711,-103.633941637182
71354,ALLSUPS CONVENIENCE STORE #2247,US-377 & SR-16,Comanche,TX,575,3.16233333,31.900184187063,-98.603960953723
71355,ALLSUPS CONVENIENCE STORE #2249,US-377 & US-281 ,Stephenville,TX,630,3.159,32.216002518412,-98.187578012323
71356,ALLSUPS CONVENIENCE STORE #2266,I-20 & US-285 ,Pecos,TX,710,3.379,31.401393805352,-103.482887420563
71357,ALLSUPS CONVENIENCE STORE #2279,SR-115 & SR-18,Kermit,TX,710,3.089,31.856943998419,-103.096331983384
71358,ALLSUPS CONVENIENCE STORE #2285,US-285 & US-62,Carlsbad,NM,593,3.194,32.417995404647,-104.228991216155
71359,ALLSUPS CONVENIENCE STORE #2350,"I-20, EXIT 285 & US-83",Abilene,TX,575,2.87566666,32.420771,-99.760293
71360,ALLSUPS CONVENIENCE STORE #2353,US-76/US-277,San Angelo,TX,612,3.19566666,31.560275,-100.546683
71361,ALLSUPS CONVENIENCE STORE #2358,US-277/US-87,Wall,TX,612,3.20566666,31.372977,-100.282263
71362,ALLSUPS CONVENIENCE STORE #2359,US-377/US-67 & CR-498,Stephenville,TX,630,3.159,32.203144008388,-98.241160585657
71363,ALLSUPS CONVENIENCE STORE #2360,FM-988 & FM-8,Stephenville,TX,630,3.159,32.226114991226,-98.23244902223
71364,QUICK FUEL #3188,I-75 ,Sidney,OH,317,3.33233333,40.280924,-84.188418
71365,COLES BP,SR 49,Brownsville,WI,582,3.099,43.616241604657,-88.498707510207
71366,AMOCO,SR 31,Kenosha,WI,444,3.719,42.569215240785,-87.886845016093
71367,ROAD RANGER #280,"I-20, EXIT 79 & SR-464",Monahans,TX,710,3.459,31.572777368289,-102.907197392406
71368,Kwik Star #1071,I-280 E and US-61 N,Davenport,IA,270,3.324,41.509053102466,-90.6729541303
71369,MR GAS TRAVEL CENTER #21,I-84 EXIT 59A,Boise,ID,785,3.69566666,43.510444,-116.146948
71370,MAVERIK COUNTRY STORE #645,"I-40, Exit 16",Gallup,NM,580,3.159,35.519123,-108.739769
71371,BREAK TIME #3167,US-65 & HWY-HH,Sedalia,MO,310,3.294,38.742012981671,-93.226361038734
71372,Simonson Station,US-71 & SR-34,Park Rapids,MN,458,3.599,46.92214300247,-95.058447008514
71376,7-ELEVEN #41127,SR-29,Labelle,FL,95,3.559,26.761630839064,-81.438362639577
71377,7-ELEVEN #38485,I-76 Exit 25,Brighton,CO,800,3.599,40.000417846025,-104.961497991815
71378,QUIKTRIP #1410,"I-10, EXIT 136B & SR-202, EXIT 78A",Phoenix,AZ,930,3.369,33.293165,-111.996288
71379,QUIKTRIP #7211,"I-30/US-67/US-70, EXIT 128 ",Little Rock,AR,695,3.049,34.665314728834,-92.405039130395
71381,KWIK TRIP #1112,US-63 & SR-77,Hayward,WI,295,3.639,46.018613612288,-91.475807098428
71382,KWIK TRIP #346,US-151 BUS & CR-G/CR-D,Beaver Dam,WI,582,3.19566666,43.441101020873,-88.856917996359
71383,Caseys #3940,I-69 & SR 4,Ashley,IN,465,3.59733333,41.527159019153,-85.055456014842
71384,CASEYS #3944,I-29 & CR-106,Tea,SD,530,3.199,43.460898992354,-96.797641039266
71385,CASEYS #3907,I-675 & SR-235,Fairborn,OH,411,3.679,39.819638221099,-84.008044004181
71386,CASEYS #3952,SR-1 & SR-9,Hoopeston,IL,368,3.239,40.458873179955,-87.687232041586
71387,CASEYS #3954,"I-80, Exit 168",Newton,IA,320,3.249,41.682586503701,-92.994819685831
71388,CASEYS #3850,US HWY 77 ,Wahoo,NE,319,3.174,41.137810109218,-96.630705320795
71389,SPEEDWAY #1590,"I-95, EXIT 193",Dillon,SC,205,3.12566666,34.441183539114,-79.374873305423
71390,SPEEDWAY #7269,I-270 EXIT 6B,Granite City,IL,540,3.459,38.757639772286,-90.062345696883
71391,QUIKTRIP #7210,I-40 EXIT 142,North Little Rock,AR,695,3.049,34.883902403152,-92.377480660005
71392,Loves Travel Stop #834,SR 17 & SR 1,Grant Park,IL,290,3.379,41.241109651196,-87.644575108821
71393,CASEYS #3303,HWY 15 AND HWY 55,Kimball,MN,451,3.199,45.315652017163,-94.29924296881
71394,QUIKTRIP #955,"I-35W, EXIT 26A & US-67",Alvarado,TX,630,2.97566666,32.419624518658,-97.22882487989
71395,KWIK TRIP #340,US-18 & SR-23,Dodgeville,WI,420,3.489,42.972563781297,-90.132874497274
71397,RACEWAY #6971,US-82/SR-520,Leesburg,GA,10,3.109,31.677099981393,-84.296127498958
71398,KWIK STAR #1089,SR 415,Polk City,IA,320,3.159,41.736545741503,-93.669429020217
71399,Loves Travel Stop  #809,"I-70 & MO Hwy D, Exit 31",Bates City,MO,400,3.22066666,39.011395782703,-94.068638875181
71401,KWIK TRIP #1169,"I-694, EXIT 52B & SR-36",Saint Paul,MN,448,3.51566666,45.029577913242,-92.962512473093
71402,FIREBIRD FUEL #6196,US-60 & SR-303,Surprise,AZ,930,3.383,33.680449120552,-112.403559299374
71404,Flyers #3200,"I-17, Exit 215B",Phoenix,AZ,930,3.35233333,33.681195453938,-112.11205805572
71405,FLYERS #3201,"US-60, Exit 157",Phoenix,AZ,930,3.369,33.353862093461,-111.971272785203
71406,FLYERS #3203,"I-10, Exit 139",Phoenix,AZ,930,3.319,33.462892119798,-112.163224943992
71407,FLYERS #3204,SR 202,Phoenix,AZ,930,3.35233333,33.291517288094,-112.09866260582
71408,Flyers #3205,"I-17, Exit 195B",Phoenix,AZ,930,3.38233333,33.428255471879,-112.067472907429
71410,Flyers #3213,"US-60, Exit 181",Mesa,AZ,930,3.35233333,33.386445200521,-111.801053994655
71411,Flyers #3214,"I-10, Exit 161C",Chandler,AZ,930,3.35233333,33.303238894927,-111.972259555194
71412,FLYERS #3215,SR 87,Chandler,AZ,930,3.35233333,33.328675083698,-111.841753577436
71413,Flyers #3216,"US 60, Exit 194",Apache Junction,AZ,930,3.42233333,33.386423063603,-111.586281211333
71416,FLYERS #3225,"I-10, Exit 255",Tucson,AZ,980,3.359,32.256821895122,-110.997715348599
71417,Flyers #3227,"I-10, Exit 263A",Tucson,AZ,980,3.35566666,32.17936703684,-110.948734715487
71418,Quick Fuel #3228,"I-10, Exit 264",Tucson,AZ,980,3.36233333,33.363594,-111.891747
71421,FLYERS #3236,"SR 601, Exit 22",El Paso,TX,640,3.229,31.898614620253,-106.430612364094
71428,KWIK TRIP #1140,SR-69/SR-92 & HWY-CC,Belleville,WI,420,3.604,42.859718915012,-89.535010329645
71429,QUIKTRIP #1432,SR 202 EXIT 76,Phoenix,AZ,930,3.369,33.431607048422,-112.186980988609
71430,QUIKTRIP #7144, US-31W,Goodlettsville,TN,460,2.91566666,36.350711,-86.715864
71433,Kwik Star #1146,US HWY 151,Cedar Rapids,IA,380,3.624,41.932671890563,-91.543377182234
71434,KWIK STAR #1154,"SR 18 & SR 60, Exit 34",Sheldon,IA,433,3.199,43.19052450283,-95.813331497741
71435,QUIKTRIP #1036,I-85 Exit 40,Charlotte,NC,46,3.304,35.276672563943,-80.80915653092
71436,GOOD 2 GO #213,I-90 EXIT 58 & US-16,Buffalo,WY,836,3.525,44.357926288786,-106.658649801583
71437,GOOD 2 GO #121,I-15 EXIT 113,Idaho Falls,ID,825,3.479,43.44063610879,-112.119153039019
71438,LOVES TRAVEL STOP #893,US-80 & SR-307,Savannah,GA,195,3.289,32.092638002752,-81.196753010711
71439,LOVES TRAVEL STOP #802,I-10 EXIT 26,Milton,FL,20,3.339,30.570992580881,-87.030900105383
71440,MAVERIK COUNTRY STORE #667,"I-90, EXIT 289 & SR-27",Spokane,WA,970,3.979,47.654167133244,-117.239742505138
71441,MAVERIK COUNTRY STORE #678,US-191,Vernal,UT,835,3.44233333,41.799908,-111.832766
71442,RACETRAC #2597,"I-65, EXIT 91 & US-31W",Elizabethtown,KY,415,2.919,37.739895565329,-85.889887452944
71443,LOVES TRAVEL STOP #810,US-33 & SR-540,Bellefontaine,OH,411,3.35233333,40.36877798865,-83.730450963476
71444,One9 #1318,"I-44, Exit 88",Strafford,MO,416,2.98566666,37.27252676278,-93.116138191072
71445,SPEEDWAY #1051,I-90 & I-94 Exit 69,Mauston,WI,420,3.299,43.76776801132,-89.993135011752
71446,SPEEDWAY #4221,I-80 Exit 292,Davenport,IA,320,3.749,41.59960263061,-90.622319381981
71447,KWIK TRIP #612,SR-116 ,Winneconne                              ,WI,582,3.53233333,44.112430989795,-88.69447557769
71449,MAVERIK COUNTRY STORE #628,I-15 & CR-215,Las Vegas                               ,NV,910,3.35566666,36.064017003432,-115.181245484939
71450,MAVERIK COUNTRY STORE #664,I-25 EXIT 203 ,Los Lunas,NM,580,3.20233333,34.812158287824,-106.76180744637
71452,ALLSUPS CONVENIENCE STORE #2016,SR-214 & SR-114,Morton,TX,700,3.399,33.725299008063,-102.759215022791
71453,ALLSUPS CONVENIENCE STORE #2025,US-285,Roswell,NM,593,3.28566666,33.372804,-104.518602
71454,ALLSUPS CONVENIENCE STORE #2036,SR-18,Hobbs,NM,593,3.399,32.711264,-103.146848
71455,ALLSUPS CONVENIENCE STORE #2043,US-62,Idalou,TX,700,2.96566666,33.666249,-101.682128
71456,ALLSUPS CONVENIENCE STORE #2058,"I-40, Exit 332 & SR-209",Tucumcari,NM,585,3.355,35.176695214669,-103.724736474571
71457,ALLSUPS CONVENIENCE STORE #2075,US-70 & SR-6,Crowell,TX,770,3.199,33.984123083755,-99.725071601442
71458,ALLSUPS CONVENIENCE STORE #2082,SR-70,Spur,TX,700,3.199,34.232574,-102.411135
71460,ALLSUPS CONVENIENCE STORE #2101,SR-136,Fritch,TX,585,3.149,35.645565,-101.592164
71461,ALLSUPS CONVENIENCE STORE #2111,US-87 & ,Texline,TX,585,2.96566666,36.37449,-103.018596
71462,ALLSUPS CONVENIENCE STORE #2138,CR-61,Hobbs,NM,593,3.38233333,32.711264,-103.146848
71463,ALLSUPS CONVENIENCE STORE #2146,SR-18,Hobbs,NM,593,3.21233333,32.711264,-103.146848
71464,ALLSUPS CONVENIENCE STORE #2153,US-277,Haskell,TX,575,3.539,33.166436,-99.733282
71465,ALLSUPS CONVENIENCE STORE #2173,US-20,Sweetwater,TX,575,2.84566666,32.471035,-100.40565
71466,ALLSUPS CONVENIENCE STORE #2185,US-380 & 9TH ST,Aspermont,TX,575,3.36566666,33.136286997765,-100.227814968781
71467,ALLSUPS CONVENIENCE STORE #2192,SR-86 & SR-207,Silverton,TX,585,3.159,34.47821100451,-101.38294398849
71468,ALLSUPS CONVENIENCE STORE #2212,SR-6,Stamford,TX,575,3.129,32.943599,-99.78916
71469,ALLSUPS CONVENIENCE STORE #2227,SR-114 ,Morton,TX,700,3.399,33.720213,-102.759474
71470,ALLSUPS CONVENIENCE STORE #2267,"I-20, EXIT 42 & CR-761",Pecos,TX,710,3.379,31.401279,-103.504068
71471,ALLSUPS CONVENIENCE STORE #2269,SR-524 & CR-658 ,Carlsbad,NM,593,3.249,32.414643984481,-104.25500797306
71472,ALLSUPS CONVENIENCE STORE #2276,HWY 84 & CR-466,Hermleigh,TX,612,2.97233333,32.634033007843,-100.763966003789
71473,ALLSUPS CONVENIENCE STORE #2378,US-BUS 287 & SR-25,Electra,TX,770,2.999,34.034385059912,-98.92242468375
71474,PILOT #1292,US-290 & SR-21,Paige,TX,765,3.499,30.213069096307,-97.143195977967
71476,KWIK TRIP #493,US HWY 12,Whitewater,WI,420,3.499,42.841519030107,-88.780930838509
71477,KWIK TRIP #1141,SR 54,Luxemburg,WI,582,3.48233333,44.546385,-87.703671
71478,RACEWAY #6970,SR-1 & Coker Rd,Rome,GA,193,3.199,34.271957659808,-85.238521950923
71479,RACETRAC #118,I-575 & SR-15,Jasper                                  ,GA,193,3.309,34.397055,-84.414001
71480,Loves Travel Stop #836,US-87,Dalhart,TX,585,3.43566666,36.076751,-102.53673
71481,Loves Travel Stop #843,"I-29, Exit 187",Drayton,ND,341,3.56566666,48.572720316657,-97.187344210904
71482,LOVES TRAVEL STOP #789,"I-15, Exit 277",Great Falls,MT,815,3.77233333,47.474938616546,-111.357436812897
71484,CIRCLE K #2745064,"I-75/SR-401, EXIT 101 & US-280/SR-30",Cordele,GA,10,2.999,31.963543062914,-83.779749820554
71485,Circle K #2709088,US-521 & SR-9,Lancaster,SC,46,3.299,34.730699422249,-80.761431308603
71486,HUCKS FOOD & FUEL #338 DBA PILOT DEALER #1294,US-50/US-150 & US-41 BUS,Vincennes                               ,IN,510,3.959,38.694674507107,-87.494119530308
71487,LOVES TRAVEL STOPS #835,"I-15, EXIT 163 & SR-99",Fillmore,UT,835,3.599,38.972447534161,-112.323831196016
71488,LOVES TRAVEL STOP #816,"I-90, EXIT 284",Kimball,SD,506,3.57066666,43.737670867167,-98.960714952082
71490,LOVES TRAVEL STOP #818,"I-20, EXIT 205 & SR-46",Heflin,AL,615,3.20733333,33.646636900327,-85.499220874859
71491,SPEEDWAY #1520,"I-55, EXIT 58 & SR-80",Matthews,MO,460,3.189,36.759255010057,-89.538858993696
71492,LOVES TRAVEL STOP #839,"I-64, EXIT 92",Leavenworth,IN,415,3.949,38.24343268381,-86.355915657594
71493,NEW TRAVEL PLAZA,I-20 EXIT 86,Ruston,LA,590,3.06566666,32.540045087809,-92.621194627206
71494,SPEEDWAY/7FLEET #7008,"I-90, EXIT 48A & SR-77",Corfu,NY,190,3.889,42.959985704876,-78.405925906786
71495,SPEEDWAY #1212,"I-65, EXIT 99 & US-31",Greenwood,IN,375,3.59733333,39.612088648559,-86.072665309697
71496,SPEEDWAY/7fleet #1052,US-30 & SR-57,Orrville,OH,249,3.499,40.79732836921,-81.765502672086
71498,KWIK TRIP #1143,US HWY 45,Antigo,WI,395,3.50733333,45.1661112639,-89.147732991416
71499,KWIK TRIP #1130,US HWY 151/18,Mount Horeb,WI,420,3.589,43.008716567923,-89.739586836423
71500,KWIK TRIP #1114,SR-35,Holmen,WI,515,3.33066666,43.999791,-91.294664
71502,ROAD RANGER #281,I-20 EXIT 332,Cisco,TX,575,3.14066666,32.37497857637,-98.966290406186
71503,LOVES TRAVEL STOP #093,US-80 & US-400/US-50,Garden City                             ,KS,525,3.729,37.051730249137,-94.721695283805
71504,MAVERIK COUNTRY STORE #378,"I-84/I-15, EXIT 346 & SR-126",Ogden                                   ,UT,835,3.379,41.265414700497,-112.026997640195
71505,KWIK TRIP #1029,I-43 & SR-20,East Troy,WI,444,3.174,42.79212298933,-88.385355979384
71506,KWIK STAR #1165,SR-60  ,Sibley,IA,433,3.224,43.39814349292,-95.717073620931
71509,MAPLEFIELDS IRVING,I-91 & US-2,Saint Johnsbury,VT,39,3.599,44.420249925692,-72.011689684325
71510,RACETRAC #2601,"I-64, Exit 58",Frankfort,KY,410,2.919,38.173574219341,-84.81411345035
71511,RACETRAC #2592,US HWY 29,Athens,GA,16,3.31233333,33.991275,-83.341524
71512,RACETRAC #2603,Country Road 527,Orlando,FL,140,3.299,28.553131687792,-81.405641095913
71514,LOVES TRAVEL STOP #817,SR-136,Santa Teresa,NM,640,3.26233333,31.846279902761,-106.684590160465
71515,LOVES TRAVEL STOP #824,"I-64 & SR-37, Exit 80",Mount Vernon,IL,574,3.389,38.273845006839,-88.900836989703
71516,LOVES TRAVEL STOP #833,"I-90, EXIT 61 & US-20",Ripley,NY,38,3.879,42.269241093783,-79.705593157423
71517,7-ELEVEN #41905,I-85 & CR-2120,Salisbury,NC,46,3.749,35.676784816587,-80.457568603929
71518,SPEEDWAY/7Fleet #9305,SR-18 & SR-1,Forrest City,AR,460,3.174,35.037713651333,-90.816646735158
71519,SPEEDWAY #1506,US-231 & SR-271,Montgomery,AL,720,3.04233333,32.296813997578,-86.196602008397
71520,KWIK TRIP #1104,SR-35/65 & SR-29,River Falls,WI,451,3.40566666,44.850380408974,-92.605585387259
71521,KWIK TRIP #1065,US-12 & SR-89,Whitewater,WI,420,3.424,42.820275203707,-88.745077424098
71522,Y NOT STOP BARBER SPUR,SR-10 & SR-13,Ville Platte,LA,730,3.499,30.691349585863,-92.428115183687
71523,QUIKTRIP #7170,I-59 EXIT 77,Cottondale,AL,615,2.91566666,33.17269671176,-87.442079173235
71524,Loves Travel Stop #813,"I-77, Exit 112",North Canton,OH,249,3.62733333,40.895508290376,-81.430539887823
71525,LOVES TRAVEL STOP #796,"I-40, EXIT 432B & U-25W/US-411/US-70",Newport,TN,405,3.689,35.968625580877,-83.203733928131
71526,LOVES TRAVEL STOP #820,"I-90, EXIT 41 & SR-414",Waterloo,NY,190,4.149,42.967865640748,-76.847519197896
71527,D & C FUEL EAST,US-6/SR-92,Tunkhannock,PA,200,3.699,41.55481391,-75.898116367703
71528,GOOD 2 GO #218,I-90 EXIT 25 & US-14,Sheridan,WY,836,3.44233333,44.762915367408,-106.90222982264
71529,Kwik Trip #1161,US-BUS 53,Eau Claire                              ,WI,295,3.40733333,44.8425206,-91.589527
71531,BERT'S TRAVEL PLAZA,SR-33,Wellsville,KS,400,3.31566666,38.7098265,-95.0751108
71534,GOLDEN GATE - YERINGTON,SR-339 & US-95 ALT,Yerington,NV,966,3.71566666,38.993968800173,-119.181899791202
71535,GOLDEN GATE BATTLE MOUNTAIN,"I-80, EXIT 233",Battle Mountain,NV,966,3.339,40.620012,-116.915574
71536,PILOT TRAVEL CENTERS  #1106,"I-25/US-85, EXIT 215 & SR-47",Albuquerque,NM,580,3.56566666,35.117820927178,-106.637381431786
71542,CIRCLE K #2706625,US-85,Eaton,CO,795,3.399,40.519134,-104.708757
71543,THE SOCO GROUP #4,SR-111,El Centro,CA,900,4.839,32.793169,-115.539105
71555,Kwik Trip #307,SR-35/US-18,Prairie Du Chien,WI,335,3.599,43.123769090415,-91.14213432736
71556,KWIK TRIP #1167,"HWY 29, EXIT 108",Thorp                                   ,WI,295,3.45233333,44.951223471854,-90.804705548486
71557,MUSKOGEE TRAVEL PLAZA,US-69,Muskogee,OK,560,3.01566666,35.71353,-95.405205
71558,ALLSUPS #2384,US-60,Friona,TX,585,2.994,34.638407,-102.735163
71559,ALLSUPS CONVENIENCE STORE #2228,US-83 & CR-613,Tuscola,TX,575,2.91733333,32.320885,-99.754895
71560,CIRCLE K #2709675,"I-25, EXIT 41 & SR-543/SR-26",Hatch                                   ,NM,640,3.799,32.684166386111,-107.154414899253
71561,ABBOTTS TRAVEL CENTER,I-35 EXIT 359,Abbott,TX,765,3.06566666,31.898708,-97.091425
71562,PILOT #1317,I-90 EXIT 28,Fultonville,NY,12,3.999,42.944263985017,-74.356221551045
71563,Kwik Star #1081,SR-9 ,Decorah,IA,515,3.579,43.289147812375,-91.783585200732
71564,GRAB N GO,SR-200 & SR-22,Killdeer,ND,273,3.549,47.357698291241,-102.758932301197
71565,CIRCLE K #2741253,"SR 375, Exit 39",El Paso,TX,640,3.19566666,31.770918141654,-106.267646935555
71566,Mankato Travel Center,US HWY 14 & SR 22,Mankato,MN,425,3.499,44.1752494146,-93.949153420492
71567,PRIDE CONVENIENCE STORE,"I-91, EXIT 40 & SR-20",East Granby,CT,100,3.649,41.940120229155,-72.720194157408
71568,QUIKTRIP #294,I-35 ,Gardner,KS,485,2.999,38.811428,-94.912999
71570,STEELE 66 TRUCK PLAZA,Hwy O & CR-425,Steele,MO,418,3.399,39.052177010594,-91.187246000016
71571,RACETRAC #2587,I-75 & US-98,Brooksville                             ,FL,140,3.299,28.555688303515,-82.387101083704
71572,7-ELEVEN #41525,US-460 & SR-630,Disputanta,VA,180,2.999,37.18500451985,-77.320310211424
71573,RACETRAC #2588,I-4 & US-301,Tampa,FL,225,3.299,27.996035003101,-82.357733017932
71574,RACETRAC #2594,US-441 ,Dublin,GA,85,2.999,32.484333,-82.93619
71575,Racetrac #2308,SR-161,Irving,TX,630,2.93566666,32.913579830415,-96.938132532616
71576,RACETRAC #2429,SR-161,Irving                                  ,TX,630,2.90066666,32.913579830415,-96.938132532616
71577,TOOT N TOTUM #130,US-87 & Dorsey Rd,Clayton,NM,585,3.199,36.438256781807,-103.17481119141
71578,RACETRAC #2595,I-65 EXIT 284,Alabaster,AL,615,2.999,33.219738,-86.797727
71579,KWIK TRIP #1138,SR 28,Sheboygan,WI,444,3.24233333,43.790845,-87.761999
71580,MAVERIK COUNTRY STORE #676,"I-15/I-84, EXIT 376 & SR-13",Tremonton,UT,835,3.444,41.678211828696,-112.141326035103
71582,LOVES TRAVEL STOP #847,US-601 & SR-207,Pageland,SC,46,3.38566666,34.777244358752,-80.402181773508
71583,CIRCLE K #2706993,SR 27 N,Lake Wales,FL,225,3.799,27.842022,-81.585599
71586,ALLTOWN FRESH,US-9 & SR-23,Livingston,NY,12,3.659,42.177625006147,-73.75893896155
71590,TA SPRINGER,I-25 EXIT 419,Springer                                ,NM,580,3.529,36.447390772322,-104.595030227631
71592,THE WOODSHED,US-59 & SR-10,Welch                                   ,OK,307,3.099,36.873824981448,-95.098892960278
71594,BP,US-20 & SR13,Middlebury,IN,465,3.799,41.654272005732,-85.70564896134
71595,Hucks Market #100,US-36,Hannibal                                ,MO,494,3.13233333,39.712106,-91.360209
71596,ALLSUPS #2379,US-70/US-380,Tinnie,NM,700,3.359,33.371913,-105.245509
71597,Allsups #2380,US-84,Sudan,TX,700,3.199,34.063688,-102.517711
71598,Allsups #2381,SR-199,Azle,TX,630,2.919,32.905368100808,-97.564253088815
71600,TA EXPRESS #290,"I-45, EXIT 198 & FM-27",Fairfield,TX,765,3.439,31.730623354378,-96.196681486054
71601,Circle K #2723479,"I-40, EXIT 306B & US-70",Garner,NC,205,3.369,35.689719038867,-78.571463572018
71602,SHELL,"HWY-401, EXIT 10 & CR-11",Oldcastle,ON,620,4.46211176,42.246245593879,-82.963188981155
71603,FLYERS #3223,US-70/191,Safford,AZ,980,3.86233333,32.834307017396,-109.708737226015
71604,MAVERIK COUNTRY STORE #669,"I-80, Exit 113 & SR-172",Salt Lake City,UT,835,3.44566666,40.767217751658,-112.024881546329
71605,Allsups Convenience Store #2377,US-70 & US-54,Alamogordo,NM,640,3.06233333,32.869411098244,-105.968919669263
71606,Allsups #2396,HWY 62 82 179,Wolfforth,TX,700,2.91566666,33.464236121305,-102.08523465042
71607,Loves Travel Stop #827,"I-90, Exit 174",Moses Lake,WA,970,3.889,47.104414125864,-119.343060595784
71608,Loves Travel Stop #842,"I-194, eXIT 164",Saint Cloud,MN,448,3.29066666,45.512142,-94.28537
71609,QUIKTRIP #73,"US-75, US 62",Henryetta,OK,560,3.02566666,35.549676888215,-95.951183994092
71610,FRIENDLY GUS #25,US-80 & SR-338,Dudley                                  ,GA,85,3.83233333,32.542678393676,-83.070769199669
71612,RACEWAY #6898,"I-95, EXIT 373 & HWY A1A",Yulee                                   ,FL,75,3.27066666,30.619507539375,-81.650825432339
71614,7-ELEVEN #41808,"I-85, EXIT 106 & US-29",Blacksburg,SC,210,3.359,35.162334607524,-81.45326690816
71615,HUTCHS #128,US-62 & US-281/SR-8,Anadarko,OK,483,2.999,35.072671213012,-98.240603527384
71616,ALLSUPS CONVENIENCE STORE #2382,"I-20, EXIT 366 & US-281 ",Mineral Wells,TX,630,2.94566666,32.804346,-98.137176
71617,CIRCLE K #2709087,US-98/US-19,Chiefland,FL,75,3.58233333,29.479486884922,-82.859795970384
71618,Loves Travel Stop #837,"I-35, Exit 52",Cameron,MO,400,3.689,39.733313322801,-94.221032606409
71619,7-ELEVEN # 41365,"I-840/I-785, EXIT 18 & US-70",Greensboro,NC,65,3.199,36.090074156531,-79.697673860421
71621,TOOT N TOTUM #127,"I-27, Exit 49B",Plainview,TX,585,2.89566666,34.188536,-101.748409
71622,Circle K #2706628,SR-193 & SR-163 ,Theodore,AL,715,3.39233333,30.552417990077,-88.12373498833
71623,Circle K #2706637,US-43,Grove Hill,AL,715,3.719,31.683939,-87.780885
71624,MAVERIK COUNTRY STORE #681,"I-80, Exit 410",West Wendover,NV,835,3.38566666,40.73931179942,-114.055349137578
71625,MAVERIK COUNTRY STORE #679,US-160/285 & SR-17,Alamosa,CO,803,3.349,37.571181889879,-105.861134801034
71627,QUIKTRIP #1730,I-75 EXIT 185,Forsyth,GA,85,3.089,33.030366256568,-83.914282464231
71628,QUIKTRIP #7171,I-65 EXIT 231,Calera,AL,615,2.999,33.140630727139,-86.747701570043
71629,KWIK TRIP #1139,SR-95 & SR-65,Cambridge,MN,451,3.399,45.572740200708,-93.21040348765
71630,CIRCLE K #2701524,"US-52, Exit 134 & SR-268",Pilot Mountain,NC,65,3.429,36.384044879125,-80.452931128118
71631,RACEWAY #6891,SR-20 & SR-67,Decatur                                 ,AL,615,3.099,34.619487018613,-87.031004962991
71632,Loves Travel Stop #819,SR-21 & SR-275,Rincon,GA,195,3.33066666,32.335580006398,-81.257692967196
71634,76,"US HWY 278, US HWY 45",Tupelo,MS,742,3.149,34.214344648278,-88.804642203639
71635,Racetrac #2610,US-231,Murfreesboro,TN,460,3.049,35.876758,-86.423223
71636,RACETRAC #2580,US-41 & SR-268,Murfreesboro,TN,460,3.03233333,35.91046847136,-86.383886725461
71637,HORSESHOE #4,SR-114,Smyer,TX,700,2.959,33.583603871869,-102.16320908968
71638,QUIKTRIP #4032,"I-35, EXIT 176",Schertz,TX,740,2.91566666,29.603020120581,-98.273089987761
71639,PAR MAR FOOD STORE #13,"I-77, EXIT 1 & SR-7",Hannibal                                ,OH,430,3.899,39.6698828,-80.8740286
71640,RACETRAC #2544,SR-81 & SR-316,Bethlehem,GA,16,3.31233333,33.945963379902,-83.754310721417
71641,76,I-17,Phoenix,AZ,930,3.23233333,33.448423071764,-112.095941197241
71642,MAVERIK COUNTRY STORE #398,HWY 89 & LAKE POWELL BLVD,Page                                    ,AZ,930,3.45566666,36.925481183885,-111.471920735888
71643,Pilot #1319,I-35 Exit 30,Alvarado                                ,TX,630,3.20566666,32.461267550229,-97.263827778401
71644,CHISUM TRAVEL CENTER #38,I-20 EXIT 210,Colorado City,TX,612,2.92566666,32.38362293355,-100.964188140995
71646,SPEEDWAY #6542,"I-10, Exit 192",Midway,FL,155,3.599,30.491305583354,-84.430982402254
71647,QUIKTRIP #667,I-44 Exit 189,Rolla,MO,392,2.98233333,37.980154401557,-91.71705188761
71648,QUIKTRIP #7149,I-24 Exit 8,Clarksville,TN,460,2.91566666,36.558231608362,-87.251600262586
71649,Allsups Convenience Store #2385,US-183 & US-180,Breckenridge,TX,575,3.30733333,32.755458998846,-98.90258100764
71650,ALLSUPS CONVENIENCE STORE #2405,SR-208 & SR-158,Robert Lee,TX,612,3.26566666,31.895158017005,-100.483130002619
71651,QUIKTRIP #4151,"I-35, Exit 220",Buda,TX,595,2.91566666,30.061242235724,-97.83251861151
71652,CIRCLE K #4705575,SR-261,Akron,OH,249,3.769,41.086767336705,-81.513467740299
71653,MAVERIK COUNTRY STORE #701,US-160,Durango,CO,614,3.299,37.28225,-107.877762
71654,LOVES TRAVEL STOP  #851,"I-39/US-51, EXIT 111 & SR-72",Monroe Center,IL,520,3.749,42.100607302087,-89.022582205489
71655,79 ONE STOP,SR-62 & SR-37,Saint Croix                             ,IN,415,3.499,38.222405015595,-86.591401969358
71656,CASEYS #3268,US-59 & SR-119,Appleton,MN,522,3.44566666,45.200574646402,-96.021168033572
71657,CASEYS #2855,US HWY 63,Cabool,MO,535,3.259,37.176962605095,-92.045679117628
71659,Loves Travel Stop #646,"I-84, Exit 71",Willington,CT,100,4.359,41.91971104446,-72.262262551675
71661,Loves Travel Stop #822,"I-40,  Exit 57 & S Crawford St",Clarksville,AR,695,3.39233333,35.470741820699,-93.478720770777
71662,PUMP & PANTRY #33,SR-22/39,Genoa,NE,330,3.289,41.448211,-97.732526
71663,Allsups #2388,I-27 & SR-217,Canyon,TX,585,2.90066666,34.979580997014,-101.881021988523
71664,RUTTERS #95,SR-9,Martinsburg,WV,22,3.999,39.439839270155,-77.926399192813
71666,Circle K#2746513,SR-13/SIOUX TRL,Savage,MN,448,3.799,44.746215837792,-93.379604053452
71667,7-Eleven #38986,"I-75, EXIT 301 & US-98",Brooksville,FL,225,3.399,28.506814207126,-82.24368638478
71668,7-ELEVEN #41572,I-77 & US-70,Statesville,NC,46,2.859,35.772515994391,-80.863054022595
71672,7-ELEVEN #41573,US-67,Glen Rose,TX,765,3.589,32.250867,-97.728352
71673,7-ELEVEN #41792,"I-85, EXIT 27",Anderson,SC,30,2.959,34.633692872276,-82.596651000952
71674,Kwik Trip #1177,SR-65,Cambridge,MN,451,3.424,45.572099,-93.1949
71676,CIRCLE K #4702409,US-52,Lafayette,IN,375,3.15733333,40.37357,-86.779715
71679,TOOT N TOTUM #22,FM 1541 & FM 1151,Amarillo,TX,585,2.96733333,35.091370984489,-101.848259978857
71680,Alexs Shelby Truck Stop,US HWY 278 & SR 32,Shelby,MS,655,3.199,33.95244141759,-90.756244096326
71681,WASPYS TRUCK STOP,US-71,Audubon,IA,319,3.31566666,41.790136269178,-94.937307921392
71682,Gas N Wash,"SR 83, SR 50, I-294",Alsip,IL,365,3.299,41.661741,-87.728456
71683,GAS N WASH,US HWY 6,Joliet,IL,365,3.799,41.54692,-88.004597
71685,ON THE ROAD 110,US-59,Diboll,TX,618,3.199,31.217468,-94.773192
71686,Allsups #2391,I-20 Exit 269,Merkel,TX,575,2.87566666,32.477297295518,-100.007745332014
71687,ALLSUPS #2386,I-20 EXIT 216,Colorado City,TX,612,2.94233333,32.410830307636,-100.865400109321
71688,KWIK TRIP #1151,"I-90, EXIT 183 & CR-BT",Beloit,WI,420,3.374,42.558349840247,-88.975348492932
71689,KWIK TRIP #1108,"I-41/US-45, EXIT 52 & SR-164",Colgate,WI,444,3.24733333,43.193375522826,-88.261001776154
71691,ALLSUPS #2399,US-287 & SR-207,Claude,TX,585,2.929,35.111719982285,-101.36371900391
71692,GXP #200,"I-85/SR-403, EXIT 140 & SR-82",Jefferson,GA,16,3.239,34.076564664664,-83.563655782818
71694,J&H Family Store,"I-96, Exit 19",Coopersville,MI,456,3.499,43.052898130664,-85.909473982381
71695,KWIK TRIP #1126,US-14/US-61,La Crosse,WI,444,3.384,43.808676722568,-91.254636231819
71696,SUPER SAVE #10,I-220 EXIT 1A,Shreveport,LA,745,3.199,32.470277897943,-93.839122914276
71697,LOVES TRAVEL STOP #829,I-80 EXIT 81,Brookville,PA,14,4.019,41.168151395689,-79.047866584699
71698,Kwik Star #1142,hwy 6,Iowa City                               ,IA,380,3.134,41.645648574774,-91.532543495335
71699,KWIK TRIP #597,"I-94, EXIT 344 & SR-31",Kenosha,WI,444,3.744,42.56291627754,-87.952406782458
71700,ARCO,US-19/US-98/US-27Alt & CR-30A,Perry                                   ,FL,75,3.699,30.092556858478,-83.577419581626
71701,CIRCLE K #2746510,SR 32,De Pere,WI,360,3.349,44.427531,-88.055562
71702,SHOP AND SAVE,US-220 & CR-734,Ridgeway                                ,VA,65,3.909,37.809454001398,-79.849526695837
71704,QUIKTRIP #962,"I-30, Exit 61A",Garland,TX,630,2.89733333,32.851661751035,-96.566194239674
71705,STRIPES #41980,"I-37, EXIT 11A",Corpus Christi,TX,625,3.199,27.847433680218,-97.574985288665
71706,QUIKTRIP #1176,I-77Exit 2,West Columbia,SC,135,3.309,34.080372511745,-81.144719167219
71707,QUARLES #4437,US HWY 30,Lancaster,PA,208,3.999,40.061372571711,-76.352856762031
71708,QUARLES #4936,I-95 Exit 69,Richmond,VA,180,3.699,37.468545215546,-77.427938733894
71709,MAPCO EXPRESS #7553,SR 153 EXIT 2,Chattanooga,TN,285,2.994,35.057119895468,-85.192115485934
71710,KWIK STAR #1180,SR-141,Perry,IA,320,3.06066666,41.831501683555,-94.094442988014
71712,MAVERIK COUNTRY STORE #693,"I-70, Exit 160 & hwy 191",Green River,UT,810,3.28233333,38.989441105625,-110.194683563986
71713,Pilot Dealer #1383,"I-555, Exit 39",Jonesboro,AR,435,3.439,35.800132345238,-90.621982256474
71714,RACETRAC #2576,SR-997 & SR-994,Miami,FL,95,3.28733333,25.579693208253,-80.478141019343
71715,Allsups Convenience Store #2401,US-87,San Angelo,TX,612,3.19566666,31.560275,-100.546683
71716,Allsups #2404,US-62,Carlsbad,NM,593,3.194,32.434072,-104.18273
71717,Kwik Trip #1199,US-14 ,Darien                                  ,WI,345,3.199,42.605646,-88.719722
71718,KWIK STAR #1158,US-30,Ames,IA,320,3.174,41.814555,-90.241393
71719,LOVES TRAVEL STOP #832,"I-35, EXIT 129 ",Forest Lake,MN,515,3.36233333,45.252570405343,-93.023932770771
71721,HUCKS FOOD & FUEL #314,US-50/150,Washington,IN,510,3.46233333,39.031559761826,-84.966513626007
71722,MAVERIK #5392,FM-16,Keenesburg,CO,800,3.154,40.114868,-104.521541
71723,ALLSUPS CONVENIENCE #2398,SR-70,Pampa,TX,585,3.079,35.53281,-100.99013
71724,ALLSUPS CONVENIENCE #2403,US-180,Mineral Wells,TX,630,3.00566666,32.80387,-98.13695
71725,Allsups Convenience Store #2406,US-67,Rankin,TX,710,3.499,31.21869,-101.947199
71726,Kwik Trip #1152,US HWY 169,Saint Peter,MN,425,3.724,44.392237061788,-93.965853396724
71735,Love's #811,US-395,Pasco,WA,925,4.589,46.347130789127,-119.090500404871
71736,Racetrac #2312,US-41/SR-92,Acworth,GA,18,3.209,33.960766488764,-84.739379125532
71737,RACETRAC #2605,"I-295, EXIT 25",Jacksonville,FL,75,3.249,30.368342324324,-81.760780915358
71738,KWIK TRIP #1196,"US-151, EXIT 21 ",Platteville                             ,WI,335,3.514,42.730181330699,-90.435575687283
71739,TA EXPRESS #418,"I-16/SR-404, EXIT 116 & US-301/25",Register,GA,135,3.28566666,32.307811067043,-81.87009414631
71740,SPRINT FOODS #735,US-78/US-1 & SR-19,Aiken,SC,135,3.17233333,33.560686979238,-81.719100979026
71741,SPRINT FOOD STORE #733,"I-20, EXIT 183 & US-221",Harlem,GA,135,3.599,33.496881981416,-82.318817174885
71769, DUCK THRU FOOD STORE #60,US HWY 64,Spring Hope,NC,205,3.469,35.93351,-78.099341
71770,ONVO TRAVEL PLAZA,"I-81, Exit 155",Mountain Top,PA,200,3.58733333,41.080996126015,-75.964223945654
71771,BREAK TIME #3170,SR-13 & HWY-T,Bolivar,MO,535,3.374,37.5928980194,-93.43245896205
71772,Kwik Trip #1137,US-8,Saint Croix Falls                       ,WI,451,3.524,45.396674,-92.584276
71773,KWIK STAR #710,US-30 EXIT-202,Toledo,IA,565,3.399,41.964210880887,-92.479833036878
71774,CASEYS #4292,1020 5TH ST ,Carrollton                              ,IL,574,3.429,39.288807985973,-90.40642695986
71775,Caseys #3950,US-270 & US-54,Liberal,KS,525,3.319,37.032269962942,-100.91799344319
71776,QUIKTRIP #7172,"I-85/US-29, EXIT 58 & SR-169",Opelika,AL,50,2.999,32.623162347425,-85.370928770499
71779,TCI PHOENIX,"I-10, EXIT 138 & US-202, EXIT 76 ",Phoenix,AZ,930,2.92233333,33.462629544542,-112.195718090434
71784,7-ELEVEN #41750,I-4 & SR-33,Lakeland,FL,225,3.289,28.083654208111,-81.953393042996
71785,7-ELEVEN #41266,I-81 & SR-924,Hazleton,PA,200,3.839,40.968154168981,-75.976935281176
71786,SHEETZ #751,I-76 EXIT 91,Donegal,PA,165,3.259,40.111155879723,-79.385990720633
71787,PUMP & PANTRY #55,US-159 & US-73,Falls City,NE,486,3.239,40.045338656833,-95.599630656226
71792,KWIK TRIP #1147,US-71 & SR-60,Windom                                  ,MN,425,3.349,43.854738010026,-95.115827589815
71793,QUARLES #4602,"SR-267, EXIT 8B & SR-606",Sterling,VA,60,3.659,38.990234631465,-77.458476046651
71794,KWIK TRIP #1174,US-51 & US-2,Ironwood,MI,334,3.179,46.466248899915,-90.194406132304
71795,CIRCLE  K #2654290,I-85 EXIT 13,Lagrange,GA,50,3.899,32.986108515974,-85.033285767699
71797,KWIK STAR #1186,"I-80/US-6, EXIT 142 & US-65",Altoona,IA,320,3.199,41.62739896916,-93.498206843196
71798,Space Age #202,"I-5, EXIT 52 ",Castle Rock,WA,935,3.659,46.321880915501,-122.913522429195
71800,Stuckeys Travel Plaza,"I-44, EXIT 179",Newburg                                 ,MO,535,2.97233333,37.943943,-91.882313
71801,Love's Travel Stop #869,US HWY 75,Le Mars,IA,527,3.45566666,42.778713562886,-96.209324793235
71802,ALLSUPS #2407,I-10 EXIT 259,Fort Stockton,TX,710,3.029,30.906762370091,-102.8880319907
71803,KENT KWIK #321,I-20 EXIT 143,Midland,TX,710,2.94066666,32.023422631074,-101.99306118568
71804,GAS N WASH,I-88 EXIT 114,Montgomery,IL,290,3.599,41.742816,-88.376045
71805,RACETRAC #2583,I-24E,La Vergne,TN,460,2.899,36.000019,-86.596816
71806,RACETRAC #2600,SR-70,Okeechobee,FL,140,3.299,27.245533,-80.819052
71807,KWIK TRIP #1270,SR-172,Green Bay,WI,582,3.29066666,44.496076494272,-88.120734748778
71808,WEIGELS #100,SR 153,Chattanooga,TN,405,3.01566666,35.163412,-85.248863
71811,7-ELEVEN #41826,SR-722 & SR-283,Lancaster,PA,70,4.129,40.088920407039,-76.380552014513
71812,KWIK TRIP #1198,I-43 & Hwy AA,Oostburg,WI,444,3.24233333,43.622994849371,-87.775684335476
71813,Kweik Star #1156,SR-150 & SR-3,Oelwein,IA,565,3.58233333,42.714868999419,-91.913511004259
71814,TEX-BEST #531,US-90,Uvalde,TX,740,2.874,29.210991,-99.786769
71815,MAVERIK COUNTRY STORE #688,I-15 EXIT 339,Ogden,UT,835,3.38566666,41.799908,-111.832766
71816,MAVERIK COUNTRY STORE #694,I-15 EXIT 222,Nephi,UT,835,3.40566666,41.799908,-111.832766
71817,KWIK TRIP #1128,US-12,Altoona,WI,295,3.33233333,44.806641,-91.44757
71818,TA EXPRESS RIVERTON #433,I-72 EXIT 108,Riverton,IL,318,3.409,39.842321,-89.521241
71822,DK,SR 176,Lenorah,TX,612,3.53233333,32.301757,-101.856869
71823,MARKER 126,US HWY 20,Duncombe,IA,343,3.059,42.449032297511,-93.976502199573
71824,QuikTrip #4052,US 181 S,San Antonio,TX,740,2.92233333,29.306885,-98.389408
71826,KWIK TRIP #1183,US-2,Bessemer                                ,MI,334,3.459,46.48078,-90.051149
71827,KWIK TRIP #1188,US-12,Cokato,MN,451,3.474,45.080544,-94.189737
71828,KWIK TRIP #1209,SR-42,Sturgeon Bay,WI,582,3.58233333,44.850694,-87.356126
71829,KWIK TRIP #1043,US-53/SR-194,Duluth,MN,334,3.499,46.780064022693,-92.108290571595
71830,One9 Travel Center #1330,"I-40/US-63, EXIT 216 & US-49",Brinkley                                ,AR,695,3.199,34.911176452838,-91.195979398301
71831,Loves Travel Stop #865,"I-35, Exit 186",Perry,OK,483,3.389,36.288066223647,-97.327196891949
71832,SHEETZ #753,SR 3,Seville,OH,249,3.08233333,41.031206,-81.863159
71833,Circle K #2706636,US HWY 43,Jackson,AL,715,3.899,31.592487337081,-87.872258053061
71835,CUZZS TRAVEL DEPOT,US 43 N,Thomasville,AL,715,3.599,31.796299802922,-87.755432342697
71836,DUCK THRU FOOD STORE #59,US 13 EXIT 119,Greenville,NC,205,3.499,35.600975,-77.3951
71837,RUTTERS #86,"US-15, EXIT 17 & SR-26",Frederick,MD,70,3.899,39.467304119818,-77.280894626964
71838,RUTTERS #24,SR-74 & SR-2069,Brogue                                  ,PA,70,4.099,39.872277211338,-76.484596410992
71839,RUTTERS #92,US-222 & SR-737,Kutztown,PA,90,3.699,40.526598999522,-75.781874161112
71840,NEON MARKETPLACE,"SR-79, EXIT 10",Fall River,MA,175,3.949,41.799593,-71.331557
71841,Quick Fuel #3193,US-69,Kansas City,KS,400,3.34566666,39.091972846079,-94.806018761059
71844,HD EXPRESS MART,US 20,Clyde,OH,550,3.379,41.31947,-83.012093
71845,ALLSUPS #2424,US 180,Millsap,TX,630,2.984,32.799112,-98.003122
71848,CLIFTON SUPER STOP,"I-16, EXIT 104",Metter                                  ,GA,195,3.249,32.374219153625,-82.070682550728
71849,TOOT N TOTUM #128,I-40 EXIT 57,Amarillo,TX,585,3.089,35.191229635516,-102.068892407154
71850,CEDAR GROVE OASIS,"I-43, Exit 113",Cedar Grove                             ,WI,444,3.239,43.57262428151,-87.797166005478
71851,PWI #164,I-35/US-77 & FM-3115,Abbott,TX,765,2.89233333,31.914602902936,-97.095740826664
71852,KWIK TRIP #1164,US-63,Spooner,WI,295,3.599,45.80804,-91.90009
71853,Landmark Travel Center,I-20 EXIT 301,Clyde,TX,575,2.90066666,32.417387,-99.527007
71854,EXXON DBA Pilot #1289,US 75 EXIT 72,Denison,TX,630,3.239,33.796942497114,-96.550549843616
71855,BYRNE DAIRY #136,I-90 Exit 37,Liverpool,NY,220,3.659,43.103747808661,-76.185445224211
71856,GO TIME #7,"I-75, EXIT 29",Corbin,KY,410,2.999,36.980456049947,-84.110754134563
71857,QUIKTRIP #1196,"I-20, EXIT 11 & SR-144",Graniteville,SC,135,3.159,33.572756946634,-81.835592500866
71858,QUIKTRIP #7224,"I-20, EXIT 112",West Monroe,LA,719,2.89233333,32.511081699054,-92.188334624371
71859,ALLSUPS #2415,SR 6,Meridian,TX,765,2.96566666,31.916809,-97.664929
71860,PILOT #1347,"I-59, EXIT 5A",Pearl River                             ,LA,725,3.164,30.375022497949,-89.741280920709
71862,Loves Travel Stop #863,I-90 & SR-528,Madison,OH,305,3.849,41.773385403266,-81.047115399994
71864,MPC #30,"I-44, Exit 195",Saint James,MO,540,2.98566666,38.0032818,-91.6211144
71865,RACETRAC #574,"I-30, EXIT 68",Rockwall,TX,630,2.924,32.915331478528,-96.4371691824
71866,RACETRAC #2615,"I-65, EXIT 128",Louisville,KY,415,2.919,38.139736472729,-85.708020968703
71867,HOLIDAY STATIONSTORE #2653855,US-12,Aberdeen,SD,530,3.10733333,45.459415,-98.41987
71868,RACETRAC #2456,SR-44 & CR-491,Lecanto,FL,140,3.31566666,28.851843997301,-82.488029786613
71869,PORT FUEL CENTER,"I-516, EXIT 7B & SR-21",Port Wentworth,GA,195,3.18233333,32.135611,-81.172728
71870,Circle K #2706479,US-280,Sylacauga,AL,615,3.799,33.158791,-86.27036
71871,KWIK TRIP #1133,US-10 & SR-85,Durand,WI,295,3.43066666,44.633565007073,-91.953885961303
71872,KWIK STAR #1189,"I-80, EXIT 110",De Soto                                 ,IA,320,3.224,41.54103275133,-94.006897594743
71873,KWIK TRIP #1182,"I-35E, EXIT 123B",Hugo,MN,448,3.37733333,45.165132944123,-93.030942068101
71874,Rutters #85,I-76 & US-30,Bedford,PA,14,4.099,40.042202905771,-78.56242469445
71875,LOVES TRAVEL STOP #615,US-59 & US-79,Carthage,TX,618,3.10233333,32.182064485821,-94.334503623813
71876,LOVES TRAVEL STOP #861,"I-75, EXIT 72 & SR-72",Loudon,TN,285,3.58733333,35.733245981733,-84.396736996433
71877,LOVES TRAVEL STOP #859,"I-80, EXIT 116 & US-6",Morris,IL,290,3.789,41.423651815498,-88.360571575043
71878,LOVES TRAVEL STOP #872,SR-78 & CR-27,Lancaster,OH,315,3.27566666,39.717424,-82.669523
71879,Gas N Wash Schoolhouse,FM-74,New Lenox,IL,399,3.699,41.510647133326,-87.927113671629
71883,QUIKTRIP #4178,SR-130,Hutto,TX,595,2.91566666,30.561246241173,-97.579079028905
71886,QUIKTRIP #7136,US-17,Brunswick,GA,195,3.074,31.13674,-81.569542
71887,SHELL,I-80 & SR-63,Greenwood                               ,NE,413,3.399,40.971759614056,-96.38847902249
71888,KJS ALPINE,US HWY 26,Alpine,WY,825,3.799,43.172968,-111.017395
71889,Payson Cardlock,SR 260 & SR 87,Payson,AZ,930,3.709,34.240587402247,-111.322970209328
71890,Carter Flagstaff Cardlock (Bulk Plant),I-40 Exit 198,Flagstaff,AZ,930,3.689,35.1982729,-111.6513129
71892,Tropic Fleet Bradenton Cardlock,US 301,Bradenton,FL,225,3.499,27.488962,-82.562798
71893,Tropic Fleet Rechtien Cardlock,SR-934,Miami,FL,95,3.471,25.775084,-80.194702
71894,Majors 663 Nacogdoches Truck Plaza,US-259 & US-59,Nacogdoches,TX,618,3.029,31.681667003632,-94.666292962928
71897,ONE9 XPRESS FUEL #1349,I-10 EXIT 140B,Van Horn,TX,640,3.459,31.038418497425,-104.820276064039
71898,Loves Travel Stop #867,I-55 Exit 165,Normal,IL,280,3.489,40.538838212629,-88.986488263582
71899,LOVES TRAVEL STOP #882,US-61/SR-92 ,Muscatine,IA,270,3.439,41.420784276334,-91.044492881107
71902,MURPHY EXPRESS #8928,FM-1472,Laredo,TX,693,2.84566666,27.571128442079,-99.50328369046
71903,ALLSUPS #2412,SR 199 W,Springtown,TX,630,2.919,32.965351,-97.694671
71904,SHEETZ #745,I-90 EXIT 212,Madison,OH,305,3.08233333,41.760243917591,-81.044489328554
71906,COMPASS TRAVEL CENTER,"I-65, EXIT 230",Demotte,IN,365,3.24233333,41.143424,-87.270553
71909,RACETRAC #2604,I-75 Exit 126,Mcdonough,GA,67,3.199,33.431711491864,-84.142522003568
71910,KWIK TRIP #793,"I-35, EXIT 59",Faribault,MN,448,3.424,44.318455214994,-93.303860537447
71911,MAVERIK COUNTRY STORE #706,SR-10,Castle Dale,UT,835,3.439,39.211822297437,-111.005841210054
71912,FUEL CITY WYLIE,SR-78,Wylie,TX,630,2.96566666,33.023682,-96.518882
71913,Circle K #4702456,I-69,Martinsville,IN,375,3.599,39.566758,-86.250633
71914,HUCKS FOOD & Fuel #309,I-169 Exit 8,Hopkinsville,KY,490,3.474,36.847118484046,-87.462092102499
71916,Spinx 317,US-17 ALT,Moncks Corner,SC,42,3.31233333,33.200589074963,-79.997195686436
71919,THE SPORTSMAN 2 TRAVEL PLAZA,I-35 EXIT 480,Sanger,TX,630,2.97566666,33.392123,-97.175696
71922,Plaza of The Flint Hills,I-70 Exit 32B,Alma,KS,553,3.299,39.067194,-96.287449
71923,SHEETZ #740,US-23  & SR-752,Ashville,OH,315,3.10233333,39.723334018944,-82.986468040844
71924,JIFFY,I-80 Exit 60,Shippenville                            ,PA,240,4.13233333,41.19258332551,-79.425020745264
71925,QUIKTRIP #7140,"I-24, EXIT 175 & US-41",Chattanooga,TN,285,2.91566666,35.02668920033,-85.366344203696
71926,QUIKTRIP #186,SR-150,Grandview,MO,400,3.199,38.857415693109,-94.509741366234
71927,Allsups Convenience #2420,US 283,Altus,OK,770,2.979,34.65699,-99.334514
71929,STUCKEYS TRAVEL CENTER,I-10 & FM-365,Beaumont,TX,610,2.824,29.931581988899,-94.26892000915
71931,QUIKTRIP #7071,I-75 & SR-133/401,Valdosta,GA,10,3.03233333,30.84484000264,-83.330592691587
71932,MCCLURE OIL #60,US 35,Logansport,IN,370,3.799,40.757469,-86.317259
71933,RHODES CONVENIENCE STORES,US-62,Sikeston                                ,MO,275,3.35066666,36.86422,-89.583368
71934,SHEETZ #759,I-71 & SR-734,Jeffersonville,OH,315,3.06566666,39.65157884554,-83.560572782873
71935,SPEEDWAY #1695,I-87 EXIT 23,Albany,NY,12,3.849,42.63317274254,-73.784877758671
71936,QUIKTRIP #7907,I-44 EXIT 1D,Wichita Falls,TX,770,2.859,33.930791842351,-98.516093751261
71937,KWIK TRIP #1173,CR-10,Waconia,MN,451,3.60733333,44.847665,-93.770984
71941,RACETRAC #2628,I-85 EXIT 62 & US-280,Opelika,AL,50,2.999,32.643738541194,-85.353325275769
71942,BYRNE DAIRY #135,I-81 & SR-481,Liverpool,NY,220,4.199,43.180636103089,-76.226038442448
71943,DK #11823,I-20 & FM-1768,Midland,TX,612,2.98233333,31.907668,-102.214939
71944,DK #13903,SR-108,Texarkana,AR,635,3.04066666,33.51236,-93.95015
71945,DK #13904,I-40 EXIT 233 & SR-261,Palestine,AR,695,3.01566666,34.982322151764,-90.904149986293
71946,Allsups #102450,US-87,Eden                                    ,TX,739,3.179,31.217045,-99.83757
71947,PETRO USA,I-76 EXIT 2 & SR-3,Seville                                 ,OH,305,3.079,41.032707563102,-81.86436408703
71948,19 AND 75 FILLING STATION,US-75 & SR-19,Ivanhoe                                 ,MN,432,3.394,44.460010996303,-96.262023009482
71949,24 STORE SHELBY,SR-61,Shelby,OH,249,3.499,40.895523,-82.662198
71950,77/36 DUCHESS,I-77 & US-36,Newcomerstown,OH,542,3.299,40.291314995983,-81.557250032927
71951,7-ELEVEN #39448,I-81 & SR-682,Mount Crawford,VA,185,3.31566666,38.357178013938,-78.927451800056
71953,ALEX'S TRUCK STOP,US-61,Tunica,MS,435,3.299,34.736085,-90.361564
71957,B&M Quickstop,SR-8,Mineral Point                           ,MO,540,3.699,37.914506,-90.715935
71958,BELL STORES,I-77 & CR-80,Dover,OH,249,3.399,40.549362041995,-81.494036814545
71960,BELL STORES #1159,US-30 & CR-144,Wooster,OH,249,3.659,40.811988,-81.844996
71961,BELL STORES #54,US-250 & SR-241,Mount Eaton,OH,249,3.499,40.693719983424,-81.70037597497
71962,BELLSTORES,SR-598,Galion,OH,315,3.499,40.746527,-82.799579
71965,CIRCLE K #2709989,US-167 & CR-405,Sheridan,AR,695,3.599,34.343521,-92.394513
71966,BLACK DIAMOND TRAVEL CENTER,I-26 & SR-173,Unicoi,TN,405,3.40233333,36.207496997066,-82.353928974994
71967,BLOC STOP TRAVEL CENTER,US-19 & SR-133,ALBANY,GA,10,3.799,31.576968417918,-84.148543435228
71968,BLONDIES FOOD AND FUEL,US-90 & SR-69,Grand Ridge                             ,FL,20,3.59066666,30.719074700363,-85.02014506842
71969,BORDERVIEW GROCERY,US-11 & CR-19,Champlain,NY,39,3.799,44.980513183203,-73.452180782968
71970,BLUE BIRD 3 EXPRESS,"US-78, EXIT 1",Olive Branch,MS,435,3.199,34.975661460779,-89.863167664377
71971,BOUND BROOK BP,I-287 Exit 13B & SR-28,Bound Brook                             ,NJ,202,3.249,40.567984394994,-74.556399264632
71972,BOWMAN,I-81 Exit 1,Williamsport,MD,22,3.83233333,39.589130800443,-77.814597289443
71973,SHEETZ #703,I-40 & US-70,Garner,NC,177,2.859,35.694599582671,-78.575094695471
71975,BP,I-81 & SR-177,Christiansburg,VA,185,3.799,37.096464297313,-80.507528977705
71976,Loves Travel Stop #828,"I-295, EXIT 33",Jacksonville,FL,75,3.28233333,30.458567428019,-81.676414931944
71977,BP,SR-47,Sugar Grove                             ,IL,296,3.599,41.727448,-88.442882
71978,BP,I-29 & US-34,Pacific Junction,IA,319,3.399,41.04531001814,-95.81972498252
71979,KENT KWIK #219,SR-338,Odessa,TX,710,3.00733333,31.899663,-102.317948
71980,KENT KWIK #433,US-87,San Angelo,TX,739,3.13233333,31.414861,-100.474934
71981,SHEETZ #488,US-13 & US-264,Greenville                              ,NC,205,2.899,35.659038687897,-77.363654876763
71982,MAVERIK COUNTRY STORE #665,SR-201,Magna,UT,835,3.399,41.799908,-111.832766
71983,MAVERIK COUNTRY STORE #702,I-80 Exit 59,Sidney,NE,475,3.11233333,41.1447037,-102.9817623
71984,BP,I-43 & SR-11,Elkhorn,WI,420,3.149,42.691672291929,-88.504170295086
71985,Brew #12,US-20 & SR-31,Correctionville,IA,527,3.559,42.482227013671,-95.785662436758
71988,C AND W GLOBAL,SR-429 & SR-438,Winter Garden                           ,FL,140,3.074,28.56513110854,-81.590765910964
71990,Allsups #2418,US-84,Snyder,TX,612,2.97233333,32.716694,-100.932846
71991,TA Express Fairview #943,US 36,Fairview,KS,570,3.299,38.891529,-94.828777
71992,7-ELEVEN #41263,US-13,Bridgeville,DE,243,3.399,38.700201,-75.589877
71994,7-ELEVEN #42058,SR-572,Lakeland,FL,225,3.48233333,27.962255996169,-81.882903986556
71995,Chevron,"I-40, EXIT 218 & US-285",Clines Corners                          ,NM,593,3.41566666,35.092727287655,-105.711375765154
71996,BP,"I-43, EXIT 164 & CR-Z",Maribel,WI,360,3.249,44.273149669572,-87.781874759032
71997,7-ELEVEN #41287,SR-29,Immokalee,FL,64,3.679,26.418433949117,-81.417046810799
71999,7-ELEVEN #41813,"I-85, EXIT 60",Duncan,SC,46,3.099,34.894818229303,-82.157010360635
72000,7-ELEVEN #41309,US-41,Nokomis,FL,225,3.379,27.138226,-82.400276
72001,7-Eleven #41963,"I-65, EXIT 98",Goodlettsville,TN,460,3.049,36.322705755639,-86.713257447054
72003,7-ELEVEN #42012,"I-77, EXIT 24 & US-21",Blythewood,SC,210,3.109,34.173187308188,-80.970677088084
72004,7-ELEVEN #41578,US-13,Seaford,DE,243,3.359,38.654343,-75.593533
72006,CIRCLE K #4707123,SR-2,Canaan,ME,26,3.759,44.76152,-69.564942
72008,CASHS #4469,US-278 & US-63,Warren,AR,635,3.499,33.639057206008,-92.063153459771
72009,CEFCO #1059,SR-274,Kemp,TX,641,2.909,32.433364,-96.223234
72011,CEFCO #107,US 190,Lampasas,TX,595,2.899,31.086056151467,-98.192907980733
72012,CEFCO #108,US-77,Waco,TX,765,2.99233333,31.600656,-97.086545
72013,CEFCO #1081,US-59,Queen City,TX,723,3.024,33.144481,-94.15988
72014,CEFCO #1086,US-259,Longview,TX,766,2.959,32.610632096236,-94.755790021622
72015,CEFCO #1096,US-82,Paris,TX,723,2.96566666,33.630257,-95.561151
72016,Cefco #11,US-84,Waco,TX,765,2.99566666,31.600656,-97.086545
72017,CEFCO #1102,SR-24 & SR-286,Paris,TX,723,2.96566666,33.631169816307,-95.559643579442
72018,CEFCO #2071,US-377 & FM-381,Early,TX,739,2.92566666,31.759681986533,-98.903378964822
72019,CEFCO #2081,US-84,Post,TX,700,2.94233333,33.200391,-101.383025
72020,CEFCO #2082,SR-206 & SR-36,Cross Plains,TX,575,3.159,32.121504983921,-99.16554503104
72021,CEFCO #30,US-77 & SR-320,Lott,TX,765,3.011,31.20351090152,-97.036764331645
72022,CEFCO #65,US-84 & FM-116,Gatesville,TX,765,2.96566666,31.433085194525,-97.783078764464
72024,CENEX,US-2 ,Stanley                                 ,ND,452,3.58233333,48.305391,-102.38508
72025,CENEX,US-2 ,Devils Lake                             ,ND,355,3.24066666,48.111841,-98.874972
72026,CENEX,"I-94, EXIT 84 & SR-8",Richardton,ND,273,3.509,46.870252986844,-102.307369002284
72028,CENEX,US-52 & SR-15,Fessenden                               ,ND,390,3.531,47.64597570414,-99.637191705237
72029,CENEX,SR-40,Tioga                                   ,ND,452,3.57566666,48.389092,-102.928354
72030,CENEX,I-90 & SR-51,Gillette                                ,WY,822,3.489,44.290079392628,-105.467258321805
72031,CENEX HARWOOD,"I-29/US-81, EXIT 72",Harwood,ND,341,3.359,46.978893547997,-96.886459835322
72033,CHARLIE BS,SR-246,Greenwood                               ,SC,30,2.987,34.220806,-82.039185
72034,CHARLIES MARKET,SR-172,Salt Lake City,UT,835,3.459,40.750165,-111.887487
72038,CHEVRON,I-55 & SR-570,McComb                                  ,MS,759,3.28233333,31.259936993597,-90.479067969359
72039,CHEVRON,SR-20 & SR-65,Hosford,FL,145,3.299,30.390234282422,-84.798190009221
72041,CHEVRON,SR-20 & SR-71,Blountstown                             ,FL,145,3.299,30.443213819733,-85.0458366913
72044,Maverik Country Store #709,I-40 Exit 163,Williams,AZ,930,3.219,35.261292207636,-112.189254158605
72045,MAVERIK COUNTRY STORE #710,US-6,Helper,UT,835,3.44566666,41.799908,-111.832766
72046,CHEVRON,US-30 & US-95,Fruitland                               ,ID,785,3.39233333,43.974612007837,-116.914013026708
72054,CHEVRON,US-45,Guntown,MS,742,3.299,34.438455,-88.676186
72060,CHEVRON FOOD MART #20,US-45 & SR-16,Scooba,MS,705,3.199,32.830884979493,-88.462449036754
72063,CIRCLE K #2655785,US-301,Upper Marlboro,MD,60,3.999,38.841872,-76.728138
72066,CIRCLE K #2741094,SR-46 ,Seguin,TX,740,2.959,29.606576,-98.012828
72067,CIRCLE K #2741822,US-90 & FM-471,Castroville,TX,740,2.91233333,29.355245008764,-98.854521018851
72071,7-Eleven #42182,Ashley Phosphate Rd & Cross Country Rd,North Charleston,SC,42,3.459,32.929404989318,-80.072566960041
72072,PARKERS #92,SR 17,Guyton,GA,195,2.999,32.216846,-81.36917
72073,CIRCLE K #2723791,I-85 & SR-54,Graham,NC,65,3.609,36.063220219716,-79.383721789058
72074,CIRCLE K #2741566,US-84 & FM-2837,Woodway                                 ,TX,765,2.999,31.481690007021,-97.288110282872
72075,CITGO SAMS FOOD STORE,"US-5, Exit 87",Hartford                                ,CT,100,3.499,41.735302602751,-72.663021847098
72077,COLDWATER TRAVEL CENTER,I-55 & SR-306,Coldwater,MS,435,3.099,34.70046,-89.967677
72078,STRIPES #42150,"I-69C, Exit 9 & US-281",Edinburg,TX,598,3.00566666,26.323099497856,-98.146991663681
72080,Corner Store,US-180/62,Seminole,TX,710,3.129,32.727693860758,-102.97941973106
72081,STRIPES #2146,US-181 & SR-361,Ingleside                               ,TX,625,3.299,27.878775946361,-97.202895933195
72082,COUNTRYMARK,SR-124,Bluffton                                ,IN,370,3.76566666,40.743884500463,-85.013632497291
72083,DANDY DANS,US-49/SR-42,Hattiesburg                             ,MS,620,3.06566666,31.378512411568,-89.320694613909
72084,DANDY MINI MART #60,US-6 & SR-14,Troy,PA,31,3.999,41.786121982982,-76.787627021218
72086,DELT EXPRESS,SR-52,SAMSON,AL,127,3.699,31.112599,-86.046248
72087,DELTA,US-9,Jersey City                             ,NJ,115,3.239,40.758184,-74.053346
72089,CASEYS #4567,SR-55,Columbia,KY,410,3.159,37.068725624125,-85.294044728904
72090,DOMINO #128,US-81 & SR-66,El Reno,OK,483,3.199,35.50803019456,-97.936864559509
72091,DUCK THRU FOOD STORE #54,US-64,Columbia,NC,470,3.523,35.919371,-76.239372
72092,DUCK THRU FOOD STORE #57,SR-42/SR-43,Pinetops,NC,205,3.574,35.781069304674,-77.603820159573
72096,EXPRESS #29,SR-29,East Dublin                             ,GA,85,3.63233333,32.533055839254,-82.836640328631
72097,EXPRESSWAY SERVICE STATION,US-287 & SR-25,Electra,TX,770,2.999,34.04445099367,-98.917498029264
72100,Exxon,"I-22/US-78, Exit 10 &  SR-178",Byhalia                                 ,MS,435,3.199,34.897206161233,-89.745548760883
72101,EXXON,US-24,Redford                                 ,MI,325,3.699,42.427482,-83.313477
72104,LOVES TRAVEL STOP #170,I-44 EXIT 166 & SR-18,CHANDLER,OK,483,3.08733333,35.695478349457,-96.88180986117
72105,LOVES TRAVEL STOP #171,SR-375 & SR-31,McAlester,OK,560,3.43733333,34.927951809862,-95.710342399518
72106,Loves Country Store #118,US-77 & SR-29,Wynnewood,OK,569,2.989,34.651753993077,-97.200515958108
72108,FARMERS UNION OIL OF CARPIO,US-52 & SR-28,Carpio                                  ,ND,452,3.384,48.445150902702,-101.71891078433
72110,FAST STOP,US-84 & CR-1800,Lubbock,TX,700,2.999,33.744510797567,-101.940020205643
72111,FAST STOP,"I-40, Exit 81 & FM-1912",Amarillo,TX,585,2.944,35.206592020209,-101.653678036134
72112,Flyers #3219,US-60,Claypool,AZ,930,3.849,33.41019799626,-110.849637682945
72113,Food N Fuel,US-6 & CR-4,New Lenox                               ,IL,296,3.499,41.548357313289,-87.966955764204
72114,Gas  House,"I-77, Exit 49B",Statesville,NC,46,3.424,35.77635533471,-80.862552647406
72115,FRIENDSHIP FOOD & FUEL,SR-15 & CR-244,Ecru                                    ,MS,576,3.799,34.32245,-89.038378
72116,FRIENDSHIP FOOD MART #90,I-90 & SR-57,Elyria,OH,305,3.779,41.40448299302,-82.117140964659
72118,GAS N WASH,I-355 & SR-7,HOMER GLEN,IL,296,3.599,41.598075996897,-88.010825974872
72119,Gas N Wash Cicero,SR-50,Berwyn,IL,291,3.569,41.822625,-87.744233
72120,GAS PRO TRAVEL CENTER,US-301/25,Statesboro,GA,195,3.129,32.3878,-81.831455
72122,KWIK TRIP #1115,US-63 & US-8,Turtle Lake,WI,295,3.65566666,45.400112096872,-92.142178962073
72124,GET GO #3016,I-376 & SR-18,Monaca,PA,96,5.499,40.691663169189,-80.280846909859
72125,GETGO #7520,I-65 & US-31,Edinburgh,IN,375,3.359,39.304763986405,-85.96225195842
72126,GETGO #7526,I-69 & SR-332,Yorktown,IN,457,3.343,40.219004987841,-85.560335007291
72128,GETGO #7545,I-65 & SR-400,Whitestown,IN,375,3.30233333,39.981489700722,-86.395628455279
72130,GILBERTS SHELL,SR-72 & CR-59,Gilberts,IL,290,3.279,42.103308412295,-88.359700482506
72132,GO TIME 4,I-64 Exit 94 & SR-1958,Winchester,KY,410,2.90733333,38.010047007136,-84.204469958116
72134,Gulf,US-422 & SR-528/168,Parkman,OH,573,3.649,41.370497015943,-81.064155996341
72136,HANA TRAVEL CENTER,"I-30, EXIT 153 & SR-185",Winfield,TX,723,3.079,33.161827,-95.111435
72139,HOLMES EXPRESS,US-78 & SR-175,Memphis,TN,435,3.399,35.021018050154,-90.061205964175
72142,CASEYS #3990,"I-90E, exit 96 and SR-17",Elkhart,IN,465,3.629,41.729977983856,-85.890783660994
72143,Caseys #4023,US 36 & US 183,Phillipsburg                            ,KS,357,3.29233333,39.755905005036,-99.325989996701
72144,HUCKS FOOD & FUEL #397,US-68 & SR-432,Bowling Green,KY,487,3.499,36.954037751688,-86.50861965297
72145,JP ZEBULON,US-19,Zebulon,GA,67,3.135,33.113708,-84.341711
72146,HUTTER'S,SR-72,Jonestown                               ,PA,70,3.719,41.616288122913,-78.586372873545
72148,IRON HORSE TRAVEL CENTER,I-20 EXIT 270 & FM-1235,Merkel,TX,575,2.87566666,32.46753574051,-99.999545199618
72149,IVOR MART,US-460,Hopewell,VA,180,3.699,37.300331591488,-77.318748491371
72150,J AND R MARKET,SR-105 & SR-326,Sour Lake                               ,TX,610,3.159,30.140054002469,-94.403507976981
72153,Jet Food Store,SR-15 & SR-46,Soperton,GA,85,3.41566666,32.380083302213,-82.592848503307
72154,JET FOOD STORE #93,US-280 & SR-135,Vidalia,GA,195,3.43233333,32.211223785864,-82.464913084388
72155,JIFFY TRIP #142,US-77,Newkirk                                 ,OK,500,3.059,36.875408,-97.056293
72156,JORDANS KWIK STOP #5,US-412,Portia,AR,418,3.37566666,36.084304,-91.063414
72157,JORDANS KWIK STOP #52,US-67 & SR-304,Pocahontas,AR,418,3.31233333,36.238722310513,-90.958098094425
72160,KENJO MARKET #52,US-321,Maryville,TN,405,3.249,35.755632,-83.93308
72162,Krazy K's,US-45,Buckatunna                              ,MS,620,3.149,31.553256,-88.530931
72163,KWIK FILL,US-206,Hillsborough,NJ,115,3.399,40.477378299195,-74.655664945141
72170,STRIPES # 41977,"I-2, EXIT 168",La Feria,TX,639,3.219,26.165792704307,-97.82759966362
72171,LAWTEY SHELL SERVICE,US-301 ,Lawtey                                  ,FL,75,3.599,30.055581,-82.068337
72175,ALLSUPS #2410,"I-35/US-77, EXIT 368 & SR-22",Whitney,TX,765,2.96566666,31.953697860391,-97.312779677087
72180,LITTLEFIELD EXPRESS #4,I-40 Exit 321,Muldrow                                 ,OK,645,3.419,35.392842889434,-94.599600107601
72181,LITTLEFIELD EXPRESS #7,US-167,Cave City,AR,418,3.349,35.919032,-91.549343
72182,LULING MINI MART,I-10 Exit 628 & SR-80,Luling                                  ,TX,595,2.96566666,29.674059999955,-97.648654579021
72184,MACS 33,US-49,Florence,MS,620,2.899,32.178603659144,-90.134838756552
72185,Circle K #2709332,US-231/SR-53,Montgomery,AL,720,3.259,32.457056125481,-86.19940937184
72188,MARATHON,US-61 & SR-637,Reserve,LA,623,3.749,30.076987012325,-90.564665976243
72189,MARATHON,I-75 & CR-20,Middletown,OH,317,3.21566666,39.468434182679,-84.325969007018
72190,Minuteman Food Mart #37,US-74,Leland,NC,245,3.389,34.258355,-78.064602
72191,MARATHON RIVERSIDE GAS,I-80 & CR-6,Elkhart,IN,465,3.499,41.724424472708,-85.977018786186
72192,MASSEY FUEL,"I-95, EXIT 30",Bridgeport,CT,100,3.399,41.174486603298,-73.160829780772
72193,MERRIMAN COUNTRY STORE,SR-1 & CR-3700,Allen                                   ,OK,569,3.099,34.883696006091,-96.423879990552
72194,Mobil,I-57,Riverdale,IL,365,3.699,41.663235,-87.660619
72195,MOBIL,US-46,Columbia,NJ,90,3.079,40.919733261283,-75.086331257765
72196,MORGAN OIL,US-224 & CR-231,Lowellville,OH,573,3.399,41.024024007387,-80.525212027377
72197,MOTOMART #3369,SR-370 E,Saint Charles                           ,MO,540,3.04233333,38.821640166768,-90.509040538112
72199,ZX,I-270 Exit 22B,Hazelwood,MO,540,3.059,38.7729354,-90.4003883
72200,Swift Mart,I-55/SR-7 & US-51,Grenada                                 ,MS,655,3.36566666,33.823332909412,-89.8389343125
72201,MUDD CREEK COUNTRY STORE,US-79,Franklin                                ,TX,670,3.194,31.010785,-96.510816
72202,MUSTANG MARKET,I-80 Exit 73,Sparks                                  ,NV,966,4.199,39.520272,-119.626073
72205,NIC'S,SR-97,Bainbridge,GA,20,3.379,30.956395827619,-84.509451061787
72206,NORTHLAKE BP,I-294 & US-45,Melrose Park,IL,290,3.599,41.94493101069,-87.885432032815
72207,NZT,I-294,Alsip                                   ,IL,365,3.589,41.666119040992,-87.751470319961
72210,CITGO,US-70,Princeton                               ,NC,205,3.699,35.456036,-78.138202
72212,PARKERS #72,US-52 & SR- 402,Moncks Corner,SC,42,3.25566666,33.218817479545,-79.969575665877
72213,PETRO-CANADA,Hwy 89 & Hwy 400,Cookstown,ON,720,3.98155204,44.20063543329,-79.655025470841
72215,PIT STOP #1,SR-31 & SR-34,Weedsport                               ,NY,220,3.899,43.055502000756,-76.558069994933
72216,Pit Stop #14,US-20/US-16,Worland,WY,836,3.829,44.017029788821,-107.955714985378
72217,PIEDMONT PETROLEUM,US-501,Lynchburg,VA,185,3.459,37.372983,-79.218716
72219,QUICK FILL,US-78/SR-4,Eastaboga                               ,AL,587,3.099,33.603539,-85.99922
72222,RAINY LAKE OIL,CR-332 & CR-24,International Falls,MN,334,3.379,48.592858015836,-93.394552978405
72224,RAYMOND TRUCK STOP,US-1/US-9,Newark,NJ,115,3.259,40.740339638253,-74.180418120697
72225,SHEETZ #144,US-220 & SR-55,Moorefield,WV,60,3.289,39.065445177506,-78.969855567622
72226,REBEL GAS MART,SR-7,Oxford,MS,435,3.049,34.281878,-89.519581
72227,RED BANKS VALERO,I-22 & SR-178,Red Banks,MS,435,2.999,34.828140584206,-89.564658659308
72228,REFUEL #1043,US-15,Sumter,SC,42,3.09566666,33.860516498732,-80.364437652922
72229,REFUEL #1047,US-521,Sumter,SC,42,3.00566666,33.999543166254,-80.420710020895
72230,REFUEL #1116,US-64,Apex,NC,177,3.799,35.74479922356,-78.821040605978
72231,RENO JUNCTION TRAVEL PLAZA,SR-59 & SR-387,Wright,WY,822,3.509,43.761510291957,-105.475747764798
72232,RICKY ROCKETS FUEL,I-294 & US-12,HICKORY HILLS,IL,291,3.899,41.718714005183,-87.806696038603
72233,ROAD RANGER #284,I-27 & FM-1729,New Deal,TX,700,2.98566666,33.737429103533,-101.840054929451
72235,ROC ONE STOP #1,SR-34,Galatia,IL,473,3.559,37.827000415175,-88.539626448581
72236,ROYAL FARMS #108,US-13,Cape Charles,VA,130,3.47233333,37.180789,-75.969526
72237,ROYAL FARMS #135,SR-404 & SR-16,Denton                                  ,MD,194,3.339,38.851508087875,-75.815768482078
72238,ROYAL FARMS #169,I-895 & US-40,Baltimore                               ,MD,22,3.259,39.302524216148,-76.546132823707
72239,ROYAL FARMS #171,US-13 & SR-24,Laurel                                  ,DE,194,3.259,38.556773220747,-75.574010132933
72240,ROYAL FARMS #191,I-83 Exit 20A,Hunt Valley,MD,22,4.199,39.491915060799,-76.666610249871
72241,ROYAL FARMS #242,I-95 Exit 27,Philadelphia,PA,160,3.799,40.002471,-75.081243
72242,ROYAL FARMS #311,SR-7 & SR-43,Nottingham,MD,22,3.269,39.376833894931,-76.438898861613
72243,Racetrac #2611,"I-65, EXIT 116",Shepherdsville,KY,415,2.959,37.981342604053,-85.699235561769
72247,SEVEN MART,I-20 & SR-17,Delhi,LA,719,3.199,32.468171593811,-91.492493598887
72248,SHELBY EXPRESS,SR-175,Memphis,TN,435,3.699,35.020995,-89.879357
72250,RACEWAY #6854,US-278 & SR-113,Rockmart                                ,GA,18,3.17233333,34.007926012393,-85.028842969345
72251,SHELL,I-94 & US-12,Detroit,MI,325,3.899,42.354516984129,-83.085129998198
72256,SHELL,US-1,Warren                                  ,ME,203,3.999,44.112161,-69.254454
72257, DUCK THRU #55,US-13BYP & SR-308,Windsor,NC,205,3.239,36.004034092652,-76.96096964039
72259,SHELL,SR-72 & SR-25,Dundee,IL,293,3.279,42.093585991344,-88.257989021138
72260,Duck Thru #58,US-13 & CR-677,Suffolk,VA,130,3.449,36.596181,-76.676209
72261,SHELL,US-45 & CR-520,Shannon,MS,742,3.199,34.153881014396,-88.702391995444
72262,7-ELEVEN #38855,"I-95, exit 58",Colonial Heights,VA,180,3.509,37.310276093837,-77.396042833666
72263,SPARTAN FUELS,US-80 & SR-22,Columbus,GA,50,3.309,32.554578013976,-84.758666988815
72264,CIRCLE K #2654249,SR 24 & SR 286,Paris,TX,723,2.959,33.631169816307,-95.559643579442
72266,SHELL SERVICE STATION,I-65 Exit 14 & US-64,Pulaski                                 ,TN,655,3.209,35.193885013086,-86.87210612319
72267,SHELL SERVICE STATION,I-90 Exit 52,Elgin                                   ,IL,290,3.279,41.946386,-87.70746
72268,SHORT STOP,US-67/283,Santa Anna,TX,575,3.499,31.741854138772,-99.310345664206
72273,SPINX #341,SR-41,Charleston,SC,42,3.33233333,32.931104,-79.819768
72274,SPINX #366,SR-642,Summerville,SC,42,3.279,32.932001011414,-80.13633300091
72276,STAR 001,US-20 & SR-23,SOUTH BEND,IN,465,3.73233333,41.641180814077,-86.297649120119
72277,STOP N GAS,SR-15 & SR-39,Yorkshire                               ,NY,38,4.099,42.530188507142,-78.474474263652
72278,SUN DO,I-74 Exit 197,Maxton                                  ,NC,63,3.439,34.6858535,-79.2785756
72279,AMOCO,US-30,Clarence,IA,380,3.399,41.882507819537,-91.020164444271
72281,SUNOCO,I-95 Exit 77B & SR-24,Edgewood,MD,22,3.299,39.453750317395,-76.315951903835
72282,SUNOCO,I-278 Exit 48,Bronx,NY,105,4.539,40.802136114338,-73.916475728385
72285,CUSSETA TRAVEL CENTER,SR 520,Cusseta,GA,50,3.199,34.27402,-84.807723
72287,CASEY'S #4522,US-81,Hennessey,OK,483,3.059,36.122119601022,-97.895820183371
72288,S&G #88,I-475 Exit 13 & US-20,Toledo,OH,550,3.009,41.638068948704,-83.663856323652
72289,SUNOCO,SR-12 & FM-1136,Orange,TX,610,2.899,30.192974992186,-93.896069989491
72290,SUNSTOP,US-19,Thomasville,GA,20,3.28233333,30.871143,-83.955336
72291,Union 76,US-129,Mc Alpin,FL,75,3.659,30.145324996904,-82.950877537857
72292,SUNSTOP #336,SR-121 & CR-18,Lake Butler,FL,75,3.59233333,29.946370013033,-82.42480601297
72293,ONE9 #1402,I-10 & SR-71,Marianna                                ,FL,20,3.299,30.721537680701,-85.185556730808
72294,SWANTON SUNOCO,I-89 & SR-78,Swanton                                 ,VT,39,3.539,44.92071195269,-73.116434986292
72295,SWIFT,US-69,Nederland,TX,610,2.98566666,29.999576284088,-94.039218314309
72296,SWIFT STOP #5,US-84 & US-380,Post,TX,700,2.943,33.190613088586,-101.378181048851
72297,T & M FOOD STORE,SR-113,Taylorsville                            ,GA,193,3.367,34.101933,-84.927192
72298,TARZAN AND JANE,I-20 & SR-137,Stanton,TX,612,3.299,32.138473015343,-101.805932038373
72302,TEXACO,SR-114 & SR-156,Pennington,AL,705,3.19733333,32.207194982193,-88.054704986538
72303,TEXACO #378602,I-59 Exit 85 & SR-590,Ellisville,MS,620,3.199,31.585841885232,-89.237899821663
72305,THE ANCHOR,US-60 & CR-3500,Mountain View                           ,MO,535,3.03233333,37.000902009663,-91.68280297503
72308,Racetrac #2609,SR-60,Okeechobee,FL,140,3.299,27.698694,-80.899374
72309,Racetrac #2608,"I-59, EXIT 181 & SR-77",Gadsden,AL,587,2.999,33.953400913876,-86.039314965336
72310,RACETRAC #2387,US-19,Hudson,FL,225,3.31566666,28.398507,-82.65979
72313,THOMPSON'S CORNER,US-25,Millen                                  ,GA,135,3.31566666,32.809585,-81.949116
72314,THORNTONS #0333,SR-59 & SR-56,Warrenville,IL,346,3.599,41.820417587562,-88.203912921345
72315,THORNTONS #221343,US-14 & SR-31,Crystal Lake,IL,293,3.449,42.221863014727,-88.28645497015
72316,THORNTONS #221344,SR-120,Mchenry,IL,297,3.649,42.328101,-88.197989
72317,THORNTONS #261169,SR-1747 & SR-2052,Louisville,KY,415,3.28066666,38.156296987159,-85.659913022844
72318,THORNTONS #330,I-55 & SR-50,Cicero,IL,290,3.599,41.881286835122,-87.745202725369
72319,THORNTONS #5,I-55 & SR-50,Cicero,IL,290,3.649,41.881286835122,-87.745202725369
72320,THORNTONS #616,SR-265,Lebanon,TN,460,2.87566666,36.132646,-86.402723
72321,Thorntons #617,I-24 Exit 64,La Vergne,TN,460,2.88233333,35.994361297329,-86.59421526508
72324,TREE CITY TRAVEL PLAZA,US-421,Greensburg,IN,375,3.989,39.353879,-85.507583
72325,TREX MART #17,I-29 & SR-371,Platte City,MO,400,2.999,39.385551199962,-94.789469975414
72326,CIRCLE K #4700101,I-65 Exit 50,Seymour,IN,375,3.499,38.965052,-85.889962
72328,Tropic Fleet Hialeah Cardlock,SR-953 & SR-934,Miami                                   ,FL,95,3.479,25.848108733811,-80.177269211891
72329,TROTTERS,SR-2 ,Broken Bow                              ,NE,475,3.299,41.354205412662,-99.522233813402
72330,TRUE NORTH #325,SR-57 & SR-113,Elyria,OH,414,3.679,41.377702980012,-82.076268038748
72331,TUPELO TRAVEL STOP,SR-48 & SR-3,Tupelo,OK,569,2.999,34.610982991108,-96.42438399439
72332,TXB #82 DBA KWIK CHEK FOOD STORES,US-83,Asherton,TX,693,3.259,28.271275605513,-99.614192515176
72333,UNITED MARKET,US-84,Blackshear,GA,75,3.76566666,31.321729,-82.218552
72335,VALERO,US-30 & SR-598,Galion,OH,411,3.499,40.762402010505,-82.793938993846
72337,VALLEY COUNTRY STORE,I-84 & US-93,Jerome,ID,787,3.43233333,42.641829011329,-114.445685033894
72338,VALLEY MART #05,US-90 & SR-173,Hondo                                   ,TX,740,3.199,29.348773383232,-99.117040885201
72339,VP RACING FUEL,US-231 ,Panama City,FL,145,3.499,30.222965,-85.59457
72340,WARREN OIL,US-6,Channahon                               ,IL,399,3.629,41.469387,-88.176059
72342,WHITE RIVER,US-231 & SR-58,Bloomfield,IN,546,3.759,38.914622896777,-86.922374659647
72343,WOLF DEN,US-97,Wapato,WA,925,3.409,46.457590971024,-120.431195955738
72344,WOW FOOD MART,I-75 & US-25,Richmond,KY,410,3.609,37.876275204064,-84.333044422945
72345,YAKAMART,US-97,Toppenish                               ,WA,925,3.509,46.37633,-120.33295
72346,Y-NOT STOP,US-165 & SR-10,Oakdale,LA,730,3.699,30.811817,-92.666901
72347,MARATHON,I-94 Exit 121,Albion,MI,431,3.699,42.263875415432,-84.75964994683
72348,7-ELEVEN #34718,"I-294, EXIT 25",Hinsdale,IL,290,3.839,41.783082,-87.906733
72349,7-ELEVEN #34713,"I-90, EXIT 24",Belvidere,IL,290,3.879,42.232767,-88.835087
72350,7-ELEVEN #34709,504 N CREGO RD,Dekalb,IL,290,4.439,41.900317,-88.739263
72351,LOVES TRAVEL STOP #874,"I-65, EXIT 175 & SR-25",Lafayette,IN,365,3.67233333,40.455471845556,-86.84880376181
72352,LOVES TRAVEL STOP #858,"I-49, EXIT 172 & US-84",Mansfield,LA,745,3.24566666,32.063120168794,-93.56089021197
72360,PUMP & PANTRY #22,SR-91 & SR-11,Burwell,NE,330,3.299,41.784237982605,-99.112376020808
72361,PUMP & PANTRY #39,I-80 Exit 179 & SR-56G,North Platte,NE,330,3.11566666,41.106962797069,-100.7253604
72362,PUMP & PANTRY #18,US-281 & CR-11,Doniphan,NE,330,3.30733333,40.770903661459,-98.334938125119
72363,PUMP & PANTRY #1,US-30,Grand Island,NE,330,3.30733333,40.93188,-98.319813
72368,CHEVRON #352416,I-8 Exit 73,Jacumba,CA,900,6.399,32.637116955035,-116.168296358548
72372,Eastland Truck Stop,I-20 Exit 340 & SR-6,Eastland                                ,TX,575,2.93233333,32.399377698086,-98.818024845882
72373,Rusty Lantern,SR-4 ,Turner                                  ,ME,170,3.899,44.18886,-70.237064
72374,Rusty Lantern,SR-26 & SR-219,West Paris                              ,ME,170,3.96566666,44.333043016648,-70.555540020836
72376,SUNOCO,US 84 & SR 39,Donalsonville,GA,20,3.499,31.04415220856,-84.881211254751
72378,EB SUNOCO,SR-3 & SR-28,Muncie,IN,457,3.799,40.277021001222,-85.368148025762
72380,EXXPRESS MART #12,US-287 & SR-421,Lumberton                               ,TX,610,2.959,30.271394,-94.226157
72382,EXXPRESS MART #4,SR-105,Beaumont,TX,610,3.199,30.132351,-94.253401
72385,GAS N WASH,I-57 & SR-17,Kankakee                                ,IL,399,3.599,41.120600379499,-87.865463001703
72387,Williams Fuel Stop,SR-7 & SR-735,Gallipolis,OH,255,3.54066666,38.845855583831,-82.145975717411
72389,PILOT #1354,US 385,Odessa,TX,710,3.56566666,31.974072079282,-102.414399454097
72390,QUIKTRIP #46,US 169 & SR 266,Tulsa,OK,560,3.14233333,36.220485007493,-95.851815015009
72391,QUIKTRIP #56,US-169 & SR-11,Tulsa,OK,560,3.14233333,36.299745610169,-95.991098351962
72394,LOVES TRAVEL STOP #871,"I-85, Exit 32",Piedmont,SC,30,3.19733333,34.675914478518,-82.534856762941
72395,ALLSUPS #2427,US 84,Gatesville,TX,765,3.00733333,31.432297,-97.70486
72396,RACETRAC #2624,US-1,Marathon                                ,FL,95,3.23566666,24.713021,-81.089099
72400,HAN DEE HUGOS #21,US-17 & SR-87,Winnabow                                ,NC,245,3.41233333,34.144713014432,-78.09383498416
72402,HAN DEE HUGOS #5,SR-410 & SR-211,Bladenboro                              ,NC,63,3.20566666,34.55176861703,-78.784396936551
72403,HAN DEE HUGOS #67,US-70,Raleigh                                 ,NC,177,3.999,35.902461,-78.680727
72408,JOURNEY FOOD STORE #2,US-301,Callahan,FL,75,3.399,30.569846,-81.836647
72410,KELLEYS MARKET,I-90 Exit 15 & US-20 BUS,Rockford                                ,IL,520,2.969,42.271088590972,-88.964971205669
72412,KELLEYS MARKET,US-20,Cherry Valley,IL,520,3.699,42.238916,-88.919885
72413,TROPIC OIL COMPANY,SR-17,Lake Wales,FL,140,3.499,27.985470997001,-81.594855537835
72418,SHELL,SR-953,Miami                                   ,FL,95,3.479,25.725104944214,-80.261619823424
72419,Denver 39th Ave Cardlock,I-70/US-36 EXIT-281,Denver,CO,800,3.49066666,39.769804432976,-104.762411643666
72420,MAVERIK COUNTRY STORE #620,SR-8,Saint George,UT,791,3.46233333,37.113724,-113.560143
72424,MIDDLESEX FOOD STORE,CR-604,Carteret                                ,NJ,79,3.51566666,40.57210712035,-74.223273836082
72425,MINUTEMAN FOOD MART #18,SR-87,Tar Heel                                ,NC,63,4.619,34.733535,-78.792442
72428,QUIKTRIP #7249,US 80 E,Flowood,MS,705,2.91566666,32.279795,-90.156961
72429,PARKERS #16 (DISCOUNT AVAILABLE),SR-21,Port Wentworth                          ,GA,195,3.10566666,32.161747785226,-81.18361131673
72430,PATRIOT FUELING CENTER,SR-9,Lineville,AL,587,3.299,33.304926,-85.756589
72432,Yesway #1203,SR-6,Clifton,TX,765,2.969,31.75018924122,-97.556071311112
72433,RENFROE STORE,SR-25,Carthage,MS,705,4.099,32.861662,-89.44968
72435,Cedar City Cardlock (Bulk Plant),"I-15, EXIT 59",Cedar City                              ,UT,791,3.459,37.677344,-113.061742
72436,Ricky Rockets,SR-390 &SR-53,Itasca,IL,297,3.579,41.987840780983,-88.031527934611
72437,Tropic Oil,US-191,Moab                                    ,UT,810,4.169,38.677427881518,-109.689967024633
72438,QUIKTRIP #7208,I-290 EXIT 18A,Bellwood,IL,290,3.099,41.871989944492,-87.864533031042
72440,Rutters #84,US-15 & SR-340,Emmitsburg,MD,22,3.91566666,39.686220259052,-77.340808989187
72441,SHEETZ #165,US-6,Coudersport,PA,240,3.699,41.768375,-78.027071
72442,SHEETZ #239,I-70 Exit 57,New Stanton                             ,PA,68,3.28566666,40.217233205399,-79.611123998046
72443,SHEETZ #553,I-81 Exit 3,Greencastle,PA,70,3.33233333,39.751299550705,-77.728841171103
72444,SHEETZ #597,I-40 Exit 126,Hickory                                 ,NC,46,2.859,35.709099731235,-81.297632777526
72445,SHEETZ #639,I-80 Exit 223,Youngstown,OH,573,3.059,41.123478153181,-80.771411774572
72446,SHEETZ #656,US-219 & US-6,Kane,PA,240,3.699,41.709647,-78.693718
72447,SHEETZ #689,I-64 EXIT 197A  & SR-156,Henrico,VA,180,2.949,37.535378269295,-77.323331862058
72448,SHELL SERVICE STATION,SR-55,Morrison,TN,285,3.499,35.60285,-85.91971
72456,SPINX #161,I-85 Exit 60 & SR-101,Greer,SC,210,3.159,34.942575288632,-82.251135116328
72458,7-ELEVEN #41335,SR-80 & SR-29,Labelle,FL,225,3.599,26.761742302571,-81.437382195814
72459,7-ELEVEN #34154,I-75 Exit 128,Fort Myers,FL,225,3.299,26.523470807876,-81.794975538661
72462,Story Belgrade Cardlock,"I-90, EXIT 298",Belgrade,MT,786,3.699,45.776196,-111.177155
72466,Holbrook Cardlock,I-40 EXIT 285,Holbrook                                ,AZ,930,3.23233333,34.90723518535,-110.183486227174
72467,SUNOCO SERVICE STATION,I-81 Exit 44 & SR-465,Carlisle                                ,PA,70,3.889,40.200796587021,-77.242731170001
72468,Springerville Cardlock,US-191,Springerville,AZ,930,3.259,34.131285,-109.282483
72471,THORNTONS #221335,I-55 Exit 263,Bolingbrook,IL,296,3.649,41.658598908358,-88.118820375327
72473,Loves Travel Stop #885,US 77,Harlingen,TX,665,3.649,26.249248,-97.726657
72475,Express 24,SR-77 & US-60,Show Low                                ,AZ,930,3.299,34.204532310462,-110.080883973316
72476,Mandan Cardlock (Bulk Plant),"I-94, EXIT 153",Mandan                                  ,ND,273,3.599,46.826465,-100.88974
72477,Racetrac #2618,US-231 & CR-8,Huntsville,AL,615,2.95066666,34.586206072731,-86.558165591701
72478,Racetrac #2621,SR-53,Huntsville,AL,615,3.099,34.791386,-86.668468
72479,CEFCO #2086,US 180 & 84,Snyder,TX,700,2.96566666,32.704668102183,-100.868284237044
72480,TA Mt Vernon,I-44,Mount Vernon,MO,535,3.404,37.101302,-93.819033
72481,CASEYS #4323,SR-57 & SR-60,Wanamingo                               ,MN,451,3.499,44.297708097984,-92.790733162682
72482,RUTTERS FARM STORE #80,SR 61,Orwigsburg,PA,208,3.859,40.639464,-76.089979
72483,Circle K #4700047,I-65 Exit 34A,Austin,IN,415,3.799,38.739369977025,-85.819419433445
72485,ALLSUPS CONVENIENCE STORE #2160,US 70,Roswell,NM,593,3.25566666,33.372804,-104.518602
72486,QUIKTRIP #4216,"I-70 & SR-79, EXIT 304",Bennett,CO,800,3.199,39.738111984794,-104.433386020564
72487,PILOT #1380,I-2 EXIT 161,Mercedes,TX,639,3.659,26.153282650002,-97.925689379381
72488,MAVERIK COUNTRY STORE #657,I-15 Exit 10,Washington,UT,910,3.42566666,37.131579422311,-113.521312654538
72489,CASEYS #3987,LINCOLN HWY,Wanatah,IN,465,3.71566666,41.43377022014,-86.866030845201
72490,ASAP GENERAL STORE #322,US-281,Hinton,OK,483,3.13233333,35.45639924663,-98.359262020494
72492,CIRCLE K #2709098,US 85,Greeley,CO,800,3.21066666,40.402771,-104.68116
72493,Chiricahua Apache Plaza,I-10 EXIT 102,Deming,NM,640,3.03733333,32.241243,-107.420115
72494,7-ELEVEN #42132,"I-35, EXIT 131",Lytle,TX,740,3.599,29.234238596528,-98.783269256882
72495,ROAD RANGER #286,1-40 EXIT 77,Amarillo,TX,585,2.97233333,35.192928399845,-101.703578620241
72496,ROAD RANGER #289,I-45 EXIT 189,Teague,TX,765,3.39566666,31.595298520477,-96.15275462725
72497,ROAD RANGER #290,"I-44, Exit 13",Joplin,MO,277,3.21233333,37.070290149082,-94.401597202411
72498,SHEETZ  #760,"I-71, EXIT 140 Township Rd 256",Marengo,OH,315,3.06566666,40.350165709463,-82.778673616165
72499,Bowie Travel Center Chevron dba One9 #1411,I-10,Bowie,AZ,980,3.014,32.325605,-109.48419
72500,GAS N WASH,US 34,Plano,IL,290,3.599,41.661987,-88.517212
72501,QUIKTRIP #7203,"I-80, EXIT 75 &SR-251",Peru,IL,520,3.159,41.365511606618,-89.120891703815
72502,QUIKTRIP #7133,"I-95, EXIT 190 & SR-34",Dillon,SC,63,3.08233333,34.419514452943,-79.413733998656
72503,QUIKTRIP #7151,I-55/40 EXIT 278 & SR-191,West Memphis,AR,435,2.999,35.14825327694,-90.175858215233
72505,CASEYS #4379,I-59 HWY,Worthington,MN,530,3.14233333,43.618797,-95.595525
72506,CASEYS #4273,SR-56,Madison,IN,375,3.699,38.771097782252,-85.439351009763
72507,Golden Gate Fillmore,SR 99,Fillmore,UT,791,3.29733333,38.991720042571,-112.323266587878
72510,STUCK FLEET FUELING,US-19,Waynesburg,PA,165,4.499,40.113125,-80.427111
72514,Petro-Card 24 #910722,SR-6,Trenton                                 ,MO,276,3.149,40.106372139254,-93.440880003262
72515,PETRO-CARD 24 #910520,US-54BUS,Mexico                                  ,MO,310,3.229,39.164535059989,-91.874885392929
72519,CIRCLE K #2723050,SR-59,Hope Mills,NC,205,2.909,34.935062,-78.921038
72520,PETRO-CARD 24 #910160,US-50,Warrensburg                             ,MO,400,3.299,38.775246267994,-93.744643025418
72521,PETRO-CARD 24 #910410,I-44/US-66,Lebanon                                 ,MO,535,3.099,37.678203,-92.663395
72522,MFA #910591,US-63 ,La Plata,MO,494,3.339,40.018494154461,-92.476150517173
72523,Petro-Card 24 #910820,US-60BUS,Willow Springs                          ,MO,535,3.399,36.99247720128,-91.970247226487
72524,QuickChek #189,US-46,Ridgefield,NJ,115,3.25233333,40.845161,-74.009376
72526,PETRO-CARD 24 #911251,US-169,King City                               ,MO,567,3.299,40.051373342692,-94.52368316229
72528,MFA #910260,SR-87/240,Glasgow                                 ,MO,310,3.3965,39.213412222086,-92.838279173168
72529,PETRO-CARD 24 #910530,US-24,Moberly                                 ,MO,310,3.419,39.441574404359,-92.432046246495
72530,PETRO-CARD 24 #910140,US-50 BUS,California                              ,MO,392,3.459,38.627610279901,-92.566452373321
72531,PETRO-CARD 24 #910040,US-60 BUS,Aurora,MO,416,3.209,36.970760263893,-93.720938031795
72533,Fuel 4,US-9,Jersey City,NJ,115,3.239,40.751236,-74.040271
72534,Petro-Card 24 #911290,US-59,Mound City                              ,MO,567,3.149,40.130725810025,-95.231699736911
72535,MFA #911310,SR-5,Centerville                             ,IA,489,3.12566666,40.730841395903,-92.867925577428
72536,MFA 910281,SR-5 ,Milan,MO,276,3.299,40.120074668392,-93.15478193309
72537,PETRO-CARD 24 #910210,SR-7,Clinton                                 ,MO,400,3.399,38.366167878662,-93.74395336848
72538,Petro-Card 24 #910670,SR-51,Qulin                                   ,MO,275,3.199,36.627744042881,-90.265508489911
72540,MFA #910441,US-54,Louisiana                               ,MO,494,3.049,39.40557015124,-91.106105078413
72541,MFA 911021,US-136 ,Tarkio                                  ,MO,567,3.329,40.437099784011,-95.273094290496
72542,MFA #910731,SR-15,Shelbina                                ,MO,494,2.999,39.732995242577,-92.040657761508
72543,PETRO CARD 24,SR-18,Clinton                                 ,MO,400,3.399,38.366838682412,-93.776227211756
72544,BJS NEW UNDERWOOD,CR-1416,New Underwood,SD,506,3.699,44.096606,-102.830239
72546,MFA OIL #2028,SR-53,Poplar Bluff                            ,MO,275,3.23233333,36.686933550469,-90.346738337492
72548,GASQUATCH,US-70/SR-3,Idabel,OK,723,3.10733333,33.89604793274,-94.78897300414
72550,TERRIBLE HERBST #388,I-15 Exit 91,Moapa,NV,910,3.549,36.661324,-114.561707
72551,Good 2 Go,US-81,Geneva,NE,350,3.36566666,40.492299541845,-97.595844012539
72552,VALLEYWIDE COUNTRY STORE,I- 86 Exit 40,American Falls,ID,787,3.599,42.792136,-112.835325
72553,Friendly Express,I-71 Exit 186 & US-250,Ashland,OH,249,3.199,40.938300107289,-82.343036480692
72554,CEFCO #422,SR-4,Baker,FL,127,3.299,30.784988,-86.683979
72556,STARMART,US-183,Goldthwaite,TX,765,3.099,31.464086477659,-98.574164829884
72557,LITTLE NECK SHELL,I-16 Exit 152,Bloomingdale,GA,195,3.099,32.099706660696,-81.321452426808
72558,Circle K #4703975,SR-109 & US-70,Lebanon,TN,460,2.87233333,36.232911011313,-86.428917016102
72559,SUN TRAVEL CENTER,I-55 EXIT 114A,Canton,MS,760,3.499,32.539256665465,-90.097205172344
72560,AMOCO,US 131 & US 12,White Pigeon,MI,465,3.599,41.798115058266,-85.642616749072
72561,7-ELEVEN #38638,I-25 Exit 235,Erie,CO,800,3.399,40.000417846025,-104.961497991815
72562,7-ELEVEN #17703,US HWY 11,Martinsburg,WV,70,3.249,39.476308426947,-77.956471400812
72563,RACEWAY #6991,I-65 Exit 19 & US-43,Creola,AL,715,2.949,30.877091510589,-88.044624867588
72565,WEIGEL'S #102,I-75 & SR-30,Athens,TN,405,3.34733333,35.448898890667,-84.598336240911
72566,Loves  Travel Stop #826,I-70 Exit 75,Parachute,CO,800,3.59566666,39.453293682033,-108.04951743374
72567,THE TEXAN #12,US 87,La Vernia,TX,740,3.049,29.357728,-98.13131
72569,RACETRAC #204,US-19 & SR-400,Dawsonville                             ,GA,18,3.319,34.362548140532,-84.037265347079
72570,Lake View Cheese & Liquor,I-43,Belgium,WI,444,3.25566666,43.542702483435,-87.792864168686
72571,MAVERIK #719,I-82 EXIT 33,Yakima,WA,962,3.929,46.602007008104,-120.482933314841
72572,GOOD 2 GO #713 DBA ONE9 #1432,I-76 EXIT 21,Brighton,CO,800,3.199,39.953681116003,-104.774178428884
72574,Loves Travel Stop #831,"I-10 & Fort Grant Rd, Exit 340",Willcox,AZ,980,3.33233333,32.266614691944,-109.84429339871
72575,Loves Travel Stop #864,US-98,Lucedale,MS,715,3.449,30.953848392681,-88.590481140926
72576,Pride Travel Center South,"I-291 & SR-5, EXIT 4",South Windsor,CT,100,3.909,41.809561740462,-72.613182193348
72577,QUIKTRIP #7205,"I-80, EXIT 161",Lansing,IL,365,3.179,41.577513107973,-87.580592624519
72578,QUIKTRIP #7247,"I-55, EXIT 85",Byram,MS,760,2.91566666,32.181373614029,-90.257975230872
72579,Raceway #6986,US-378 & CR-467,Sumter,SC,135,2.979,34.001851982438,-81.031913999949
72580,KWIK TRIP #1267,SR 29,Chippewa Falls,WI,295,3.39233333,44.921458,-91.368553
72581,FASTRAC MARKET #500266,I-87 Exit 18,Queensbury,NY,12,3.999,43.3007103,-73.6783621
72582,FASTRAC MARKET #500242,SR-12 & SR-5A,Utica,NY,235,3.899,43.106090893553,-75.239097986016
72583,SHEETZ #769,I-80 Exit 232,Bloomsburg,PA,138,3.329,41.011384456661,-76.493928528054
72584,ONE9 #1359,"I-80, EXIT 30",Sparks,NV,966,3.549,39.534735709082,-119.743113007797
72585,GAS N WASH GREEN OAKS,"I-94, EXIT 16",Libertyville,IL,290,3.599,42.280902816109,-87.911031701721
72586,Loves Travel Stop #875,"I-49, Exit 15",Opelousas,LA,730,3.08566666,30.476130185,-92.076360345985
72587,Allsups Convenience #2416,I-20 EXIT 244 AND HWY 70,Sweetwater,TX,575,2.884,32.470612,-100.407381
72588,ALLSUPS CONVENIENCE #2430,US 380,Jacksboro,TX,630,3.044,33.192928588573,-98.140683778627
72589,ALLSUPS CONVENIENCE #2056,US 287,Memphis,TX,585,2.929,34.73325,-100.54295
72590,MAVERIK #716,I-80 & SR-351,Wells,NV,835,3.39233333,41.102194,-114.976322
72591,Quiktrip #7173,"I-20, EXIT 156",Pell City,AL,587,2.999,33.601250671399,-86.318496501292
72592,QUIKTRIP #7191,US-45 & I-57,Effingham,IL,510,2.999,39.144971803364,-88.533858660857
72594,Quiktrip #7900,I-30 & FM-989,Texarkana,TX,766,2.85733333,33.453985896639,-94.130756908157
72595,CIRCLE K #2654400,SR-115,Kearneysville,WV,22,3.26566666,39.417334774664,-77.919055160294
72596,Hucks Food & Fuel #401 dba Pilot #1360,"I-69, EXIT 25",Mayfield,KY,490,3.599,36.765410480322,-88.645038012007
72597,CIRCLE K #4705697,US 422,Warren,OH,573,3.61233333,41.260994,-80.872673
72599,FATDOGS LEXINGTON,US-283,Lexington                               ,NE,475,2.979,40.74864,-99.74056
72603,THORNTONS #170,I-465 Exit 46 & US-40,Indianapolis,IN,375,3.599,39.747232501277,-86.268080280287
72606,PETRO-CARD 24 #910474,US-65,Malta Bend                              ,MO,276,3.439,39.193417614649,-93.362637328105
72607,TOWN PUMP FOOD STORE #6300,I-90 & US-191,Big Timber,MT,786,3.539,45.835288806746,-109.954881497428
72608,Petro-Card 24 #910640,US-61,Perryville                              ,MO,275,3.099,37.732932256357,-89.863654547455
72610,JORDANS KWIK STOP #6,I-55 Exit 48 & SR-140,Osceola,AR,418,3.01233333,35.698438694241,-90.050771924063
72611,Kwik Trip # 1722,SR 35 & SR 553,Gwinn                                   ,MI,395,3.819,46.275931292342,-87.415594005685
72612,PETRO-CARD 24 #910411,I-44 & SR-32,Lebanon                                 ,MO,535,3.099,37.669567287746,-92.650026489352
72614,FAST FUEL FOOD STORES,SR-4,Gassaway                                ,WV,44,3.56566666,38.659524,-80.758874
72615,U STOP #4,US-6 ,Lincoln                                 ,NE,413,3.399,40.81368902467,-96.771296933041
72616,PETRO-CARD 24 #910700,SR-32,Sainte Genevieve                        ,MO,275,3.099,37.952775,-90.072153
72619,MARTYVILLE MARATHON,SR-25,Tishomingo,MS,742,3.279,34.649455,-88.230689
72620,CENEX,US-2 ,Leeds,ND,452,3.249,48.284649,-99.43716
72621,PETRO-CARD 24 #1047,SR-240,Slater                                  ,MO,276,3.459,39.215186018573,-93.067369611057
72622,Phillips 66,US- 60 & HWY AD,Dexter                                  ,MO,275,3.40233333,36.804558987173,-89.99695104081
72623,LENNYS FOOD N FUEL,US-6,Joliet,IL,296,3.659,41.443968,-88.1452069
72625,PETRO-CARD 24,SR-46 & US-71,Maryville                               ,MO,567,3.129,40.345284813244,-94.852108692216
72626,MFA OIL,SR-18,Lake City                               ,AR,418,3.399,35.823135654537,-90.500102916599
72628,Gas Pro 6,SR-121 & US-25,Trenton                                 ,SC,135,3.46566666,33.68530748118,-81.87093043787
72629,MFA #910600,SR-28,Owensville                              ,MO,392,3.299,38.353069608752,-91.485439691045
72630,PETRO-CARD 24 #910250,US-54 BUS,Fulton                                  ,MO,392,3.299,38.844670602486,-91.947200435185
72631,THORNTONS #221348,I-355 & SR-7,Homer Glen,IL,296,3.899,41.588185344512,-88.053293352582
72633,Petro-Card 24 #910830,SR-52,Windsor                                 ,MO,400,3.499,38.532408943831,-93.522015844824
72634,MURPHY USA #7827,US-385 & US-60,Hereford                                ,TX,585,2.829,34.811289983248,-102.405758966881
72635,GULF,SR-140,Boylston,MA,34,3.839,42.33446060932,-71.740505854287
72637,AZTEX #104,I-40 Exit 398,Knoxville,TN,405,3.359,36.002565008972,-83.77908266333
72639,ALLSUPS #2423,US-377 & US-70,Madill,OK,253,2.959,34.102411544002,-96.974201529721
72640,Kwik Trip # 1721,SR 553 & FM 480,Marquette                               ,MI,395,3.819,46.50045177855,-87.423673218337
72642,LOVES TRAVEL STOP #857,US-95 & US-6,Tonopah,NV,910,3.71566666,38.031299090027,-117.886658039823
72643,ONCUE #147,"I-44, EXIT 12",Oklahoma City,OK,483,3.049,35.335074,-97.491568
72644,MAVERIK COUNTRY STORE #642,I-25 EXIT 262,Fort Collins,CO,800,3.259,40.482914663966,-104.992238467747
72645,MAVERIK #723,"I-10, EXIT 240",Marana,AZ,980,3.04566666,32.422181319519,-111.159939944657
72646,TOOT N TOTUM #131,US 87,Lamesa,TX,710,3.109,32.756602,-101.946503
72647,RACEWAY #6972,US-83 & US-43,Demopolis,AL,615,3.07733333,32.518472411138,-87.837483080353
72648,Loves Travel Stop #873,US 50,Canon City,CO,803,3.509,38.473668872004,-105.442248356419
72649,Love's Travel Stop #891,US 93,Jackpot,NV,835,3.62733333,41.765039783429,-114.755401688728
72650,Loves Travel Stop #862,I-35 Exit 65,Cotulla,TX,693,3.589,28.413206080124,-99.252846959195
72651,QUIKTRIP #7132,"I-16, EXIT 152",Bloomingdale,GA,195,3.03233333,32.099706660696,-81.321452426808
72652,Quiktrip #4148,I-35 & GRAND AVE PKWY,Pflugerville,TX,595,2.88233333,30.456114993643,-97.666513983936
72653,Quiktrip #7153,US-78 & EXIT #4,Olive Branch,MS,435,2.91566666,34.947460999222,-89.833700819795
72655,RACEWAY #6988,US-79 & US-41,Clarksville,TN,460,2.999,36.551719988488,-87.494755507212
72656,ALLSUPS #2437,HWY 176 & HWY 115,Andrews,TX,710,3.39566666,32.324992782588,-102.51131998492
72660,RACEWAY #6989,US-157 & COURT ST ,Moulton,AL,615,3.049,34.483925054996,-87.27416337724
72663,LOC STOP TRAVEL CENTER,US-82,Dawson,GA,10,3.499,31.761557,-84.439269
72664,RACETRAC #2606,"I-30, EXIT 32B & SR-181",Grand Prairie,TX,630,2.92566666,32.759265414505,-97.031432250505
72666,CIRCLE K #2707043,"I-75/SR-401, EXIT 39 & SR-37",Adel,GA,20,2.999,31.135119011714,-83.437814057782
72667,LOVES TRAVEL STOP #884,"I-30, Exit 46",Prescott,AR,635,3.47566666,33.829704203564,-93.394382574313
72668,LOVES TRAVEL STOP #350,"I-19, Exit 12",Nogales,AZ,980,3.609,31.426825091635,-110.964205475955
72669,Quiktrip #356,US-81 & S Victoria RD,Wichita,KS,570,3.194,37.796376,-97.326837
72672,7-Eleven #42205,US 79,Hearne,TX,765,3.449,30.897581,-96.602798
72674,QUIKTRIP #7190,I-64 EXIT 94,Mount Vernon,IL,540,3.399,38.297068980223,-88.944496730782
72675,Maverik Country Store #715,I-80 EXIT 107,Big Springs,NE,475,3.10066666,41.047305206711,-102.074164930634
72676,KWIK TRIP #1212,"I 90, EXIT 43 ",Worthington,MN,425,3.164,43.638132528859,-95.59025598857
72677,KWIK TRIP #1256,SR 2 E,Iron Mountain,MI,360,3.289,45.832956,-88.059702
72678,FLYING J #1056,I-90/ I-80,Edon                                    ,OH,550,3.899,41.633531,-84.765761
72679,TEX BEST #532,US-281 & HWY 186,Edinburg,TX,639,3.02066666,26.556956985293,-98.122340570261
72680,RACEWAY #6990,US-98,Foley,AL,155,3.07566666,30.450013,-87.665469
72681,MAVERIK #691,I-76 EXIT 3,Denver,CO,800,3.284,39.799612747239,-105.028710920931
72682,Maverik #695,I-15 EXIT 276,American Fork,UT,835,3.349,40.358865732469,-111.782221914669
72683,HUCKS FOOD & FUEL #383,SR-57,Evansville                              ,IN,340,3.759,38.053514946705,-87.516123367652
72685,CHUBBYS TRAVEL CENTER,"I-35, Exit 127",Natalia,TX,740,2.97233333,29.185282,-98.844368
72687,Kwik Trip #1203,US-71 & Airport Rd,Redwood Falls,MN,425,3.349,44.541319019413,-95.077929904255
72688,SHEETZ #772,I-70 EXIT 59,Springfield,OH,317,3.054,39.894448940908,-83.725290087927
72689,ROAD RANGER #285,I-10 EXIT 605,Seguin,TX,740,3.11066666,29.581583086981,-97.997926888638
72690,Noble East Lyme,"I-95, EXIT 75",East Lyme,CT,100,3.759,41.370467873283,-72.201987890009
72691,KUM & GO #2402,US 60,Springfield,MO,535,3.17566666,37.115049616236,-93.033173367893
72693,Kum & Go #2404,US 60,Aurora,MO,535,3.119,36.949758079844,-93.704816242381
72694,7-ELEVEN #42195,I-385 EXIT 23,Fountain Inn,SC,30,3.11566666,34.678875266069,-82.200365408297
72695,Quiktrip #7906,"I-20, EXIT 617 & US-59",Marshall,TX,766,2.83733333,32.490162395624,-94.359287549962
72696,QUIKTRIP #1742,"I-475/SR-408, exit 5 & SR-74",Macon,GA,85,3.089,32.876204,-83.665649
72698,QUIKTRIP #7242,"I-10, EXIT 31",Gulfport,MS,733,2.91566666,30.424443016627,-89.133459667589
72699,Quiktrip #7195,"I-355, EXIT 29",Addison,IL,290,3.179,41.928842801924,-88.037306156747
72700,RACEWAY #6726,"I-30, Exit 172",Thomson,GA,135,3.399,33.510634238532,-82.505353114719
72701,Loves Travel Stop #887,I-55 EXIT 178,Herculaneum,MO,540,3.15566666,38.257568081539,-90.402820660027
72702,Loves Travel Stop #854,I-49 EXIT 215,Shreveport,LA,745,2.93733333,32.5907326,-93.8307669
72705,SHEETZ #795,US-460 & CR-629,Disputanta,VA,180,2.98233333,37.182931,-77.31646
72706,Sheetz #790,I-77 EXIT 100,Mount Airy,NC,65,2.859,36.481866950781,-80.750201901473
72707,QUIKTRIP #4299,"I-25, EXIT 158",Monument,CO,796,3.159,39.059599578265,-104.853424011392
72709,KWIK TRIP #1299,FM 164,Sussex,WI,444,3.28566666,43.132488,-88.18809
72710,KWIK STAR #1285,I-229 EXIT 9,Sioux Falls,SD,530,2.95233333,43.590255976453,-96.691970329503
72711,Kwik Trip #1260,FM 65 ,Roberts,WI,448,3.424,44.96381,-92.56008
72713,Kwik Star #1217,FM 11,Sioux Falls,SD,530,2.939,43.507561219232,-96.651738632534
72714,LOVES TRAVEL STOP  #771,I-85 & SR-18,West Point,GA,720,3.679,32.877733992821,-85.151406007424
72715,FLYING J #1372,"I-40, EXIT 28",Yucca,AZ,910,3.999,34.912898890154,-114.152202708314
72716,RACEWAY #7000,US-1 & SR-40,Folkston,GA,75,3.099,30.831635613382,-82.006101869981
72719,TA EXPRESS LITTLEFIELD,"I-15, EXIT 8",Littlefield,AZ,910,3.679,36.89318901895,-113.926765438148
72721,Racetrac #2625,SR 72 E & SHIELDS RD,Huntsville,AL,615,2.97733333,34.773039293835,-86.527650806367
72723,ONE9 #1362,"I-40, EXIT 253",Winslow,AZ,930,3.22566666,35.0390209861,-110.693175476223
72724,ONE9 #484,I-40 EXIT 146,Ash Fork,AZ,930,3.329,35.219710495824,-112.478589533461
72725,CASEYS #4481,US 75,Denison,TX,253,2.93566666,33.762417359512,-96.58549498984
72727,CASEYS #4319,SR-141,Perry,IA,320,3.129,41.831501683555,-94.094442988014
72728,CASEYS #4304,FM 103 & Belten Dr,Crete,NE,413,3.45733333,40.643548006492,-96.937710017403
72732,KUM & GO #2212,I-35 EXIT 89,Ankeny,IA,320,3.13233333,41.683645408783,-93.576857564299
72733,Parker's #94,US-17 N,Georgetown,SC,42,2.989,33.378480832008,-79.211027501786
72734,7-ELEVEN #41940,I-95,West Haven,CT,100,3.999,41.28875,-72.958576
72735,7-Eleven #41376,I-26 Exit 154B,Orangeburg,SC,42,3.22566666,33.456648713484,-80.730711028342
72736,FRIENDLY GUS STORE #12,I-16 Exit 49,Dublin,GA,85,3.27566666,32.493275,-82.983548
72737,Mollys Food and Fuel,"I-20, EXIT 175 & SR-150",Thomson,GA,135,3.499,33.510317634734,-82.448300733294
72738,BREAK TIME #3172,US-50/US-63,Jefferson City,MO,310,3.33566666,38.552426,-92.194811
72739,MAVERIK #712,US 70 & US 54,Alamogordo,NM,640,3.05566666,32.869411098244,-105.968919669263
72740,Caseys #4303,"I-80, EXIT 257 & US-183",Elm Creek,NE,475,3.03233333,40.688494788803,-99.379942211965
72741,Caseys #4298,"I-55, EXIT 220 & SR-47",Dwight,IL,368,3.349,41.0924425151,-88.420235868949
72742,Racetrac #2612,I-675 EXIT 7,Ellenwood,GA,18,3.109,33.635670177852,-84.306919383705
72743,PEOTONE TRAVEL CENTER,I-57 & SR-25,Peotone,IL,290,3.499,41.325443,-87.822534
72745,Loves Travel Stop #870,US-81 Exit 12 & SR-12,Watertown,NY,220,4.149,43.974290771398,-75.910173438448
72746,PARKERS #103,"I-26, Exit 205A",Ladson,SC,42,3.28233333,32.981369437912,-80.078081076442
72747,One9 #1358,"I-40,  EXIT 16",Gallup                                  ,NM,580,3.24566666,35.508103269632,-108.828717850319
72748,HORIZON TRAVEL PLAZA,US-411,Cartersville,GA,193,2.934,34.125620956292,-84.733060843479
72749,KWIK TRIP #1282,FM 42 & S Duluth Ave,Sturgeon Bay,WI,582,3.50733333,44.828484319826,-87.397298323303
72750,QUIKTRIP #1943,I-35 EXIT 368 & SR 22,Hillsboro,TX,641,2.919,32.04071039429,-96.996093577238
72752,QUIKTRIP #7178,I-65 EXIT 13 & SR 158,Saraland,AL,715,2.95733333,30.794910681872,-88.072765936754
72753,QUIKTRIP #7908,I-40 EXIT 73,Amarillo,TX,585,2.874,35.192317038818,-101.782378353328
72754,RACETRAC #2495,US 41 & US 19,Griffin,GA,85,3.229,33.196234201638,-84.283548111228
72755,RACETRAC #2620,I-465 Exit 42,Indianapolis,IN,375,3.159,39.835423865991,-86.037870662554
72756,Loves Travel Stop #876,I-94 Exit 34A,Michigan City,IN,365,3.789,41.657125635086,-86.895989019212
72757,Loves Travel Stop #860,I-59 EXIT 1,Picayune,MS,725,3.15566666,30.47143841734,-89.686607833418
72758,CEFCO #1117,I-20 EXIT 617,Marshall,TX,766,2.83233333,32.490708975477,-94.361763690116
72759,Allsups Convenience Store #2461,US-87 & SR-137,Lamesa,TX,612,3.099,32.730341645744,-101.960371744574
72760,RaceWay #6999,US-84 & US-319,Thomasville,GA,20,3.16566666,30.874032704567,-83.95635750329
72761,RACETRAC #2629,US-72/US-43 & SR-20,Tuscumbia,AL,615,2.999,34.715989504343,-87.667758030662
72763,FASTRAC MARKET #500270,SR-5/SR-13,Canastota,NY,235,4.449,43.079537774641,-75.751262738734
72764,CUMBERLAND FARMS #004783,US-5,East Windsor,CT,100,4.049,41.911996,-72.612757
72765,FASTRAC MARKET #500203,SR-104 & CR-256,Wolcott,NY,190,3.799,43.20427998584,-76.890096961004
72766,QUIKTRIP #1873,US 287  33.054731932354194,Rhome,TX,630,2.899,33.054582,-97.477931
72767,QUIKTRIP #4227,I-25 EXIT 243,Mead,CO,800,3.14733333,40.208481801771,-104.980422800863
72768,ROAD RANGER #287,I-57 EXIT 318,Bourbonnais,IL,290,3.379,41.203524299277,-87.866405042299
72769,TOOT N TOTUM #132,US 84,Lubbock,TX,585,2.97066666,33.530184,-101.871052
72770,RACETRAC #2634,I-95 Exit 77 & US-78,Saint George,SC,42,2.999,33.195098881004,-80.605260511023
72771,RACETRAC #2635,I-85 EXIT 44A,Greenville,SC,30,2.899,34.791536002479,-82.422580369963
72772,RACEWAY #6998,US-501 & SR-576,Marion,SC,42,3.01566666,34.132625094677,-79.369877818678
72773,RaceTrac #2626,I-20 Exit 472,Dallas,TX,630,2.864,32.653945761861,-96.75490125562
72774,STUCKEYS TRAVEL CENTER,I-10 EXIT 451,Orange,TX,610,2.80733333,30.275202,-93.783623
72775,CEFCO #2089,I-20 EXIT 288,Abilene,TX,575,2.76566666,32.463050426602,-99.679448058106
72776,MARATHON,"1-75, Exit 80",Sycamore                                ,GA,85,3.299,31.678718885693,-83.617932192275
72778,KWIK STAR #1208,US-75,Sioux Center,IA,530,3.199,43.040695,-96.293578
72779,KWIK TRIP #1276,"I-90/I-39, EXIT 1 & SR-75",South Beloit,IL,290,3.449,42.452556692877,-89.07238958004
72781,SHEETZ #774,I-70 & SR-83,New Concord,OH,430,3.059,39.996219060082,-81.742699797132
72782,SHEETZ #791,"I-76, Exit 57",North Jackson,OH,573,3.06566666,41.106647476074,-80.88978027917
72783,SHEETZ #770,I-70 & US-42,London,OH,315,2.999,39.955813982503,-83.375346019573
72784,Maverik Country Store #724,"I-80/US-30, EXIT 221",Rawlins                                 ,WY,838,3.289,41.771318751623,-107.084740836857
72785,GAS N WASH,US 30,Crest Hill,IL,290,3.299,41.581173,-88.123058
72786,QUIKTRIP #333,"I-135, EXIT 31",Newton,KS,570,2.949,38.039227200359,-97.322478636619
72787,QUIKTRIP #7011,"I-35, EXIT 118",Oklahoma City,OK,483,3.03233333,35.360462445268,-97.495571032755
72788,MAVERIK #700,I-25 EXIT 215,Denver,CO,800,3.289,39.799630844349,-104.985351564803
72789,RACETRAC #237,HWY 30 & ROBERT WILSON RD,Gonzales                                ,LA,600,3.17233333,30.21077220338,-90.953799016287
72791,LOVES TRAVEL STOP #850,SR-491 & RD. G,Cortez,CO,614,3.48233333,37.326578192097,-109.037470986402
72792,QUICKLEES,"I-190, EXIT 23",Niagara Falls,NY,38,3.999,43.108861287513,-78.994159863726
72793,TA EXPRESS BLAINE #917,"I-5, Exit 275",Blaine,WA,850,4.139,48.991187,-122.734173
72795,REFUEL #1337,SR-45/CR-1625,Buda                                    ,TX,595,2.999,30.094839,-97.816407
72796,PILOT DEALER #1399,"SR-303, EXIT 107",Litchfield Park,AZ,930,3.584,33.512458741933,-112.418948764358
72797,KWIK TRIP #1215,"I-94, EXIT 135",Melrose,MN,451,3.32733333,45.667111835051,-94.814711626641
72798,Casey's #4539,US-75,Rock Rapids                             ,IA,530,3.349,43.447644631623,-96.194932188729
72799,CASEYS #4384,"I-88 & SR-26, EXIT 54",Dixon,IL,520,3.499,41.84670792695,-89.483962299625
72801,CASEYS #4388,"US-64, EXIT 29",Beebe,AR,645,3.189,35.081789960268,-91.897743027313
72802,Racing Mart Store,"I-495, Exit 36A",Wrentham,MA,175,3.899,42.630181,-73.114923
72803,Llanos Country Corner,"I-10/US-83, EXIT 456 & US-377",Junction                                ,TX,740,2.919,30.507343,-99.776514
72804,7-Eleven #42174,"I-24, EXIT 211 & US-70",Nashville,TN,460,3.249,36.161556414404,-86.775499157037
72805,Stripes #42242,"SR 181, HWY 188",Sinton,TX,625,3.259,28.036746653935,-97.509504466136
72806,TA HOSSTON #939,"I-49, Exit 237",Hosston,LA,745,2.92233333,32.892584005382,-93.859852444962
72808,Allsups Convenience #2463,US-377,Aubrey,TX,630,2.899,32.4336,-97.803
72809,LOVES TRAVEL STOP #894,I-95 EXIT 305,Saint Augustine,FL,75,3.44233333,29.744768934348,-81.345011890294
72810,QUIKTRIP #7,"I-244/US-412, Exit 10",Tulsa,OK,560,3.119,36.159371815801,-95.919230850103
72811,QUIKTRIP #50,SR-51,Broken Arrow,OK,560,3.129,36.045694,-95.751823
72812,Kwik Trip #748,US 8,Barron,WI,295,3.664,45.400331,-91.834908
72813,Allsups #2425,Hwy 144,Granbury,TX,630,3.029,32.386436612494,-97.784440156838
72814,ALLSUPS #2468,"I35, EXIT 5",Thackerville,OK,253,2.91733333,33.796996481848,-97.135612379583
72815,QUIKTRIP #7194,I-74 EXIT 182,Champaign,IL,280,3.099,40.134580284832,-88.247344158667
72816,QUIKTRIP #7914,I-27 EXIT 117,Amarillo,TX,585,2.84566666,35.133956540121,-101.897919288263
72817,QUIKTRIP #4174,I-35 Exit 285,Salado,TX,765,2.91566666,30.964410478394,-97.527777235615
72818,QUIKTRIP #7174,"I-65, EXIT 168",Montgomery,AL,720,2.999,32.3303544,-86.3337833
72819,QUIKTRIP #7925,I-69W,Laredo,TX,693,2.85066666,27.618789,-99.523931
72820,QUARLES #54232,us-385,Crane                                   ,TX,710,3.88566666,31.092886517653,-102.345203241846
72821,QUARLES #54231,CR-23 & CR-33,Eunice                                  ,NM,593,3.699,32.435304998623,-103.17638603187
72822,QUARLES #54225,US-83,Abilene                                 ,TX,575,3.499,32.326861450581,-99.749704880184
72827,QUARLES #54259,FM-1936,Odessa                                  ,TX,710,3.699,31.93770182468,-102.473811639024
72828,QUARLES #54250,US-80,Abilene                                 ,TX,575,3.31233333,32.4535712,-99.7326403
72830,QUARLES #54261,"I-20, EXIT 37",Pecos                                   ,TX,710,3.749,31.406283968104,-103.550274937413
72831,QUARLES #54262,CR-64,Hobbs                                   ,NM,593,3.699,32.725679798682,-103.112055530151
72835,QUARLES #54277,SR-137,Big Lake,TX,739,3.849,31.359459097897,-101.5337091392
72836,QUARLES #54281,SR-208,Snyder,TX,700,3.66566666,33.052600994496,-100.860323847849
72837,QUARLES #54284,US-285,Loving                                  ,NM,593,3.799,31.999987252988,-104.031184126637
72839,QUARLES #54293,CR-64,Hobbs                                   ,NM,593,3.699,32.725679798682,-103.112055530151
72841,QUARLES #54296,SR-214 & CR-370,Denver City,TX,700,3.799,32.97897099656,-102.819046975495
72844,QUARLES #54332,US-285,Pecos                                   ,TX,710,3.759,31.678874932506,-103.777645608265
72847,QUARLES #54341,US-87,Big Spring                              ,TX,612,3.649,32.086636498231,-101.392577474633
72848,QUARLES #54347,US-67 ,Rankin,TX,710,3.699,31.21001031663,-101.962049490806
72849,QUARLES #54349,CR-1140,Midland                                 ,TX,710,3.66566666,32.054574854218,-102.011467726404
72851,QUARLES #54367,FM-1787,Midland,TX,710,3.799,31.698854961085,-102.076142767521
72853,QUARLES #54520,SR-589,Purvis                                  ,MS,620,2.979,31.152014255938,-89.409348765245
72855,GAS N WASH,SR 59,Plainfield,IL,399,3.599,41.588286723666,-88.161667842444
72857,7-ELEVEN #42019,SR-3 & SR-4,Yukon,OK,483,3.159,35.604656019995,-97.745286020332
72859,CASEYS #4286,SR-32,Crawfordsville,IN,375,3.56233333,40.040912724888,-86.901405755015
72860,Circle K #2707070,"SR 378, Route 467",Sumter,SC,42,2.99233333,33.95632418316,-80.412520293199
72861,SPRINT MART #4143,"I-20, EXIT 89",Vance,AL,615,3.059,33.187778505569,-87.271253062532
72863,Double Quick #92,US-61,Cleveland,MS,655,3.18233333,33.76091,-90.716147
72864,SUNSTOP #430,US-27,Bainbridge,GA,20,3.599,30.903663,-84.581428
72867,Maverik #731,I-15 EXIT 190,Helena,MT,816,3.549,46.573119321882,-111.971407279536
72868,MAVERIK #737,I-15 EXIT 116,Idaho Falls,ID,825,3.40566666,43.464689479892,-112.088837846523
72869,MAVERIK #738,I-90 EXIT 129,Gillette,WY,790,3.359,44.29506725366,-105.44291237157
72871,Maverik #727,I-8 EXIT 3,Yuma,AZ,930,3.179,32.689468669222,-114.585122423865
72872,QUIKTRIP #7926,US 59 & SR 20,Laredo,TX,693,2.859,27.528410007958,-99.445457933212
72873,QUIKTRIP #7206,I-39 EXIT 15 & US 20 ,Rockford,IL,520,3.019,42.238863464467,-88.95790311362
72874,QUIKTRIP #4076,I-35 EXIT 191,New Braunfels,TX,740,2.91566666,29.718944921515,-98.087217758446
72875,QUIKTRIP #4183,SR 195 & Shell RD,Georgetown,TX,595,2.91566666,30.724738310429,-97.673101908375
72876,QUIKTRIP #1139,"I-385, EXIT 23",Fountain Inn,SC,30,3.01733333,34.678875266069,-82.200365408297
72877,QUIKTRIP #7177,"I-10, EXIT 15A",Theodore,AL,715,2.88233333,30.579131644006,-88.171595844414
72879,QUIKTRIP #4002,US-87,Comfort,TX,595,2.96566666,29.976787,-98.903597
72880,PARKERS #97,US 80,Bloomingdale,GA,195,3.03233333,32.12497123721,-81.276089092984
72882,CASEYS #4330,"I-40, EXIT 221",Okemah,OK,483,2.92566666,35.42181316962,-96.303983661169
72884,CEFCO #435,"I-10, EXIT 44 & US-90",Loxley,AL,715,3.02566666,30.652960871076,-87.76270999387
72885,RACEWAY #6960,US-431 & Westgate PKWY,Dothan                                  ,AL,10,3.199,31.235660361701,-85.434871830714
72886,PILOT #1381,US-190 & Rose Marie Blvd,Hearne,TX,670,3.499,30.868859309155,-96.58963759467
72888,STRIPES #42591,US-87,Mason                                   ,TX,595,3.299,30.751488,-99.237118
72889,DK,SR 83,Denver City,TX,700,3.319,32.964327986532,-102.976359142612
72891,GAS N WASH,"I-57, EXIT 354",Alsip,IL,365,3.399,41.661741,-87.728456
72893,Racetrac #2586,I-95 & 20th ST,Vero Beach,FL,140,3.159,27.639441894199,-80.517811561244
72894,Allsups Convenience Store #2458,US-287 & FM-1655,Alvord,TX,630,2.899,33.371249285691,-97.693891683377
72895,Allsups#2465,SR 7,Davis,OK,569,2.96733333,34.505815,-97.103427
72896,PILOT #1283,I-45 & SR-31,Corsicana,TX,630,3.04233333,32.098357184836,-96.441051660311
72899,RACEWAY #7002,US 79 & 59,Carthage,TX,766,2.82066666,32.183474,-94.337763
72901,FATDOGS GRAND ISLAND TRAVEL CENTER,I-80 & HWY 281,Grand Island,NE,330,2.979,40.820274986709,-98.378551964824
72902,CIRCLE K #2704593,SR-24 &  SR-690,Spring Lake,NC,63,3.079,35.195761092564,-78.988147926977
72903,Kent Kwik #221,SR-338,Odessa,TX,710,2.989,31.899663,-102.317948
72904,CEFCO #112,US-281,Marble Falls,TX,595,2.929,30.617844,-98.265641
72905,TA EXPRESS PLEASANTON #445,I-37 EXIT 109,Pleasanton,TX,740,3.099,28.992561221657,-98.430580805916
72906,Maverik #734,I-25 EXIT 94,Pueblo,CO,796,3.289,38.218255254329,-104.620006649425
72907,QUIKTRIP #7913,"I-20, EXIT 20 & SR-18",Monahans,TX,710,2.859,31.59440353854,-102.892934216572
72908,QUIKTRIP #1042,"I-85, EXIT 17B & US-321",Gastonia,NC,46,3.264,35.295646718063,-81.188129588038
72909,FAT DOGS LINCOLN TC,"I-80, EXIT 399",Lincoln,NE,475,3.099,40.844305546046,-96.734592673391
72910,Ogden Cardlock (Bulk Plant),I-15 EXIT 343,Ogden                                   ,UT,835,3.489,41.2227869,-111.9703442
72912,Salina Cardlock (Bulk Plant),I-70 EXIT 56,Salina                                  ,UT,791,3.449,38.9575965,-111.8600522
72916,CASEYS #2562,SR 140 & SR 156,Ellsworth,KS,357,3.46566666,38.740063183354,-98.215619920853
72917,PETRO-CANADA,"HWY-407, EXIT 126 & CR-4",Mississauga,ON,720,3.64612848,43.687847989466,-79.69122397699
72918,QUIKTRIP #7076,"I-75, EXIT 101 ",Cordele,GA,10,3.03233333,31.956861711118,-83.750772747589
72919,QUIKTRIP #7096,I-75 & EXIT 51,Dayton,OH,317,3.03233333,39.731828113893,-84.205550814143
72920,Circle K #4701686,"I-70, Exit 224 & SR-370",Saint Peters,MO,540,3.05066666,38.798346974157,-90.585866848039
72921,CIRCLE K #4701677,"I-44, Exit 226",Sullivan,MO,540,3.324,38.226294496832,-91.154055476572
72922,SUNOCO,SR-640,Willoughby                              ,OH,305,3.859,41.642605360961,-81.41818958702
72923,76,US-84,Brookhaven                              ,MS,620,3.149,31.546096831212,-90.474084026225
72924,SHERMAN TRAVEL CENTER,SR-9 ,Senatobia,MS,435,3.029,34.349937,-88.842361
72925,AMOCO,US-52 & SR-340,Darlington,SC,135,3.199,34.297727853926,-79.880241312613
72926,Amoco,US-31 & US-10,Scottville,MI,456,3.379,43.955083598362,-86.291922687689
72927,Bell Stores #165,US-30 ,Wooster,OH,249,3.51566666,40.811988,-81.844996
72930,SPARTA CO-OP,SR-27,Sparta,WI,420,3.189,43.942792,-90.81125
72933,CHEVRON #385988,SR-124,Lithonia,GA,18,3.399,33.744500709047,-84.083350600585
72934,CIRCLE K #2706987,"I-37, Exit 118",Corpus Christi,TX,625,3.099,27.804591201821,-97.457634933187
72935,Circle K #2722258,US-17 & SR-40,Pierson,FL,140,3.40233333,29.187348782638,-81.420999095506
72936,Circle K #2707549,SR-471 & SR-48,Bushnell,FL,140,3.499,28.668310866424,-82.112175855652
72937,CIRCLE K #2723997,SR024,Stedman,NC,205,3.399,35.013275371071,-78.697571094997
72938,CIRCLE K #2723205,I-285 & CR-1642,Winston Salem,NC,65,3.52066666,35.967983,-80.223237
72939,CIRCLE K #2655872,"I-75, Exit 252B",Atlanta,GA,18,3.50566666,33.804147378574,-84.41042969004
72940,Circle K #3909,SR-236,Clarksville,TN,460,3.329,36.628743353128,-87.375559826273
72941,CIRCLE K #2740389,I-55 & US-51,Hammond,LA,600,3.249,30.468132798778,-90.48134977486
72942,CIRCLE K #2742777,US-62/180,El Paso,TX,640,3.19066666,31.826691112848,-105.917365335912
72943,CIRCLE K #2706805,SR-415 & SR-76,Port Allen,LA,600,3.359,30.450713988603,-91.245295038095
72944,Circle K #2709094,US-62 & SR-327,Lubbock,TX,700,3.099,33.595318,-101.923402
72945,CIRCLE K #2707057,SR-59 & CR-12,Foley,AL,715,3.09233333,30.355651010925,-87.683274023087
72947,Circle K #9556,SR-202,Phoenix,AZ,930,3.38566666,33.459195481539,-111.99803143243
72948,CIRCLE K #2746514,SR-23,Watford City,ND,273,3.599,47.793289,-103.282011
72949,BOURBON TRAVEL PLAZA,US-30,Bourbon                                 ,IN,370,3.499,41.293586,-86.077632
72950,Conoco,US-95,MC DERMITT,NV,966,4.299,41.997366,-117.718554
72951,DK,SR-36,Abilene,TX,575,2.849,32.270104263637,-99.588525068097
72953,GRAND AVENUE EXPRESS,I-35 & FM-372,Gainesville,TX,253,2.999,33.669039003397,-97.150962984725
72956,Handee Hugos #1,SR-87,Riegelwood                              ,NC,245,3.49733333,34.340933,-78.225679
72957,IRVING,SR-11,Augusta,ME,203,3.899,44.342170673119,-69.792763911621
72958,Jack Flash Pana,SR-16,Pana,IL,318,3.099,39.389669,-89.080486
72959,JORDANS #75,US-67,Newport,AR,418,3.299,35.666734738572,-91.192513089716
72960,KENT KWIK #206,FM-2020,Odessa,TX,710,3.02566666,31.828106636475,-102.556285546963
72963,MAVERIK #5358,"I-25, Exit 145",Colorado Springs,CO,796,3.33066666,38.878220875714,-104.835742389064
72965,Maverik #674,"I-15, Exit 45",North Las Vegas,NV,910,3.28233333,36.192073415123,-115.140627117427
72966,MCCLURE STORE #15,SR-9,Marion,IN,370,3.694,40.569736,-85.659206
72967,BINKS TENAHA QUICK STOP,US-59/US-84,Tenaha,TX,618,3.059,31.952505054481,-94.238753433034
72968,LOVES TRAVEL STOP #883,US-52 EXIT 120,Rural Hall,NC,65,3.57733333,36.234219030156,-80.33486569542
72969,LOVES TRAVEL STOP #555,US-30,Delphos,OH,411,3.30566666,40.8468653,-84.3185637
72970,PAC PRIDE,"I-96, Exit 26",Grand Rapids,MI,371,3.679,43.017869598853,-85.768286349594
72972,LOVES TRAVEL STOP #886,I-44 EXIT 29,Sarcoxie,MO,277,3.40066666,37.077955205665,-94.10806470683
72973,PETE'S 49,US-166 & US-169,Coffeyville,KS,307,3.214,37.046398519094,-95.582158628657
72974,USTOP 34,US-77,Lincoln,NE,413,3.499,39.602918934587,-75.934389669333
72975,SHEETZ #804,"I-95, Exit 41",Hope Mills,NC,63,2.859,34.936838695858,-78.925238165004
72976,RED DOG,"I-10, EXIT 72",Egan                                    ,LA,690,3.049,30.231785816548,-92.534293362974
72978,SHELL SERVICE STATION,SR-302,Byhalia,MS,435,3.099,32.365096,-88.708983
72979,RICKY ROCKETS,"I-57, EXIT 312",Kankakee,IL,399,3.379,41.115564282378,-87.834975166674
72981,Sprint Mart #2301,I-565 & CR-115,Madison,AL,742,3.49233333,34.640978008807,-86.843934965713
72982,SUNOCO,I-10 & SR-328,Breaux Bridge                           ,LA,730,2.85566666,30.295218997772,-91.915983078962
72983,SUNSTOP #303,SR-100,Lake City,FL,75,3.55066666,30.189478436432,-82.620090579874
72984,TERRIBLE HERBST #341,US-95,Indian Springs,NV,910,3.899,36.577541,-115.669441
72985,THE PRIDE OF VILLA PARK,SR-64,Villa Park                              ,IL,290,3.349,41.905041,-87.982819
72986,THE PRIDE OF ELGIN,SR-31,Elgin                                   ,IL,520,3.499,42.074389,-88.290509
72987,The Texan,US-285 & CR-116,Pecos,TX,710,2.999,31.397171002532,-103.480179982018
72988,Thorntons #221354,US-12,Lake Zurich,IL,293,3.349,42.397218,-88.183389
72989,THORNTONS #442562,SR-63,Monroe,OH,407,3.199,39.439648,-84.32505
72990,TA Express Jonesboro,I-555 EXIT 39,Jonesboro,AR,435,3.39233333,35.807529,-90.627119
72991,THORNTONS #221345,US-20 ,Hanover Park,IL,297,3.759,41.989702757909,-88.155350060275
72993,H AND R OIL COMPANY,"SR-4, EXIT 8",Lexington                               ,KY,410,3.249,38.074471,-84.502541
72995,LOVES TRAVEL STOP #569,I-84 EXIT 304,Baker City,OR,982,3.45733333,44.780848666289,-117.809955751584
72996,LOVES TRAVEL STOP #504,I-76 EXIT 232,North Lima,OH,573,3.78733333,40.969100027764,-80.658543304194
72998,83 FUEL STOP,US-83,Catarina,TX,693,2.959,28.401365041814,-99.68614416857
72999,Aeg Petroleum,US-70 & SR-467,Portales,NM,593,3.68566666,34.202670480219,-103.317726963813
73000,TXB,FM-2147,Horseshoe Bay,TX,665,2.929,30.517362401766,-98.290438294806
73003,GAS PRO TRAVEL CENTER,US-25 & SR-88,Hephzibah,GA,135,3.599,33.326016,-82.062002
73005,NOBLE,US-20,Sturbridge,MA,215,3.999,42.11675896191,-72.067212599054
73007,VALERO,"I-85, EXIT 28 & SR-100",Hogansville                             ,GA,50,3.66566666,33.160502759281,-84.86993421753
73008,MUSTANG XPRESS,US-183 & FM-1327,Austin,TX,595,3.33233333,30.093488004102,-97.693851980238
73009,THRIFT BULL TRUCK STOP,SR-103,San Augustine,TX,618,3.499,31.394764,-94.206997
73012,FUELPORT # 1,FM-143,San Antonio,TX,740,3.049,29.364345812542,-98.698038324195
73013,247 TRUCK STOP,I-40 EXIT 247,Widener,AR,435,2.999,35.053827606583,-90.692833726516
73014,CIRCLE K #2726298,SR 33 & SR 50,Mascotte,FL,140,3.539,28.578530619637,-81.887618872822
73015,76,US 40,Franklinville,NJ,150,3.169,39.590312113634,-75.101127931246
73016,PARKERS #112,SR 67,Statesboro,GA,195,3.199,32.397665,-81.757027
73017,U Stop #36,US 136 & SR 50,Tecumseh,NE,413,3.399,40.377985006374,-96.179771980354
73018,Smart Stop Travel Center,US 271 & SR 37,Bogata,TX,723,3.199,33.474045700784,-95.220082611609
73021,Circle K #2746245,I 35W EXIT 6,Minneapolis,MN,448,3.599,44.823881435752,-93.291141587999
73025,151 TRAVEL CENTER,SR 34 & N Central Rd,Darlington,SC,46,3.299,34.300414409628,-79.974242122832
73026,Gas N Wash,SR-171,Lemont,IL,290,3.499,41.659774112392,-87.968365299359
73028,PETRO HENDERSON #968,"I-11, EXIT 15A",Henderson,NV,910,3.639,35.963500762882,-114.911309144127
73029,One9 #1417,I-35 Exit 323,Lorena,TX,765,2.90233333,31.401771878158,-97.206044057184
73030,SPEED TREK TRAVEL CENTER,I-90 EXIT 25,Belvidere,IL,520,3.799,42.235016,-88.820249
73031,Travel Refresh,US 59,Corrigan                                ,TX,618,2.949,31.017822187504,-94.823811420871
73032,Parkers #110,SR 56,Augusta,GA,135,3.19233333,33.517478620853,-82.032898261465
73033,QUARLES #54242,SR-152,Pampa                                   ,TX,585,3.499,35.521485519673,-100.999463565212
73035,QUIKTRIP #7909,US-10,El Paso,TX,640,2.849,31.686037,-106.268379
73036,Maverik Country Store #741,US-80,Rock Springs,WY,827,3.30733333,41.591767,-109.218695
73037,TA EXPRESS #567,"I-20, EXIT 81 & SR-149",Ruston,LA,745,3.114,32.54161126325,-92.71239780439
73039,Spinx  #292,"I-26, EXIT 10",Inman,SC,210,3.16566666,35.081726392089,-82.063633884365
73040,TAILGATE #3,SR 21,Bryan,TX,670,3.599,30.632147298434,-96.543278373208
73041,Racetrac #182,US- 19,Hampton                                 ,GA,67,2.999,33.34788,-84.294841
73042,MAVERIK #728,Hwy 483,Lovington,NM,593,3.094,32.799520305623,-103.350942801902
73043,MAVERIK #740,"I-25, EXIT 347",Las Vegas,NM,580,3.16233333,35.622178427479,-105.20306757228
73044,Maverik #732,"US 20, EXIT 310",Idaho Falls,ID,825,3.394,43.525086769723,-112.026785297487
73045,MAVERIK #717,US-395,Spokane,WA,970,3.999,47.68236,-117.19789
73046,Refuel #63,US 501 & SR 544,Conway,SC,46,3.134,33.804112786336,-79.01655922598
73047,RACETRAC #2642,"I-70, EXIT 77",Indianapolis,IN,375,3.259,39.751167389054,-86.229307374126
73048,ALLSUPS CONVENIENCE STORE #2473,US-287,Bowie,TX,630,2.899,33.553684,-97.866502
73051,CIRCLE K #2709540,"I-10, EXIT 10 & SR-90",Sierra Vista,AZ,980,3.629,31.554723255667,-110.257503610751
73052,Circle K #2701875,US-78 E,Grovetown,GA,135,3.499,33.48586,-82.134186
73053,Circle K #2746108,"I-90/US-212, EXIT 447",Billings,MT,780,3.579,45.752373140217,-108.529949554621
73055,CIRCLE K #4707124,SR-3,Liberty,ME,203,4.099,44.385519,-69.359556
73056,CIRCLE K #2723033,"I-295, EXIT 21A & I-95",Fayetteville,NC,205,3.279,35.111503750138,-78.97626364556
73057,CIRCLE K #2703586,US-550 & SR-516,Flora Vista,NM,580,3.719,36.802486016789,-108.086288994218
73058,CIRCLE K #4707605,SR-365/SR-69/SR-49 & SR-26,Rome,NY,235,3.999,43.208573992927,-75.457484030843
73059,CIRCLE K #4705626,"I-77/US-62, EXIT 105 & SR-172",Canton,OH,249,3.459,40.798450383714,-81.374478009284
73061,Circle K #2709045,"US-62 & SR-375, EXIT 39",El Paso,TX,640,3.20233333,31.806278997942,-106.268392580686
73062,CIRCLE K #2741849,SR-358 & SR-286,Corpus Christi,TX,625,3.124,27.737229996238,-97.430621999051
73063,HOLIDAY STATIONSTORE #2746223,"I-35, EXIT 135 & US-61",Andover,MN,448,3.499,45.287503,-93.233212
73064,7-ELEVEN #42315,"I-85, Exit 88",Lexington,NC,765,3.399,35.77500480787,-80.311970247965
73065,RACETRAC #2631,"I-75, EXIT 285 & US-41/SR-3",Emerson,GA,193,2.88733333,34.13705754985,-84.736906939529
73066,QUIKTRIP #1499,I-10 EXIT 267,Tucson,AZ,980,3.06233333,32.13778316154,-110.889755868358
73067,J STARR,I-29 EXIT 8,Hankinson,ND,341,3.499,46.049847211987,-96.834727397638
73068,MAVERIK #5369,SR 21,Colorado Springs,CO,796,3.499,38.867294,-104.702306
73071,7-Eleven #42340,SR-340/SR-6,Woodway,TX,765,2.93233333,31.514809941117,-97.194680848223
73072,QUIKTRIP #7204,"I-57, EXIT 337 & SR-50",University Park,IL,365,3.179,41.449846229875,-87.757718681338
73073,QUIKTRIP #7075,"I-16/SR-404, EXIT 51 & US-441",Dublin,GA,85,2.999,32.488018996527,-82.938132277653
73074,RACETRAC #2641,HWY 59 & FM 989,Texarkana                               ,TX,723,2.85733333,33.3882478035,-94.10905842395
73075,ALLSUPS CONVENIENCE STORE #2470,SR 18,Eunice,NM,710,3.099,32.437026,-103.159892
73076,MAVERIK #5148,US 40,Kremmling,CO,800,3.679,40.05942,-106.387938
73078,Shelee's Travel Center,"I-10, Exit 146",Coachella,CA,900,3.959,33.71149,-116.177808
73079,PILOT #1433,I-10 EXIT 160,Chandler,AZ,930,3.499,33.296058603235,-111.97185478265
73080,Circle K #2707255,"I-75, Exit 60",Tifton,GA,10,3.06233333,31.433623019342,-83.519896968976
73081,ALLSUPS #2476,I-40 EXIT 38 & SR 6,Elk City,OK,483,2.93066666,35.390234154365,-99.402897730192
73082,KWIK STAR #1153,US 71,Milford,IA,433,3.324,43.34096933086,-95.149958873399
73083,Kwik Star #1213,I-380 EXIT 2,North Liberty,IA,380,3.159,41.741132,-91.6077457
73084,Kwik Trip #747,I-94 ALT & US-12,Baldwin,WI,448,3.499,44.941367,-92.373556
73085,Loves Travel Stop #550,I-75 EXIT 13,Valdosta,GA,982,3.22233333,30.775950686754,-83.293256196517
73088,Pilot Travel Center #1390,I-16 Exit  143,Ellabell,GA,135,3.28566666,32.179774416125,-81.457726308743
73090,Quiktrip #1148,I-26 EXIT 53,Flat Rock,NC,210,2.849,35.294995720077,-82.404879186925
73092,QUIKTRIP #4042,I-10,Converse,TX,740,2.94566666,29.511197,-98.30862
73093,GAS N WASH,I-355 EXIT 7,Lockport,IL,365,3.399,41.624074648914,-88.010905121917
73094,MARATHON,US-24,Taylor                                  ,MI,325,3.499,42.197564,-83.283684
73095,Quiktrip #7250,US 49,Richland,MS,760,2.91566666,32.22786,-90.158846
73096,KWIK TRIP #748,US 8,Barron,WI,295,3.64733333,45.400331,-91.834908
73098,KWIK TRIP #1269,SR 27,Cadott,WI,448,3.40066666,44.941724,-91.146048
73099,Kwik Star #1296,SR 115,Harrisburg,SD,448,2.939,43.400174626557,-96.727407888208
73100,MAVERIK #747,I-215 Exit 21,Salt Lake City,UT,835,3.39233333,40.736902875984,-111.949050480692
73101,7-ELEVEN 42279,"I-76, Exit 39",Keenesburg,CO,800,3.149,40.115746500756,-104.517217334472
73103,RaceTrac #2654,I-20 EXIT 130,Greensboro,GA,16,3.399,33.546392606916,-83.200912899134
73106,ALLSUPS CONVENIENCE STORE #2472,US-75,Atoka,OK,253,2.96733333,34.323454,-96.16551
73112,SHEETZ #831,I-26 EXIT 44 & US 25,Hendersonville,NC,210,2.859,35.400724638018,-82.51135660221
73114,ROAD RANGER #319,"I-35E, EXIT 381",Milford,TX,630,3.03066666,32.132702615116,-96.957388880179
73117,MAVERIK #722,"I-29, EXIT 304",Baker City,OR,925,3.459,44.780848666289,-117.809955751584
73118,ALLSUPS #2432,US 287 & SR 34,Ennis,TX,630,2.929,32.300579609489,-96.638994913846
73119,Stinker #122,I-84 EXIT 36,Nampa,ID,785,3.40233333,43.598885485015,-116.550034475426
73120, Kwik Star #1184,US 61,Dubuque,IA,335,3.489,42.505685264083,-90.660083716951
73125,KWIK TRIP #1283,SR 83 & W CAPITOL DR,Hartland,WI,444,3.749,43.102544007405,-88.362753004005
73126,Kwik Trip #1298,US 10,Mondovi,WI,295,3.349,44.568059,-91.664299
73127,Gas N Wash,"I-55, EXIT 285",Chicago                                 ,IL,290,3.399,41.812688914816,-87.757889644448
73128,ALLSUPS CONVENIENCE STORE #2477,HWY 69 & 11th st ,Kiowa,OK,253,2.95733333,34.717979996799,-95.900643037586
73129,SHEETZ #837,I-94,Romulus,MI,325,3.099,42.245608,-83.325832
73130,A One Stop,"I-45, EXIT 246",Ennis,TX,630,2.93566666,32.288116412437,-96.549086447964
73131,Sheetz #838,"I-85, Exit 71",Salisbury,NC,46,2.859,35.60886468233,-80.520175607282
